sasdate,RPI,W875RX1,DPCERA3M086SBEA,CMRMTSPLx,RETAILx,INDPRO,IPFPNSS,IPFINAL,IPCONGD,IPDCONGD,IPNCONGD,IPBUSEQ,IPMAT,IPDMAT,IPNMAT,IPMANSICS,IPB51222S,IPFUELS,CUMFNS,HWI,HWIURATIO,CLF16OV,CE16OV,UNRATE,UEMPMEAN,UEMPLT5,UEMP5TO14,UEMP15OV,UEMP15T26,UEMP27OV,CLAIMSx,PAYEMS,USGOOD,CES1021000001,USCONS,MANEMP,DMANEMP,NDMANEMP,SRVPRD,USTPU,USWTRADE,USTRADE,USFIRE,USGOVT,CES0600000007,AWOTMAN,AWHMAN,HOUST,HOUSTNE,HOUSTMW,HOUSTS,HOUSTW,PERMIT,PERMITNE,PERMITMW,PERMITS,PERMITW,ACOGNO,AMDMNOx,ANDENOx,AMDMUOx,BUSINVx,ISRATIOx,M1SL,M2SL,M2REAL,BOGMBASE,TOTRESNS,NONBORRES,BUSLOANS,REALLN,NONREVSL,CONSPI,S&P 500,S&P div yield,S&P PE ratio,FEDFUNDS,CP3Mx,TB3MS,TB6MS,GS1,GS5,GS10,AAA,BAA,COMPAPFFx,TB3SMFFM,TB6SMFFM,T1YFFM,T5YFFM,T10YFFM,AAAFFM,BAAFFM,TWEXAFEGSMTHx,EXSZUSx,EXJPUSx,EXUSUKx,EXCAUSx,WPSFD49207,WPSFD49502,WPSID61,WPSID62,OILPRICEx,PPICMM,CPIAUCSL,CPIAPPSL,CPITRNSL,CPIMEDSL,CUSR0000SAC,CUSR0000SAD,CUSR0000SAS,CPIULFSL,CUSR0000SA0L2,CUSR0000SA0L5,PCEPI,DDURRG3M086SBEA,DNDGRG3M086SBEA,DSERRG3M086SBEA,CES0600000008,CES2000000008,CES3000000008,UMCSENTx,DTCOLNVHFNM,DTCTHFNM,INVEST,VIXCLSx
Transform:,5.0,5.0,5.0,5.0,5.0,5.0,5.0,5.0,5.0,5.0,5.0,5.0,5.0,5.0,5.0,5.0,5.0,5.0,2.0,2.0,2.0,5.0,5.0,2.0,2.0,5.0,5.0,5.0,5.0,5.0,5,5.0,5.0,5.0,5.0,5.0,5.0,5.0,5.0,5.0,5.0,5.0,5.0,5.0,1.0,2.0,1.0,4.0,4.0,4.0,4.0,4.0,4.0,4.0,4.0,4.0,4.0,5.0,5.0,5.0,5.0,5.0,2.0,6.0,6.0,5.0,6.0,6.0,7.0,6.0,6.0,6.0,2.0,5.0,2.0,5.0,2.0,2.0,2.0,2.0,2.0,2.0,2.0,2.0,2.0,1.0,1.0,1.0,1.0,1.0,1.0,1.0,1.0,5.0,5.0,5.0,5.0,5.0,6.0,6.0,6.0,6.0,6.0,6.0,6.0,6.0,6.0,6.0,6.0,6.0,6.0,6.0,6.0,6.0,6.0,6.0,6.0,6.0,6.0,6.0,6.0,2.0,6.0,6.0,6.0,1.0
1/1/1959,2583.56,2426.0,15.188,276676.8154,17689.23968,21.9616,23.3868,22.262,31.6664,18.9498,38.1496,8.0538,20.0318,11.987,30.6611,20.8325,19.9173,34.6443,80.1973,1357.0,0.333579154,67936.0,63868.0,6.0,16.3,1574.0,1169.0,1396.0,594.0,802.0,291078,52478.0,18796.0,713.0,2993.0,14998.0,8740.0,6258.0,33682.0,10774.0,2568.7,5350.3,2418.0,8105.0,39.8,2.5,40.2,1657.0,350.0,452.0,505.0,350.0,,,,,,,14716.48296,,42620.34624,84116.06178,1.56,138.9,286.6,987.9,50.5,18.9,18.3,35.213,24.9242,48961.16,124.9646759,55.62,3.158342323,18.44574135,2.48,3.3,2.82,3.09,3.36,4.01,4.02,4.12,4.87,0.82,0.34,0.61,0.88,1.53,1.54,1.64,2.39,,4.3122,359.8417,2.8065,0.9671,33.1,33.4,30.6,31.6,3.0,32.5,29.01,44.8,29.3,21.1,33.3,38.1,22.9,28.9,30.7,29.6,15.164,63.517,18.294,10.152,2.13,2.45,2.04,,6476.0,12298.0,84.2043,
2/1/1959,2593.596,2434.8,15.346,278713.9773,17819.01912,22.3917,23.7024,22.4549,31.8987,19.0492,38.5142,8.1616,20.6662,12.5391,31.198,21.2154,19.8631,34.1724,81.4428,1421.0,0.358385876,67649.0,63684.0,5.9,15.5,1554.0,1164.0,1277.0,545.0,732.0,282958,52688.0,18890.0,704.2,2980.0,15115.0,8839.0,6276.0,33798.0,10816.0,2575.4,5381.3,2420.0,8116.0,39.7,2.6,40.3,1667.0,346.0,469.0,508.0,344.0,,,,,,,15400.24873,,43677.15151,84405.65116,1.539337748,139.4,287.7,992.1,49.8,18.6,18.1,35.2201,25.227,49513.71,125.7650749,54.77,3.219517984,18.41811903,2.43,3.26,2.7,3.13,3.54,3.96,3.96,4.14,4.89,0.83,0.27,0.7,1.11,1.53,1.53,1.71,2.46,,4.3133,359.8417,2.8093,0.9748,33.2,33.4,30.7,31.4,3.0,32.5,29.0,44.7,29.4,21.2,33.3,38.1,23.0,28.9,30.7,29.6,15.179,63.554,18.302,10.167,2.14,2.46,2.05,,6476.0,12298.0,83.528,
3/1/1959,2610.396,2452.7,15.491,277775.2539,17967.91336,22.7142,23.8459,22.5651,31.8987,19.4223,38.3319,8.2498,21.203,13.0331,31.6666,21.5473,19.9986,35.0375,82.4769,1524.0,0.400947119,68068.0,64267.0,5.6,15.3,1459.0,1093.0,1210.0,530.0,680.0,260346,53014.0,19069.0,704.1,3013.0,15259.0,8965.0,6294.0,33945.0,10873.0,2584.4,5431.6,2430.0,8132.0,40.0,2.8,40.4,1620.0,330.0,413.0,503.0,374.0,,,,,,,15745.42348,,44781.64655,84840.03523,1.529006623,139.7,289.2,998.3,49.7,18.4,17.8,35.1304,25.4218,50007.73,126.1229004,56.16,3.151709402,18.99935148,2.8,3.35,2.8,3.13,3.61,3.99,3.99,4.13,4.85,0.55,0.0,0.33,0.81,1.19,1.19,1.33,2.05,,4.3228,359.8417,2.8127,0.9698,33.2,33.3,30.7,31.5,2.97,32.9,28.97,44.7,29.6,21.3,33.2,38.3,23.0,28.9,30.7,29.6,15.189,63.634,18.289,10.185,2.15,2.45,2.07,,6508.0,12349.0,81.6405,
4/1/1959,2627.446,2470.0,15.435,283362.7075,17978.97983,23.1981,24.1903,22.8957,32.4019,19.5466,38.97,8.4654,21.7886,13.4254,32.6474,22.0069,20.0799,34.8802,83.9922,1589.0,0.444973397,68339.0,64768.0,5.2,14.9,1494.0,934.0,1039.0,408.0,631.0,246413,53321.0,19269.0,705.2,3085.0,15385.0,9077.0,6308.0,34052.0,10905.0,2596.9,5395.4,2439.0,8142.0,40.2,2.9,40.5,1590.0,275.0,391.0,536.0,388.0,,,,,,,15919.42165,,45522.74556,85979.08679,1.529006623,139.7,290.1,1001.0,50.1,18.7,18.0,35.5581,25.7261,50463.43,126.1901225,57.1,3.11150613,19.27297347,2.96,3.42,2.95,3.27,3.72,4.12,4.12,4.23,4.86,0.46,-0.01,0.31,0.76,1.16,1.16,1.27,1.9,,4.3226,359.8417,2.8165,0.9636,33.2,33.4,30.7,31.7,2.97,32.7,28.98,44.8,29.7,21.3,33.2,38.3,23.1,29.0,30.7,29.6,15.219,63.698,18.3,10.221,2.16,2.47,2.08,,6620.0,12484.0,81.8099,
5/1/1959,2642.72,2486.4,15.622,285307.2201,18119.82573,23.5476,24.3911,23.1161,32.5567,19.9445,38.97,8.7397,22.3498,13.8904,32.9407,22.3132,20.3779,34.2117,84.9159,1655.0,0.475711411,68178.0,64699.0,5.1,14.7,1479.0,1005.0,965.0,390.0,575.0,246952,53550.0,19378.0,710.0,3087.0,15487.0,9160.0,6327.0,34172.0,10949.0,2607.4,5456.3,2447.0,8153.0,40.3,2.9,40.7,1498.0,260.0,355.0,487.0,396.0,,,,,,,15248.8233,,45384.44523,86471.38873,1.518675497,140.7,292.2,1006.2,50.1,18.6,17.8,36.3064,26.0187,51007.24,126.7575547,57.96,3.076828847,19.49413505,2.9,3.56,2.84,3.33,3.96,4.35,4.31,4.37,4.96,0.66,-0.06,0.43,1.06,1.45,1.41,1.47,2.06,,4.3228,359.8417,2.8145,0.963,33.3,33.3,30.9,31.5,2.97,32.9,29.04,44.9,29.7,21.4,33.3,38.4,23.2,29.1,30.7,29.6,15.227,63.804,18.28,10.238,2.17,2.48,2.08,95.3,6753.0,12646.0,80.7315,
6/1/1959,2650.841,2493.9,15.679,285279.593,18284.81665,23.5744,24.5633,23.2814,32.4019,20.0937,38.6966,8.9455,22.2034,13.7887,32.8419,22.3388,20.4863,34.2117,84.7686,1717.0,0.500729076,68278.0,64849.0,5.0,14.9,1522.0,963.0,963.0,415.0,548.0,258258,53681.0,19462.0,715.0,3100.0,15554.0,9209.0,6345.0,34219.0,10968.0,2614.8,5467.8,2454.0,8143.0,40.2,2.9,40.6,1503.0,254.0,343.0,518.0,388.0,,,,,,,15961.74553,,45731.62674,87340.15687,1.529006623,141.2,294.1,1010.3,50.3,18.5,17.5,37.1404,26.2668,51675.44,127.6567194,57.46,3.115210581,19.10270492,3.39,3.83,3.21,3.52,4.07,4.5,4.34,4.46,5.04,0.44,-0.18,0.13,0.68,1.11,0.95,1.07,1.65,,4.3115,359.8417,2.8125,0.959,33.2,33.4,30.9,31.3,2.97,33.0,29.11,45.0,29.8,21.5,33.3,38.4,23.2,29.2,30.8,29.7,15.271,63.931,18.321,10.275,2.17,2.5,2.09,,6956.0,12926.0,78.6972,
7/1/1959,2649.304,2492.0,15.626,288768.1868,18278.7804,23.0099,24.592,23.4743,32.8277,20.4916,39.0156,8.965,20.8858,12.4083,32.9976,21.9303,20.7573,33.4253,82.9798,1723.0,0.488378685,68539.0,65011.0,5.1,14.3,1591.0,1047.0,889.0,394.0,495.0,263248,53804.0,19529.0,725.3,3087.0,15623.0,9266.0,6357.0,34275.0,10977.0,2617.0,5471.4,2460.0,8173.0,39.9,2.8,40.3,1547.0,271.0,371.0,533.0,372.0,,,,,,,14743.75835,,45367.27691,88015.86542,1.56,141.7,295.2,1012.7,50.8,18.7,17.7,37.6645,26.4697,52356.85,129.1486187,59.74,3.007482424,19.54911187,3.47,3.98,3.2,3.82,4.39,4.58,4.4,4.47,5.08,0.51,-0.27,0.35,0.92,1.11,0.93,1.0,1.61,,4.3096,359.8417,2.8117,0.9573,33.1,33.3,30.8,31.0,2.97,32.7,29.15,45.1,29.9,21.5,33.3,38.5,23.3,29.2,30.9,29.8,15.303,63.962,18.34,10.312,2.17,2.51,2.09,,7132.0,13199.0,78.9984,
8/1/1959,2634.369,2477.7,15.72,273993.2729,18395.48129,22.2304,24.4198,23.4192,32.8665,19.9196,39.4714,8.8867,19.2998,10.9118,32.876,21.0623,20.8928,33.9758,79.4676,1638.0,0.456521739,68432.0,64844.0,5.2,13.7,1607.0,1113.0,889.0,407.0,482.0,287143,53336.0,19049.0,667.0,3085.0,15202.0,8826.0,6376.0,34287.0,11004.0,2657.7,5489.0,2464.0,8181.0,40.0,2.9,40.4,1430.0,230.0,350.0,474.0,376.0,,,,,,,14046.82514,,45353.92378,88160.66011,1.590993378,141.9,296.4,1015.8,50.7,18.6,17.6,38.089,26.6349,53038.53,131.3810503,59.4,3.035909091,19.18847519,3.5,3.97,3.38,3.87,4.42,4.57,4.43,4.43,5.09,0.47,-0.12,0.37,0.92,1.07,0.93,0.93,1.59,,4.3144,359.8417,2.8095,0.9546,33.0,33.1,30.8,30.7,2.97,32.4,29.18,45.2,29.9,21.6,33.3,38.4,23.4,29.3,30.9,29.8,15.325,63.665,18.375,10.342,2.17,2.53,2.07,,7309.0,13471.0,77.3045,
9/1/1959,2636.381,2477.7,15.878,278039.483,18155.03721,22.2035,24.3051,23.3365,32.7503,19.3228,39.6993,8.8181,19.2755,10.8682,32.9193,21.0112,21.3264,33.7399,79.0489,1605.0,0.425165563,68545.0,64770.0,5.5,13.7,1602.0,1275.0,895.0,449.0,446.0,273947,53428.0,19052.0,652.5,3051.0,15254.0,8873.0,6381.0,34376.0,10991.0,2640.4,5484.4,2470.0,8239.0,40.0,2.8,40.4,1540.0,242.0,362.0,560.0,376.0,,,,,,,14429.62111,,46039.70265,87784.19392,1.580662252,141.0,296.7,1014.4,50.7,18.6,17.7,38.2605,26.7848,53683.75,132.5197482,57.05,3.172655565,18.12575343,3.76,4.63,4.04,4.7,5.0,4.9,4.68,4.52,5.18,0.87,0.28,0.94,1.24,1.14,0.92,0.76,1.42,,4.3251,360.1008,2.8037,0.9517,33.4,33.6,30.8,30.9,2.97,32.9,29.25,45.3,30.0,21.7,33.5,38.5,23.5,29.3,31.0,29.9,15.365,63.773,18.423,10.373,2.17,2.54,2.08,,7393.0,13657.0,76.8926,
10/1/1959,2639.735,2480.6,15.77,278490.1725,18287.83478,22.0422,24.2477,23.2263,32.5955,19.7704,39.198,8.7495,19.0803,10.6938,32.3051,20.8325,21.3806,33.5432,78.1537,1553.0,0.397186701,68821.0,64911.0,5.7,12.9,1750.0,1292.0,883.0,436.0,447.0,312319,53358.0,18925.0,655.6,3016.0,15158.0,8803.0,6355.0,34433.0,10994.0,2644.5,5494.3,2477.0,8265.0,39.6,2.8,40.1,1355.0,254.0,305.0,443.0,353.0,,,,,,,14702.375,,46639.63994,88064.13032,1.590993378,140.5,296.5,1010.2,50.7,18.6,17.7,38.4113,26.9735,54365.95,133.7086818,57.0,3.187140351,17.80774664,3.98,4.73,4.05,4.53,4.8,4.72,4.53,4.57,5.28,0.75,0.07,0.55,0.82,0.74,0.55,0.59,1.3,,4.3388,360.2305,2.8063,0.9478,33.1,33.2,30.8,30.7,2.97,33.2,29.35,45.3,30.1,21.7,33.5,38.5,23.6,29.4,31.0,29.9,15.402,63.728,18.467,10.408,2.17,2.56,2.07,,7466.0,13804.0,76.2235,
11/1/1959,2659.765,2497.2,15.763,268450.0374,17805.94057,22.1766,23.9894,22.8406,31.8987,17.3333,39.7449,8.6123,19.8366,11.4058,32.3598,20.9857,21.5161,34.8409,78.5051,1617.0,0.40394704,68533.0,64530.0,5.8,13.1,1745.0,1205.0,982.0,505.0,477.0,350763,53634.0,19108.0,686.0,3025.0,15300.0,8922.0,6378.0,34526.0,11014.0,2650.0,5503.7,2483.0,8284.0,39.6,2.5,39.9,1416.0,246.0,326.0,500.0,344.0,,,,,,,13876.58909,,46544.2604,87977.25351,1.590993378,140.4,297.1,1012.3,50.9,18.6,17.8,38.6978,27.1343,54794.81,133.6784826,57.23,3.185968897,17.65735595,4.0,4.67,4.15,4.54,4.81,4.75,4.53,4.56,5.26,0.67,0.15,0.54,0.81,0.75,0.53,0.56,1.26,,4.3403,360.2305,2.8027,0.9504,33.0,33.1,30.9,30.5,2.97,33.9,29.35,45.3,30.1,21.8,33.5,38.5,23.6,29.4,31.0,29.9,15.412,63.779,18.436,10.435,2.17,2.57,2.07,93.8,7448.0,13889.0,75.8793,
12/1/1959,2687.012,2525.8,15.745,282104.7801,17723.44511,23.5475,24.7068,23.3916,32.9439,19.5466,39.8816,8.7397,21.9594,13.4981,33.1631,22.4153,21.5974,34.369,83.5682,1545.0,0.422940049,68994.0,65341.0,5.3,13.1,1657.0,1122.0,920.0,453.0,467.0,271771,54174.0,19425.0,694.5,3058.0,15573.0,9189.0,6384.0,34749.0,11068.0,2661.7,5527.9,2491.0,8368.0,40.0,2.7,40.3,1601.0,256.0,395.0,592.0,358.0,,,,,,,15165.11607,,46134.12839,88932.89846,1.56,139.9,297.8,1012.6,51.5,19.0,18.0,39.2932,27.5059,56010.68,135.0957067,59.06,3.098543854,18.00127287,3.99,4.88,4.49,4.85,5.14,5.01,4.69,4.58,5.28,0.89,0.5,0.86,1.15,1.02,0.7,0.59,1.29,,4.324,360.2305,2.7984,0.9513,33.0,33.1,30.9,30.3,2.97,33.7,29.41,45.3,30.1,21.8,33.5,38.5,23.7,29.5,31.1,30.0,15.43,63.808,18.44,10.457,2.2,2.56,2.11,,7389.0,14058.0,76.1711,
1/1/1960,2695.694,2537.6,15.789,286930.9859,18201.31515,24.1658,25.3094,24.0804,33.9891,21.6853,40.0639,9.063,22.5938,14.0357,33.6724,23.0281,21.4077,33.9365,85.5616,1971.0,0.545228216,68962.0,65347.0,5.2,13.5,1638.0,1045.0,915.0,450.0,465.0,276008,54274.0,19491.0,686.0,3021.0,15687.0,9289.0,6398.0,34783.0,11095.0,2657.9,5554.1,2496.0,8307.0,40.1,3.0,40.6,1460.0,274.0,358.0,506.0,322.0,1092.0,246.0,253.0,331.0,262.0,,14584.80867,,44858.90398,89695.48383,1.549668874,140.0,298.2,1015.3,50.7,18.8,18.0,39.6291,27.623,56015.58,134.750012,58.03,3.216732724,17.54713756,3.99,4.91,4.35,4.74,5.03,4.92,4.72,4.61,5.34,0.92,0.36,0.75,1.04,0.93,0.73,0.62,1.35,,4.3268,360.3604,2.7998,0.9532,33.1,33.2,30.8,30.4,2.97,34.2,29.37,45.3,30.0,21.9,33.5,38.5,23.7,29.6,31.1,29.9,15.421,63.672,18.41,10.466,2.22,2.57,2.13,,7362.0,14063.0,75.4515,
2/1/1960,2698.789,2539.9,15.858,291093.6977,18268.71997,23.9508,25.1659,23.9978,33.602,21.3869,39.6537,9.1218,22.301,13.8032,33.4661,22.8494,21.3806,34.2904,84.6108,1971.0,0.592069691,68949.0,65620.0,4.8,13.1,1431.0,1034.0,841.0,412.0,429.0,270543,54513.0,19605.0,690.9,3053.0,15765.0,9358.0,6407.0,34908.0,11130.0,2662.6,5578.0,2506.0,8326.0,39.7,2.8,40.3,1503.0,269.0,383.0,487.0,364.0,1088.0,232.0,256.0,305.0,295.0,,14535.90107,,43828.80497,90699.39368,1.570331126,139.9,298.4,1014.6,49.6,18.2,17.4,39.7872,27.696,56364.63,135.2967595,55.78,3.412208677,16.64332894,3.97,4.66,3.96,4.3,4.66,4.69,4.49,4.56,5.34,0.69,-0.01,0.33,0.69,0.72,0.52,0.59,1.37,,4.3376,360.6203,2.8033,0.9517,33.1,33.2,30.9,30.4,2.97,34.3,29.41,45.5,30.0,22.0,33.4,38.5,23.8,29.6,31.1,30.0,15.437,63.775,18.411,10.484,2.23,2.59,2.14,100.0,7396.0,14144.0,73.3363,
3/1/1960,2703.859,2542.2,16.083,283044.8908,18248.59913,23.7357,25.0798,23.9702,33.6407,20.9641,40.0183,9.1414,21.935,13.3673,33.4808,22.5685,22.1935,34.6443,83.2421,1885.0,0.505904455,68399.0,64673.0,5.4,13.0,1666.0,1120.0,959.0,519.0,440.0,308942,54454.0,19373.0,689.2,2881.0,15707.0,9301.0,6406.0,35081.0,11117.0,2666.8,5573.0,2513.0,8525.0,39.5,2.7,40.0,1109.0,146.0,206.0,428.0,329.0,955.0,166.0,189.0,273.0,327.0,,14375.07033,,42848.30333,91442.67308,1.601324503,139.8,299.3,1017.7,49.5,18.0,17.4,40.018,27.7862,56862.88,136.1659004,55.02,3.525990549,16.29469522,3.84,4.49,3.31,3.61,4.02,4.31,4.25,4.49,5.25,0.65,-0.53,-0.23,0.18,0.47,0.41,0.65,1.41,,4.3369,360.6203,2.8059,0.951,33.4,33.6,30.9,30.7,2.97,34.2,29.41,45.5,29.9,22.1,33.5,38.4,23.9,29.6,31.1,30.0,15.446,63.589,18.445,10.49,2.24,2.69,2.14,,7456.0,14239.0,71.5296,
4/1/1960,2713.243,2551.4,16.331,285847.3937,18727.47521,23.5476,25.1372,23.9978,33.873,20.9392,40.4285,9.0434,21.4226,12.8878,33.1875,22.3898,22.2206,35.706,82.2593,1845.0,0.509668508,69579.0,65959.0,5.2,12.6,1735.0,1002.0,896.0,465.0,431.0,299584,54813.0,19446.0,692.9,3004.0,15654.0,9242.0,6412.0,35367.0,11279.0,2677.3,5671.2,2520.0,8534.0,39.8,2.3,40.0,1289.0,218.0,288.0,466.0,317.0,1016.0,189.0,244.0,286.0,297.0,,14220.82331,,42054.74558,91452.32606,1.590993378,139.6,300.1,1015.9,49.7,18.1,17.5,40.5152,27.8319,57711.4,137.212078,55.73,3.48704468,16.35770331,3.92,4.16,3.23,3.55,4.04,4.29,4.28,4.45,5.2,0.24,-0.69,-0.37,0.12,0.37,0.36,0.53,1.28,,4.3388,360.2305,2.8095,0.963,33.4,33.6,30.8,30.8,2.97,34.1,29.54,45.6,29.9,22.2,33.6,38.3,23.9,29.6,31.2,30.1,15.502,63.665,18.561,10.512,2.23,2.61,2.14,,7582.0,14413.0,71.4718,
5/1/1960,2719.777,2557.6,16.002,276978.5849,18447.79548,23.5207,25.2807,24.1631,34.0665,21.1382,40.5653,9.0728,21.2274,12.7135,33.2394,22.2622,21.9496,34.723,81.4711,1822.0,0.510507145,69626.0,66057.0,5.1,11.9,1718.0,1074.0,797.0,408.0,389.0,317341,54475.0,19374.0,685.8,3021.0,15575.0,9169.0,6406.0,35101.0,11157.0,2671.7,5596.8,2523.0,8432.0,39.6,2.6,40.1,1271.0,215.0,298.0,458.0,300.0,1052.0,224.0,240.0,302.0,286.0,,14392.94042,,41591.20103,92002.54588,1.621986755,139.6,300.9,1017.6,49.7,18.2,17.7,40.8926,27.8235,57951.03,137.292182,55.22,3.525298805,16.17449529,3.85,4.25,3.29,3.58,4.21,4.49,4.35,4.46,5.28,0.4,-0.56,-0.27,0.36,0.64,0.5,0.61,1.43,,4.3245,360.4903,2.806,0.9781,33.4,33.6,30.8,30.8,2.97,34.1,29.57,45.7,29.8,22.2,33.6,38.2,24.0,29.6,31.3,30.1,15.518,63.658,18.553,10.54,2.24,2.64,2.14,93.3,7673.0,14559.0,71.6858,
6/1/1960,2721.855,2557.0,15.998,279357.6743,18422.64443,23.225,24.9938,23.8876,33.8343,20.9144,40.3374,8.9553,20.8858,12.3066,33.2686,22.0069,22.0851,34.5657,80.2236,1782.0,0.473181094,69934.0,66168.0,5.4,11.9,1738.0,1182.0,854.0,458.0,396.0,321768,54348.0,19240.0,682.0,2999.0,15466.0,9078.0,6388.0,35108.0,11147.0,2668.0,5594.8,2528.0,8432.0,39.5,2.4,39.9,1247.0,208.0,323.0,408.0,308.0,958.0,176.0,213.0,285.0,284.0,,14668.51589,,41404.25714,92205.25845,1.632317881,139.6,302.3,1020.9,50.0,18.3,17.9,41.3564,27.7933,58387.06,138.1615239,57.26,3.405518687,16.73863965,3.32,3.81,2.46,2.74,3.36,4.12,4.15,4.45,5.26,0.49,-0.86,-0.58,0.04,0.8,0.83,1.13,1.94,,4.315,361.2717,2.8027,0.9824,33.4,33.6,30.9,30.4,2.97,34.2,29.61,45.7,29.8,22.2,33.6,38.1,24.0,29.6,31.3,30.1,15.525,63.485,18.549,10.56,2.24,2.64,2.14,,7805.0,14816.0,71.1864,
7/1/1960,2726.734,2561.9,16.031,277446.1706,18237.53267,23.1443,24.8503,23.7498,33.5246,20.1186,40.4286,8.8475,20.9102,12.3793,32.9928,21.9558,22.3019,35.4308,79.7275,1717.0,0.447601668,69745.0,65909.0,5.5,12.6,1709.0,1184.0,921.0,521.0,400.0,334039,54306.0,19170.0,663.1,3002.0,15413.0,9035.0,6378.0,35136.0,11142.0,2667.0,5597.3,2536.0,8442.0,39.6,2.4,39.9,1197.0,198.0,306.0,394.0,299.0,999.0,219.0,224.0,268.0,288.0,,14169.09412,,40797.64328,92572.07166,1.642649007,140.2,304.1,1029.1,50.5,18.5,18.1,41.3958,27.8032,58746.71,138.5208913,55.84,3.492120344,16.40282021,3.23,3.39,2.3,2.71,3.2,3.79,3.9,4.41,5.22,0.16,-0.93,-0.52,-0.03,0.56,0.67,1.18,1.99,,4.3135,359.3245,2.8084,0.9786,33.5,33.7,30.8,30.4,2.97,34.2,29.55,45.8,29.8,22.3,33.5,38.1,24.1,29.7,31.3,30.1,15.553,63.491,18.578,10.586,2.25,2.66,2.14,,7853.0,15028.0,73.002,
8/1/1960,2722.383,2555.4,16.016,277095.3541,18299.90728,23.1175,24.7929,23.7498,33.602,20.3424,40.4286,8.7299,20.8126,12.3066,32.8194,21.8537,22.3832,35.1555,79.0505,1696.0,0.429802332,69841.0,65895.0,5.6,12.2,1746.0,1287.0,927.0,517.0,410.0,361521,54272.0,19105.0,682.8,2973.0,15360.0,9007.0,6353.0,35167.0,11141.0,2691.3,5592.3,2543.0,8472.0,39.4,2.4,39.7,1344.0,229.0,283.0,479.0,353.0,994.0,208.0,230.0,270.0,286.0,,15031.56072,,41114.30334,92398.31804,1.652980133,141.3,306.9,1036.5,50.3,18.5,18.2,41.3249,27.8468,58947.15,138.9935157,56.51,3.450716687,16.6785834,2.98,3.34,2.3,2.59,2.95,3.62,3.8,4.28,5.08,0.36,-0.68,-0.39,-0.03,0.64,0.82,1.3,2.1,,4.3107,358.8088,2.8102,0.9699,33.4,33.6,30.8,29.8,2.97,34.2,29.61,45.8,29.8,22.3,33.6,38.1,24.1,29.7,31.3,30.2,15.579,63.505,18.619,10.604,2.26,2.68,2.15,97.2,7881.0,15208.0,73.0803,
9/1/1960,2725.93,2556.1,16.092,281589.7872,18282.80457,22.8755,24.592,23.6121,33.4471,20.0937,40.2918,8.6515,20.471,12.1468,32.5878,21.6239,22.5729,35.1555,77.9187,1631.0,0.419927909,70151.0,66267.0,5.5,12.9,1677.0,1213.0,982.0,516.0,466.0,353888,54227.0,19057.0,678.3,2959.0,15330.0,8985.0,6345.0,35170.0,11124.0,2676.7,5591.1,2549.0,8494.0,39.1,2.3,39.4,1097.0,194.0,292.0,384.0,227.0,984.0,205.0,220.0,264.0,295.0,,14926.22129,,41223.03602,92552.7657,1.632317881,141.2,308.4,1041.5,49.9,18.6,18.3,41.4006,27.9041,59364.65,139.7144034,54.81,3.557744937,16.25687907,2.6,3.39,2.48,2.83,3.07,3.61,3.8,4.25,5.01,0.79,-0.12,0.23,0.47,1.01,1.2,1.65,2.41,,4.3068,358.8088,2.8127,0.9726,33.4,33.7,30.8,30.0,2.97,34.2,29.61,45.9,29.6,22.4,33.6,37.9,24.2,29.7,31.3,30.2,15.588,63.227,18.63,10.626,2.26,2.68,2.16,,7854.0,15282.0,74.0062,
10/1/1960,2733.981,2564.1,16.17,276281.2293,18443.77131,22.8487,24.7355,23.7223,33.7956,20.3175,40.702,8.5829,20.3978,12.0015,32.3913,21.5984,22.6,35.3521,77.5287,1564.0,0.367826905,69884.0,65632.0,6.1,13.5,1766.0,1282.0,1189.0,623.0,566.0,375119,54142.0,18952.0,677.2,2956.0,15231.0,8902.0,6329.0,35190.0,11117.0,2672.0,5596.8,2548.0,8502.0,39.4,2.4,39.7,1246.0,286.0,272.0,386.0,302.0,972.0,196.0,232.0,263.0,281.0,,13829.56256,,40473.35285,92475.54187,1.642649007,140.9,309.5,1040.3,50.1,18.8,18.6,41.5247,27.9869,59628.99,139.7445278,53.73,3.629257398,15.90630226,2.47,3.3,2.3,2.73,3.04,3.76,3.89,4.3,5.11,0.83,-0.17,0.26,0.57,1.29,1.42,1.83,2.64,,4.3083,358.8088,2.8116,0.9787,33.7,34.0,30.8,30.2,2.97,34.3,29.75,46.0,29.6,22.4,33.7,37.9,24.2,29.7,31.4,30.3,15.606,63.174,18.661,10.639,2.27,2.69,2.16,,7812.0,15276.0,75.8775,
11/1/1960,2722.236,2549.4,16.114,273580.9078,18180.18826,22.5261,24.4772,23.4467,33.1762,19.6461,40.2918,8.5633,19.861,11.493,32.0521,21.1899,22.6813,34.8016,75.7724,1540.0,0.355658199,70439.0,66109.0,6.1,13.9,1718.0,1367.0,1223.0,673.0,550.0,383790,53961.0,18799.0,666.3,2936.0,15112.0,8802.0,6310.0,35162.0,11076.0,2667.4,5575.0,2557.0,8516.0,39.0,2.1,39.3,1246.0,302.0,277.0,391.0,276.0,979.0,205.0,223.0,274.0,277.0,,13856.83795,,40035.56078,92523.80677,1.652980133,140.9,310.9,1044.0,50.3,19.0,18.9,41.6827,27.9885,59874.01,140.4504105,55.47,3.515413737,16.50003961,2.44,3.28,2.37,2.66,3.08,3.81,3.93,4.31,5.08,0.84,-0.07,0.22,0.64,1.37,1.49,1.87,2.64,,4.3074,359.9712,2.8136,0.9768,33.7,34.0,30.7,30.2,2.97,33.4,29.78,45.9,29.6,22.5,33.8,37.8,24.3,29.7,31.5,30.3,15.659,63.588,18.727,10.664,2.26,2.69,2.15,90.1,7769.0,15307.0,77.0858,
12/1/1960,2709.794,2534.5,15.916,275729.4584,18047.39069,22.096,24.1329,23.1437,32.9439,18.9746,40.2462,8.3674,19.3242,10.9554,31.9634,20.8325,22.7626,35.0376,74.2557,1467.0,0.317738791,70395.0,65778.0,6.6,12.4,2102.0,1468.0,1142.0,588.0,554.0,372391,53742.0,18548.0,658.0,2862.0,14947.0,8681.0,6266.0,35194.0,11045.0,2663.6,5564.1,2560.0,8597.0,38.0,2.0,38.4,1063.0,145.0,247.0,352.0,319.0,951.0,169.0,238.0,280.0,264.0,,14035.53877,,39725.57728,91433.0201,1.642649007,140.7,312.4,1048.0,49.8,19.3,19.2,42.1051,28.1212,60025.31,141.4356975,56.8,3.433098592,16.97122938,1.98,3.23,2.25,2.5,2.86,3.67,3.84,4.35,5.1,1.25,0.27,0.52,0.88,1.69,1.86,2.37,3.12,,4.3057,359.5829,2.8074,0.9825,33.6,33.8,30.7,30.3,2.97,33.0,29.81,45.9,29.7,22.6,33.9,37.9,24.3,29.8,31.6,30.4,15.662,63.129,18.754,10.677,2.26,2.71,2.16,,7703.0,15435.0,78.2554,
1/1/1961,2734.05,2556.6,15.956,265935.1877,18061.47529,22.1229,24.1042,23.0886,32.6729,18.2783,40.383,8.4262,19.495,11.0861,32.0912,20.858,23.0065,35.3522,74.1095,1468.0,0.314279598,70447.0,65776.0,6.6,13.7,1884.0,1477.0,1328.0,688.0,640.0,380579,53683.0,18508.0,652.4,2909.0,14863.0,8592.0,6271.0,35175.0,11038.0,2659.4,5565.5,2565.0,8564.0,39.2,2.1,39.3,1183.0,148.0,311.0,430.0,294.0,969.0,172.0,236.0,275.0,286.0,,13253.95781,,39516.69609,91153.0837,1.663311258,141.1,314.1,1052.6,49.1,19.3,19.3,42.0358,28.1882,60671.85,141.6573663,59.72,3.259661755,17.91780742,1.45,2.98,2.24,2.47,2.81,3.67,3.84,4.32,5.1,1.53,0.79,1.02,1.36,2.22,2.39,2.87,3.65,,4.3066,358.9375,2.8064,0.9931,33.6,33.8,30.6,30.4,2.97,32.3,29.84,46.0,29.7,22.6,33.8,37.8,24.4,29.8,31.6,30.4,15.665,63.281,18.749,10.676,2.27,2.72,2.16,,7562.0,15317.0,79.3604,
2/1/1961,2744.703,2556.8,16.014,269205.1952,17997.08859,22.096,24.1329,23.0886,32.8665,18.1788,40.6564,8.3478,19.3486,10.9118,32.2397,20.7559,23.0065,36.8071,73.512,1443.0,0.298634106,70420.0,65588.0,6.9,13.6,2037.0,1407.0,1416.0,751.0,665.0,433704,53557.0,18418.0,646.3,2888.0,14801.0,8532.0,6269.0,35139.0,10991.0,2653.8,5535.4,2567.0,8587.0,39.2,2.1,39.4,1226.0,226.0,268.0,444.0,288.0,961.0,176.0,251.0,258.0,276.0,,13584.08406,,39613.02943,90940.71816,1.652980133,141.6,316.5,1060.7,48.4,19.0,18.8,41.9503,28.2445,60310.13,140.1583314,62.17,3.125832395,18.76447098,2.54,3.03,2.42,2.6,2.93,3.66,3.78,4.27,5.07,0.49,-0.12,0.06,0.39,1.12,1.24,1.73,2.53,,4.3208,358.9375,2.7999,0.9898,33.7,34.0,30.7,30.5,2.97,32.3,29.84,46.0,29.8,22.7,33.8,37.9,24.4,29.9,31.6,30.4,15.679,63.303,18.758,10.692,2.28,2.72,2.16,91.6,7433.0,15216.0,79.6115,
3/1/1961,2755.967,2569.4,16.213,275625.1907,18187.23056,22.2304,24.2476,23.1161,32.8665,18.1789,40.6564,8.338,19.5194,10.9263,32.8795,20.9091,22.7084,34.9196,73.8637,1473.0,0.303523594,70703.0,65850.0,6.9,14.1,1863.0,1476.0,1463.0,769.0,694.0,382956,53659.0,18438.0,644.6,2910.0,14802.0,8527.0,6275.0,35221.0,11011.0,2652.4,5577.6,2567.0,8611.0,39.1,2.1,39.5,1312.0,227.0,314.0,428.0,343.0,1000.0,201.0,229.0,282.0,288.0,,13613.24051,,39379.34956,90429.11025,1.611655629,141.9,318.3,1066.7,48.4,18.8,18.7,42.0518,28.3627,60455.46,139.9755962,64.12,3.025577043,19.49331526,2.02,3.03,2.39,2.54,2.88,3.6,3.74,4.22,5.02,1.01,0.37,0.52,0.86,1.58,1.72,2.2,3.0,,4.3208,358.9375,2.7975,0.9875,33.6,33.8,30.8,30.3,2.97,32.4,29.84,46.0,29.8,22.7,33.8,37.9,24.4,29.9,31.6,30.4,15.67,63.34,18.719,10.696,2.28,2.74,2.16,,7315.0,15092.0,79.0048,
4/1/1961,2761.873,2578.3,16.221,267710.2492,17865.29706,22.6874,24.6207,23.5018,33.6407,19.4969,41.0211,8.4262,20.105,11.4349,33.3111,21.3941,23.142,34.9589,75.3829,1476.0,0.301655426,70267.0,65374.0,7.0,15.5,1729.0,1427.0,1598.0,796.0,802.0,382747,53627.0,18432.0,639.6,2883.0,14825.0,8552.0,6273.0,35195.0,10973.0,2649.0,5515.0,2573.0,8629.0,39.1,2.2,39.5,1166.0,228.0,245.0,415.0,278.0,1002.0,205.0,213.0,292.0,292.0,,14422.09687,,39728.43867,90429.11025,1.632317881,142.1,319.9,1073.1,48.5,18.9,18.8,42.2127,28.3899,60075.87,138.9037457,65.83,2.946984657,20.19022178,1.49,2.91,2.29,2.47,2.88,3.57,3.78,4.25,5.01,1.42,0.8,0.98,1.39,2.08,2.29,2.76,3.52,,4.3249,360.7504,2.7981,0.989,33.4,33.6,30.7,30.2,2.97,32.5,29.81,45.9,29.8,22.8,33.8,37.9,24.5,29.8,31.6,30.4,15.661,63.475,18.633,10.718,2.29,2.76,2.18,,7243.0,15055.0,78.9843,
5/1/1961,2783.267,2593.7,16.32,275423.8024,18133.91032,23.0368,24.7929,23.6947,34.0278,20.1186,41.2945,8.436,20.715,11.9725,33.7797,21.726,23.7652,35.1948,76.356,1541.0,0.308015191,70452.0,65449.0,7.1,15.6,1748.0,1432.0,1686.0,827.0,859.0,358345,53786.0,18523.0,639.7,2866.0,14932.0,8657.0,6275.0,35263.0,10976.0,2651.4,5535.2,2580.0,8664.0,39.3,2.2,39.7,1228.0,230.0,269.0,461.0,268.0,1027.0,219.0,222.0,290.0,296.0,,14598.91663,,39975.47167,90496.68111,1.611655629,142.7,322.2,1079.8,48.5,18.9,18.8,42.1342,28.4546,60179.69,137.9951617,66.5,2.917293233,20.55897407,1.98,2.76,2.29,2.45,2.87,3.47,3.71,4.27,5.01,0.78,0.31,0.47,0.89,1.49,1.73,2.29,3.03,,4.3288,361.9254,2.794,0.9876,33.3,33.4,30.6,29.9,2.97,33.2,29.84,46.0,30.0,22.8,33.8,38.0,24.5,29.9,31.6,30.4,15.67,63.626,18.616,10.731,2.3,2.77,2.19,92.5,7200.0,15040.0,79.559,
6/1/1961,2809.575,2614.5,16.359,280409.8864,18268.71997,23.3594,25.0511,23.9151,34.4149,20.79,41.4769,8.5046,21.0322,12.263,34.1166,22.0579,23.413,34.1331,77.3241,1562.0,0.31975435,70878.0,65993.0,6.9,16.2,1841.0,1419.0,1651.0,723.0,928.0,331716,53977.0,18618.0,642.4,2907.0,14981.0,8688.0,6293.0,35359.0,10993.0,2651.1,5551.4,2587.0,8688.0,39.6,2.3,40.0,1382.0,263.0,283.0,494.0,342.0,1070.0,221.0,220.0,305.0,324.0,,14936.56713,,40080.38916,90409.8043,1.580662252,142.9,324.3,1086.8,48.9,19.0,19.0,42.4519,28.6988,60334.75,136.9687855,65.62,2.956415727,20.43799389,1.73,2.91,2.33,2.54,3.06,3.81,3.88,4.33,5.03,1.18,0.6,0.81,1.33,2.08,2.15,2.6,3.3,,4.3208,361.9254,2.7898,1.0053,33.3,33.4,30.5,29.5,2.97,33.4,29.84,46.0,30.1,22.9,33.8,38.1,24.5,30.0,31.6,30.4,15.677,63.721,18.585,10.753,2.31,2.79,2.2,,7210.0,15140.0,81.274,
7/1/1961,2817.586,2620.7,16.31,274849.8655,18254.63538,23.6282,25.252,24.0804,34.7246,21.1631,41.6592,8.5535,21.325,12.5682,34.3047,22.3388,23.3317,36.6498,78.1087,1603.0,0.325284091,70536.0,65608.0,7.0,17.3,1789.0,1356.0,1830.0,839.0,991.0,347116,54123.0,18640.0,642.5,2883.0,15029.0,8735.0,6294.0,35483.0,11028.0,2657.7,5564.1,2592.0,8724.0,39.7,2.5,40.0,1335.0,259.0,269.0,482.0,325.0,1083.0,237.0,228.0,308.0,310.0,,14698.61287,,40377.01952,90612.51686,1.601324503,142.9,325.6,1088.2,49.2,19.1,19.0,42.5813,28.8611,60395.98,136.4264287,65.44,2.97474022,20.37936027,1.17,2.72,2.24,2.45,2.92,3.84,3.92,4.41,5.09,1.55,1.07,1.28,1.75,2.67,2.75,3.24,3.92,,4.3161,362.0565,2.7874,1.0341,33.3,33.5,30.5,29.7,2.97,33.7,29.92,46.1,30.3,22.9,33.9,38.2,24.5,30.0,31.7,30.5,15.711,63.77,18.644,10.771,2.31,2.77,2.21,,7173.0,15168.0,81.9451,
8/1/1961,2819.181,2631.9,16.368,284726.8653,18455.84382,23.8432,25.4242,24.2457,34.9569,21.2128,42.0238,8.5927,21.7398,12.8297,34.9554,22.6451,23.8736,36.06,78.9783,1664.0,0.355403674,70534.0,65852.0,6.6,17.0,1701.0,1387.0,1649.0,749.0,900.0,317851,54298.0,18725.0,644.5,2902.0,15093.0,8787.0,6306.0,35573.0,11030.0,2671.9,5565.1,2599.0,8764.0,39.7,2.5,40.1,1312.0,234.0,259.0,503.0,316.0,1159.0,301.0,225.0,319.0,314.0,,15567.66319,,40787.15153,91046.90093,1.570331126,143.5,327.6,1094.2,49.3,19.2,19.1,42.6567,28.9749,60619.48,136.7459508,67.79,2.881442691,21.33169515,2.0,2.92,2.39,2.66,3.06,3.96,4.04,4.45,5.11,0.92,0.39,0.66,1.06,1.96,2.04,2.45,3.11,,4.3172,362.0565,2.8029,1.0316,33.4,33.5,30.5,30.5,2.97,33.7,29.94,46.1,30.4,23.0,33.9,38.3,24.6,30.0,31.7,30.5,15.724,63.873,18.654,10.78,2.32,2.78,2.22,99.2,7127.0,15211.0,83.2358,
9/1/1961,2822.627,2637.0,16.46,286404.2647,18488.03717,23.8164,25.3668,24.1355,34.3762,20.0191,41.7959,8.7201,21.7886,13.004,34.8317,22.4664,24.0091,34.7229,78.1562,1693.0,0.362061591,70217.0,65541.0,6.7,16.1,1859.0,1297.0,1531.0,686.0,845.0,330492,54388.0,18730.0,646.8,2918.0,15080.0,8779.0,6301.0,35658.0,11036.0,2666.2,5563.2,2604.0,8796.0,39.2,2.6,39.5,1429.0,305.0,286.0,510.0,328.0,1098.0,226.0,235.0,315.0,322.0,,15326.88734,,40742.32315,91433.0201,1.570331126,143.8,329.5,1099.1,49.6,19.4,19.3,42.7707,29.0706,60883.09,137.0314877,67.26,2.914064823,21.23718401,1.88,3.05,2.28,2.68,3.06,3.9,3.98,4.45,5.12,1.17,0.4,0.8,1.18,2.02,2.1,2.57,3.24,,4.3165,362.0565,2.8122,1.0309,33.3,33.5,30.5,30.3,2.97,33.8,29.98,46.2,30.5,23.1,33.9,38.3,24.6,30.1,31.7,30.5,15.742,64.047,18.639,10.805,2.32,2.8,2.2,,7015.0,15176.0,84.7133,
10/1/1961,2850.442,2665.2,16.563,285916.4158,18821.03713,24.2733,25.7972,24.6039,35.3053,21.1382,42.5252,8.7103,22.179,13.0767,35.7776,22.9259,24.2801,36.3746,79.5528,1784.0,0.390115898,70492.0,65919.0,6.5,15.9,1811.0,1288.0,1481.0,659.0,822.0,308441,54522.0,18805.0,642.1,2935.0,15143.0,8818.0,6325.0,35717.0,11049.0,2670.7,5572.4,2608.0,8805.0,40.0,2.7,40.3,1415.0,263.0,292.0,511.0,349.0,1123.0,235.0,228.0,325.0,335.0,,15452.91845,,40816.71919,91597.12075,1.549668874,144.1,331.1,1104.4,50.0,19.7,19.6,42.9778,29.1484,61158.22,136.3009138,68.0,2.911764706,21.62113494,2.26,3.0,2.3,2.66,3.05,3.8,3.92,4.42,5.13,0.74,0.04,0.4,0.79,1.54,1.66,2.16,2.87,,4.3228,362.0565,2.8154,1.0305,33.3,33.4,30.4,30.3,2.97,33.2,29.98,46.2,30.5,23.1,33.9,38.3,24.7,30.1,31.7,30.5,15.741,63.989,18.617,10.815,2.34,2.8,2.23,,6983.0,15218.0,86.4026,
11/1/1961,2875.937,2689.7,16.724,290492.0293,18953.8347,24.6497,26.2277,25.0999,35.9247,22.0832,42.9354,8.9455,22.4718,13.3382,36.3277,23.3344,24.1988,36.8071,80.7658,1842.0,0.42887078,70376.0,66081.0,6.1,17.0,1638.0,1269.0,1388.0,622.0,766.0,306364,54742.0,18927.0,642.6,2941.0,15259.0,8910.0,6349.0,35815.0,11079.0,2674.7,5596.3,2614.0,8812.0,40.2,2.8,40.7,1385.0,253.0,296.0,492.0,344.0,1152.0,252.0,231.0,314.0,355.0,,15980.55614,,41075.19773,92185.95249,1.549668874,144.8,333.4,1112.1,50.5,19.8,19.7,43.1337,29.2733,61748.29,136.4000221,71.08,2.813731007,22.71799116,2.61,2.98,2.48,2.7,3.07,3.82,3.94,4.39,5.11,0.37,-0.13,0.09,0.46,1.21,1.33,1.78,2.5,,4.3228,362.0565,2.8149,1.0359,33.4,33.5,30.5,30.2,2.97,33.0,29.98,46.1,30.4,23.1,33.8,38.3,24.7,30.1,31.7,30.5,15.742,63.689,18.618,10.83,2.35,2.83,2.23,93.0,6973.0,15266.0,86.3486,
12/1/1961,2893.211,2704.5,16.84,290719.3806,18960.877,24.8647,26.3998,25.2652,36.0021,22.4811,42.9354,8.9749,22.7889,13.5562,36.8552,23.6408,24.3614,36.3746,81.6041,1822.0,0.436198228,70077.0,65900.0,6.0,15.8,1734.0,1175.0,1361.0,623.0,738.0,293015,54872.0,18981.0,638.8,2951.0,15309.0,8941.0,6368.0,35891.0,11079.0,2672.4,5603.7,2621.0,8836.0,39.7,2.8,40.4,1365.0,256.0,278.0,503.0,328.0,1161.0,275.0,227.0,321.0,338.0,,16493.14534,,41568.30994,92282.48228,1.539337748,145.2,335.5,1118.0,51.3,20.1,20.0,43.7997,29.548,62248.53,136.6297849,71.74,2.815723446,23.02005488,2.33,3.19,2.6,2.88,3.18,3.91,4.06,4.42,5.1,0.86,0.27,0.55,0.85,1.58,1.73,2.09,2.77,,4.3161,362.0041,2.8096,1.0429,33.4,33.6,30.6,30.6,2.97,33.1,30.01,46.1,30.3,23.2,33.9,38.3,24.8,30.1,31.7,30.5,15.746,63.775,18.597,10.843,2.35,2.84,2.24,,6952.0,15508.0,86.8394,
1/1/1962,2890.321,2700.8,16.845,292962.8571,19123.85583,24.6496,26.1702,25.1274,35.7311,21.9837,42.7531,8.9455,22.6182,13.5417,35.8454,23.3089,24.7137,36.8071,80.2408,1910.0,0.468022544,70189.0,66108.0,5.8,15.3,1701.0,1161.0,1235.0,561.0,674.0,296932,54891.0,18936.0,638.7,2892.0,15322.0,8948.0,6374.0,35955.0,11096.0,2685.7,5604.1,2625.0,8851.0,39.3,2.8,40.0,1361.0,276.0,235.0,485.0,365.0,1122.0,269.0,199.0,323.0,331.0,,16430.12979,,42071.9139,92842.35508,1.539337748,145.2,337.5,1123.5,50.6,20.1,20.0,43.9853,29.7869,62282.8,136.5850877,69.07,2.934226147,22.2238843,2.15,3.26,2.72,2.94,3.28,3.94,4.08,4.42,5.08,1.11,0.57,0.79,1.13,1.79,1.93,2.27,2.93,,4.3182,362.0041,2.811,1.0452,33.5,33.7,30.5,30.6,2.97,33.1,30.04,46.0,30.4,23.2,33.9,38.3,24.8,30.2,31.8,30.5,15.776,63.721,18.627,10.873,2.36,2.87,2.25,,6888.0,15451.0,87.4541,
2/1/1962,2902.573,2713.9,16.837,291710.9603,19125.86791,25.0529,26.5146,25.3754,35.9634,22.1081,43.0265,9.0728,22.9842,13.7015,36.9188,23.7174,24.6595,37.0824,81.4267,1879.0,0.485404288,70409.0,66538.0,5.5,16.0,1504.0,1118.0,1244.0,561.0,683.0,290789,55188.0,19109.0,637.8,2975.0,15411.0,9029.0,6382.0,36079.0,11134.0,2698.9,5627.9,2630.0,8878.0,39.9,2.8,40.4,1278.0,215.0,275.0,498.0,290.0,1194.0,275.0,253.0,339.0,327.0,,16525.12338,,42610.80828,93402.22788,1.549668874,145.7,340.1,1129.5,49.8,19.6,19.5,43.8688,29.9882,62640.35,136.4416249,70.22,2.895656508,22.50770567,2.37,3.22,2.73,2.93,3.28,3.89,4.04,4.42,5.07,0.85,0.36,0.56,0.91,1.52,1.67,2.05,2.7,,4.3269,361.9647,2.8146,1.0489,33.6,33.8,30.6,30.5,2.97,32.9,30.11,46.1,30.5,23.3,34.0,38.3,24.8,30.2,31.9,30.7,15.818,63.815,18.708,10.892,2.36,2.79,2.26,99.9,6877.0,15502.0,87.1298,
3/1/1962,2922.539,2731.9,16.976,294971.9176,19447.80141,25.1873,26.7155,25.6234,36.2344,22.4314,43.3,9.1904,23.0085,13.7305,36.9573,23.9216,24.8763,37.0037,81.8912,1879.0,0.479214486,70414.0,66493.0,5.6,15.0,1721.0,1049.0,1162.0,523.0,639.0,285784,55275.0,19109.0,635.5,2941.0,15451.0,9065.0,6386.0,36166.0,11155.0,2705.5,5643.6,2636.0,8901.0,40.1,2.8,40.6,1443.0,252.0,284.0,536.0,371.0,1134.0,243.0,223.0,330.0,338.0,,16041.69063,,42242.64327,94029.67154,1.539337748,146.0,343.1,1137.2,50.0,19.5,19.5,44.1012,30.2195,63128.57,136.3762584,70.29,2.902262057,22.45320227,2.85,3.25,2.72,2.87,3.06,3.68,3.93,4.39,5.04,0.4,-0.13,0.02,0.21,0.83,1.08,1.54,2.19,,4.3399,361.7945,2.8153,1.0496,33.5,33.7,30.6,30.5,2.97,33.0,30.17,46.2,30.5,23.4,34.0,38.4,24.9,30.3,32.0,30.7,15.839,63.944,18.716,10.912,2.37,2.86,2.26,,6904.0,15574.0,86.4227,
4/1/1962,2937.504,2749.0,17.035,292816.1638,19553.43584,25.241,26.9163,25.8713,36.5441,22.9536,43.3456,9.2492,22.9841,13.716,36.9151,23.9472,24.8763,37.3183,81.7429,1876.0,0.480286738,70278.0,66372.0,5.6,14.9,1629.0,1105.0,1122.0,499.0,623.0,282623,55602.0,19258.0,632.5,3018.0,15524.0,9102.0,6422.0,36344.0,11236.0,2711.9,5683.3,2641.0,8922.0,40.1,2.8,40.6,1524.0,280.0,326.0,515.0,403.0,1235.0,290.0,236.0,327.0,382.0,,15825.36858,,41747.62347,94174.46623,1.539337748,146.4,345.5,1143.7,50.4,19.7,19.6,44.5398,30.5167,63866.91,137.1123014,68.05,3.007597355,21.52308498,2.78,3.2,2.73,2.83,2.99,3.6,3.84,4.33,5.02,0.42,-0.05,0.05,0.21,0.82,1.06,1.55,2.24,,4.3457,362.0172,2.814,1.0501,33.5,33.6,30.6,30.1,2.97,32.9,30.21,46.2,30.9,23.4,34.1,38.5,24.9,30.3,32.0,30.7,15.857,63.832,18.761,10.922,2.38,2.89,2.26,,6985.0,15765.0,86.6745,
5/1/1962,2941.678,2752.9,17.166,295631.7077,19686.23341,25.2141,27.0598,25.9815,36.7377,23.1525,43.6191,9.2492,22.667,13.4399,37.0,23.8961,25.1744,37.397,81.3349,1944.0,0.503235827,70551.0,66688.0,5.5,15.5,1543.0,1131.0,1134.0,507.0,627.0,301972,55628.0,19253.0,631.4,3025.0,15513.0,9110.0,6403.0,36375.0,11200.0,2716.2,5667.1,2649.0,8958.0,40.2,2.8,40.6,1483.0,284.0,289.0,518.0,392.0,1142.0,220.0,238.0,341.0,343.0,,15891.20573,,41402.34955,94898.43968,1.549668874,146.8,347.5,1149.1,50.5,19.8,19.8,44.8413,30.8503,64601.04,138.3912596,62.99,3.259771392,19.7704694,2.36,3.16,2.69,2.78,3.03,3.66,3.87,4.28,5.0,0.8,0.33,0.42,0.67,1.3,1.51,1.92,2.64,,4.3294,361.991,2.8121,1.0823,33.4,33.5,30.6,30.1,2.97,32.8,30.24,46.2,30.9,23.5,34.1,38.6,25.0,30.4,32.0,30.8,15.867,63.848,18.735,10.948,2.38,2.86,2.27,95.4,7106.0,15968.0,86.6578,
6/1/1962,2945.739,2756.3,17.08,293308.8034,19433.71682,25.1604,27.0885,25.954,36.5054,22.7298,43.4824,9.3374,22.5938,13.2947,37.2097,23.845,25.6079,37.4363,80.9291,1882.0,0.489594173,70514.0,66670.0,5.5,15.1,1598.0,1101.0,1079.0,506.0,573.0,308059,55644.0,19186.0,624.7,2960.0,15518.0,9109.0,6409.0,36458.0,11206.0,2724.9,5671.4,2655.0,9000.0,40.0,2.8,40.5,1404.0,272.0,260.0,517.0,355.0,1154.0,233.0,241.0,329.0,351.0,,15796.21213,,41215.40565,95381.08864,1.570331126,146.6,349.3,1156.2,50.9,19.9,19.8,45.5419,31.279,65137.42,139.2717982,55.63,3.703037929,17.30393422,2.68,3.25,2.73,2.8,3.03,3.64,3.91,4.28,5.02,0.57,0.05,0.12,0.35,0.96,1.23,1.6,2.34,,4.3156,361.9516,2.8083,1.088,33.4,33.5,30.6,29.9,2.97,32.7,30.21,46.3,30.9,23.5,34.1,38.6,25.0,30.4,32.0,30.7,15.877,64.048,18.702,10.968,2.38,2.87,2.26,,7242.0,16228.0,87.4133,
7/1/1962,2960.008,2769.4,17.135,291713.9599,19741.56573,25.4023,27.3468,26.2846,37.1248,23.2271,44.0293,9.4157,22.7889,13.4399,37.2648,24.0748,25.9873,37.5149,81.476,1876.0,0.49122807,70302.0,66483.0,5.4,14.6,1592.0,1142.0,1049.0,484.0,565.0,305231,55746.0,19248.0,617.6,3025.0,15522.0,9117.0,6405.0,36498.0,11196.0,2725.0,5676.1,2659.0,9026.0,40.0,2.8,40.5,1450.0,262.0,284.0,520.0,384.0,1189.0,226.0,251.0,346.0,366.0,,16018.17737,,41190.60697,95747.90186,1.570331126,146.5,350.8,1160.8,51.3,20.1,20.0,45.7268,31.6154,65512.18,139.4766447,56.97,3.62764613,17.48131198,2.71,3.36,2.92,3.08,3.29,3.8,4.01,4.34,5.05,0.65,0.21,0.37,0.58,1.09,1.3,1.63,2.34,,4.3174,361.9516,2.8066,1.0793,33.4,33.4,30.6,30.2,2.97,32.6,30.22,46.4,30.6,23.6,34.0,38.6,25.1,30.4,31.9,30.7,15.868,64.096,18.645,10.979,2.39,2.9,2.27,,7344.0,16453.0,87.7873,19.5715
8/1/1962,2964.773,2772.5,17.183,298514.3889,19864.30287,25.4292,27.3468,26.2295,36.6989,22.9038,43.6191,9.5137,22.8377,13.5271,37.2798,24.1259,25.9602,36.1779,81.4168,1846.0,0.460004984,70981.0,66968.0,5.7,14.5,1731.0,1238.0,1081.0,485.0,596.0,307105,55838.0,19251.0,623.0,3027.0,15517.0,9110.0,6407.0,36587.0,11209.0,2728.0,5684.4,2664.0,9063.0,40.1,2.7,40.5,1517.0,272.0,308.0,539.0,398.0,1200.0,228.0,233.0,359.0,380.0,,15922.24324,,40761.39905,96211.24487,1.56,146.6,352.8,1165.1,51.2,19.9,19.8,45.9234,31.9034,66055.12,140.2146466,58.52,3.542942584,17.76479501,2.93,3.3,2.82,2.99,3.2,3.71,3.98,4.35,5.06,0.37,-0.11,0.06,0.27,0.78,1.05,1.42,2.13,,4.3223,361.9123,2.8038,1.0779,33.5,33.6,30.6,30.5,2.97,32.5,30.28,46.2,30.8,23.6,34.1,38.7,25.1,30.4,32.0,30.8,15.891,64.104,18.696,10.989,2.4,2.9,2.28,91.6,7442.0,16685.0,87.8828,15.7942
9/1/1962,2966.166,2775.8,17.375,293815.9271,19923.65936,25.5905,27.519,26.3397,36.9312,23.2023,43.8926,9.5039,23.033,13.6434,37.5212,24.3046,25.8789,37.3183,81.7875,1813.0,0.457712699,71153.0,67192.0,5.6,14.1,1749.0,1192.0,1096.0,567.0,529.0,302275,55978.0,19305.0,620.0,3033.0,15568.0,9149.0,6419.0,36673.0,11227.0,2728.2,5699.9,2669.0,9089.0,40.1,2.8,40.5,1324.0,223.0,248.0,469.0,384.0,1223.0,222.0,258.0,355.0,388.0,,16644.57077,,41120.02612,96906.25938,1.570331126,146.3,354.9,1166.7,51.3,20.1,20.0,46.3736,32.2481,66438.33,140.2540215,58.0,3.586206897,17.36193748,2.9,3.34,2.78,2.93,3.06,3.7,3.98,4.32,5.03,0.44,-0.12,0.03,0.16,0.8,1.08,1.42,2.13,,4.3236,359.0406,2.8009,1.077,33.8,34.0,30.6,31.2,2.97,32.5,30.42,46.6,31.0,23.6,34.3,38.7,25.1,30.5,32.2,30.9,15.969,64.159,18.913,10.997,2.4,2.91,2.28,,7407.0,16758.0,88.208,18.3148
10/1/1962,2981.84,2785.0,17.289,299684.9733,20236.53848,25.6174,27.4329,26.3673,36.8538,23.3018,43.7103,9.5431,23.0329,13.687,37.2727,24.2535,25.8789,37.3576,81.3851,1783.0,0.468840389,70917.0,67114.0,5.4,14.1,1636.0,1144.0,1022.0,516.0,506.0,305972,56041.0,19301.0,617.6,3031.0,15569.0,9162.0,6407.0,36740.0,11235.0,2726.3,5701.5,2676.0,9114.0,39.9,2.7,40.3,1533.0,229.0,305.0,629.0,370.0,1181.0,241.0,234.0,347.0,359.0,,16974.69703,,41725.68618,97408.2143,1.570331126,146.7,357.2,1175.8,51.6,20.2,20.1,46.8487,32.6075,67028.88,140.905781,56.17,3.732722094,16.63186471,2.9,3.27,2.74,2.84,2.98,3.64,3.93,4.28,4.99,0.37,-0.16,-0.06,0.08,0.74,1.03,1.38,2.09,,4.3217,358.3972,2.8013,1.0763,33.6,33.7,30.5,30.8,2.97,32.5,30.38,46.7,30.9,23.7,34.2,38.6,25.1,30.5,32.2,30.9,15.953,63.86,18.865,11.01,2.4,2.91,2.29,,7453.0,16883.0,89.7636,25.9671
11/1/1962,2992.828,2798.3,17.519,302931.2343,20342.17291,25.7249,27.605,26.4775,37.0861,23.3266,43.8926,9.5431,23.2281,13.7887,37.7294,24.4578,26.2312,37.6722,81.8392,1782.0,0.442842942,70871.0,66847.0,5.7,13.3,1838.0,1076.0,1051.0,611.0,440.0,300802,56056.0,19260.0,610.9,3035.0,15530.0,9135.0,6395.0,36796.0,11242.0,2722.9,5713.6,2683.0,9145.0,40.1,2.8,40.5,1622.0,256.0,344.0,580.0,442.0,1236.0,242.0,233.0,364.0,397.0,,16544.87453,,41724.73238,97446.82622,1.549668874,147.3,359.8,1184.3,51.3,19.6,19.4,47.1998,32.9728,67642.1,141.5699037,60.04,3.519870087,17.58738072,2.94,3.23,2.83,2.89,3.0,3.6,3.92,4.25,4.96,0.29,-0.11,-0.05,0.06,0.66,0.98,1.31,2.02,,4.3159,358.4101,2.8019,1.077,33.6,33.8,30.5,31.0,2.97,32.7,30.38,46.5,30.9,23.7,34.3,38.6,25.2,30.5,32.2,30.9,15.964,63.883,18.862,11.027,2.41,2.93,2.29,95.0,7533.0,17087.0,89.7457,16.7658
12/1/1962,3006.868,2813.0,17.617,294607.6416,20338.14874,25.7249,27.6337,26.5601,37.2409,23.5007,44.1204,9.4843,23.1061,13.716,37.4757,24.4833,26.2041,38.2228,81.6791,1781.0,0.455848477,70854.0,66947.0,5.5,13.6,1732.0,1171.0,1068.0,558.0,510.0,310357,56028.0,19219.0,607.4,3008.0,15520.0,9136.0,6384.0,36809.0,11246.0,2725.9,5715.7,2688.0,9126.0,39.6,2.8,40.3,1564.0,331.0,283.0,570.0,380.0,1236.0,231.0,249.0,346.0,410.0,,17386.64945,,43082.93699,97553.00899,1.570331126,147.8,362.7,1193.9,52.3,20.1,19.8,47.4376,33.292,68126.72,141.9898291,62.64,3.400383142,18.1548443,2.93,3.29,2.87,2.91,3.01,3.56,3.86,4.24,4.92,0.36,-0.06,-0.02,0.08,0.63,0.93,1.31,1.99,,4.3165,358.4615,2.8033,1.0761,33.5,33.6,30.5,30.6,2.97,32.2,30.38,46.4,30.9,23.8,34.2,38.5,25.2,30.5,32.2,30.9,15.958,63.86,18.818,11.039,2.41,2.95,2.29,,7539.0,17349.0,90.821,14.6778
1/1/1963,3025.392,2806.3,17.612,298556.2101,20423.66233,25.913,27.9207,26.9458,37.7054,23.7494,44.713,9.4451,23.2037,13.7741,37.3249,24.6365,26.9629,39.0879,81.9446,1813.0,0.445017182,71146.0,67072.0,5.7,13.8,1730.0,1253.0,1122.0,578.0,544.0,304621,56115.0,19257.0,605.8,3021.0,15545.0,9157.0,6388.0,36858.0,11216.0,2735.9,5725.6,2696.0,9204.0,40.0,2.7,40.5,1244.0,158.0,156.0,502.0,428.0,1248.0,245.0,201.0,370.0,432.0,,17260.61834,,44188.38583,97726.76262,1.570331126,148.3,365.2,1199.7,51.6,20.0,19.9,47.6623,33.6825,68656.46,141.8521901,65.06,3.284153089,18.65907971,2.92,3.34,2.91,2.96,3.04,3.58,3.83,4.21,4.91,0.42,-0.01,0.04,0.12,0.66,0.91,1.29,1.99,,4.3253,358.5,2.8048,1.0773,33.4,33.6,30.5,30.3,2.97,32.4,30.44,46.6,30.6,23.9,34.3,38.3,25.3,30.5,32.2,31.0,15.997,63.765,18.886,11.069,2.42,2.94,2.3,,7553.0,17405.0,91.4475,14.8357
2/1/1963,3009.442,2813.7,17.546,302376.7496,20269.73787,26.2088,28.1502,27.1663,38.1313,23.9981,45.2144,9.5823,23.5453,13.934,38.1419,24.8407,27.4235,40.0317,82.3778,1816.0,0.428504011,71262.0,67024.0,5.9,14.1,1858.0,1283.0,1137.0,540.0,597.0,294808,56230.0,19228.0,605.6,2997.0,15542.0,9163.0,6379.0,37002.0,11281.0,2741.0,5733.6,2702.0,9231.0,39.9,2.8,40.5,1456.0,227.0,269.0,523.0,437.0,1212.0,233.0,193.0,375.0,411.0,,17451.54606,,45067.78516,98035.65796,1.549668874,148.9,367.9,1207.0,51.0,19.6,19.4,47.8294,34.0682,69376.75,143.9650342,65.92,3.251410801,18.73113579,3.0,3.25,2.92,2.98,3.01,3.66,3.92,4.19,4.89,0.25,-0.08,-0.02,0.01,0.66,0.92,1.19,1.89,,4.3247,358.5257,2.8034,1.0779,33.4,33.6,30.5,30.0,2.97,32.3,30.48,46.7,30.7,23.9,34.3,38.3,25.3,30.5,32.3,31.0,16.014,63.905,18.901,11.079,2.43,2.95,2.31,98.4,7557.0,17442.0,90.8782,13.5542
3/1/1963,3023.049,2826.3,17.635,299697.17,20431.71066,26.37,28.1502,27.1938,38.2861,24.0478,45.4422,9.5235,23.8869,14.1083,38.7518,24.9939,27.0441,40.0317,82.6243,1845.0,0.453094303,71423.0,67351.0,5.7,14.5,1701.0,1266.0,1087.0,488.0,599.0,287299,56320.0,19233.0,606.8,2979.0,15564.0,9169.0,6395.0,37087.0,11301.0,2747.2,5752.7,2709.0,9245.0,40.0,2.8,40.5,1534.0,244.0,271.0,610.0,409.0,1258.0,230.0,251.0,361.0,416.0,,17761.92118,,46333.47162,98248.0235,1.549668874,149.2,370.7,1215.0,51.2,19.5,19.4,47.9739,34.3532,70073.41,144.8695679,65.67,3.273945485,18.44444859,2.98,3.34,2.89,2.95,3.03,3.68,3.93,4.19,4.88,0.36,-0.09,-0.03,0.05,0.7,0.95,1.21,1.9,,4.3286,358.6029,2.8006,1.0782,33.3,33.3,30.5,29.6,2.97,32.3,30.51,46.7,30.8,23.9,34.3,38.5,25.3,30.6,32.3,31.0,16.001,63.993,18.841,11.085,2.44,2.97,2.32,,7587.0,17507.0,90.3946,12.3661
4/1/1963,3031.344,2834.3,17.699,306313.3271,20520.24238,26.612,28.4659,27.3316,38.441,24.2468,45.579,9.6117,24.1065,14.4134,38.648,25.3258,26.6919,38.1441,83.4581,1815.0,0.447595561,71697.0,67642.0,5.7,14.5,1717.0,1226.0,1071.0,480.0,591.0,293103,56580.0,19343.0,610.7,3046.0,15602.0,9196.0,6406.0,37237.0,11374.0,2753.8,5785.1,2715.0,9264.0,40.2,2.6,40.5,1689.0,328.0,342.0,586.0,433.0,1288.0,230.0,285.0,382.0,391.0,,17606.73362,,47083.15479,98344.5533,1.539337748,149.7,373.3,1224.7,51.5,19.6,19.5,48.3917,34.709,70801.61,145.982701,68.76,3.151061664,19.17979747,2.9,3.32,2.9,2.98,3.11,3.74,3.97,4.21,4.87,0.42,0.0,0.08,0.21,0.84,1.07,1.31,1.97,,4.3292,360.8024,2.8007,1.077,33.3,33.3,30.5,29.8,2.97,32.4,30.48,46.8,30.8,23.9,34.3,38.5,25.4,30.6,32.2,31.0,16.0,64.004,18.816,11.094,2.44,2.93,2.32,,7705.0,17714.0,90.2025,11.6621
5/1/1963,3044.315,2846.3,17.71,308216.2405,20390.46294,26.9345,28.5807,27.3316,38.5184,24.6446,45.4422,9.5823,24.6677,14.8638,39.232,25.5555,27.1254,38.852,83.9513,1781.0,0.422338155,71832.0,67615.0,5.9,14.5,1870.0,1160.0,1157.0,552.0,605.0,290170,56616.0,19399.0,612.1,3061.0,15641.0,9228.0,6413.0,37217.0,11318.0,2754.0,5753.1,2724.0,9288.0,40.2,2.8,40.5,1641.0,262.0,356.0,571.0,452.0,1350.0,247.0,270.0,406.0,427.0,,17813.65036,,47887.20429,98778.93736,1.549668874,150.4,376.1,1232.7,51.7,19.6,19.4,48.649,35.1932,71335.14,146.2085263,70.14,3.112817223,19.42198384,3.0,3.25,2.93,3.01,3.12,3.72,3.93,4.22,4.85,0.25,-0.07,0.01,0.12,0.72,0.93,1.22,1.85,,4.324,362.5553,2.7996,1.0775,33.4,33.5,30.7,29.6,2.97,32.6,30.51,46.7,30.9,24.0,34.3,38.5,25.4,30.6,32.3,31.0,16.026,64.046,18.841,11.118,2.45,2.96,2.33,91.7,7836.0,17941.0,89.9625,12.2422
6/1/1963,3058.664,2861.0,17.881,304332.5361,20542.3753,27.0152,28.6381,27.4418,38.7507,25.0674,45.4878,9.6215,24.7653,14.8929,39.5207,25.6321,27.2338,39.1666,83.9398,1788.0,0.449585114,71626.0,67649.0,5.6,14.0,1719.0,1259.0,1067.0,567.0,500.0,287361,56659.0,19371.0,613.8,3060.0,15624.0,9226.0,6398.0,37288.0,11332.0,2753.3,5763.0,2726.0,9302.0,40.3,2.9,40.7,1588.0,235.0,340.0,574.0,439.0,1345.0,213.0,285.0,399.0,448.0,,17123.30087,,47683.09208,99232.62739,1.539337748,150.4,378.4,1236.2,52.2,19.8,19.5,49.2469,35.8523,71875.59,146.2967433,70.11,3.137926116,19.20581858,2.99,3.38,2.99,3.08,3.2,3.81,3.99,4.23,4.84,0.39,0.0,0.09,0.21,0.82,1.0,1.24,1.85,,4.3243,362.8052,2.8002,1.0785,33.5,33.6,30.7,29.9,2.97,32.7,30.61,46.8,30.9,24.1,34.4,38.6,25.5,30.7,32.4,31.1,16.061,64.2,18.915,11.126,2.46,2.98,2.34,,7984.0,18236.0,90.0224,12.0403
7/1/1963,3060.387,2862.7,17.973,312852.1672,20780.8073,26.9076,28.638,27.4418,38.6345,25.0425,45.3055,9.7587,24.5213,14.6459,39.1929,25.53,26.6106,38.6553,83.3448,1846.0,0.455689953,71956.0,67905.0,5.6,14.0,1693.0,1289.0,1070.0,522.0,548.0,280616,56794.0,19423.0,613.2,3088.0,15646.0,9234.0,6412.0,37371.0,11348.0,2755.2,5770.7,2731.0,9334.0,40.2,2.9,40.6,1614.0,241.0,316.0,619.0,438.0,1321.0,226.0,268.0,409.0,418.0,,17754.39693,,47622.04917,99647.7055,1.529006623,151.3,381.1,1241.8,52.8,20.0,19.7,49.4664,36.3411,72716.45,147.6476142,69.07,3.189995657,18.72080865,3.02,3.49,3.18,3.31,3.48,3.89,4.02,4.26,4.84,0.47,0.16,0.29,0.46,0.87,1.0,1.24,1.82,,4.3236,362.9764,2.8008,1.0799,33.4,33.6,30.7,30.0,2.97,32.8,30.69,46.9,30.9,24.1,34.5,38.7,25.5,30.8,32.5,31.2,16.093,64.151,18.993,11.139,2.47,2.99,2.35,,8110.0,18497.0,90.2269,14.2966
8/1/1963,3071.095,2872.9,18.037,310735.2354,20754.6502,26.9614,28.8963,27.7448,38.9442,25.0923,45.8069,9.9938,24.3017,14.2536,40.0312,25.6577,26.719,39.3239,83.5014,1817.0,0.468540485,71786.0,67908.0,5.4,13.9,1677.0,1150.0,1114.0,593.0,521.0,290279,56910.0,19437.0,612.4,3099.0,15644.0,9229.0,6415.0,37473.0,11367.0,2761.5,5789.8,2738.0,9368.0,40.2,2.9,40.6,1639.0,275.0,349.0,595.0,420.0,1310.0,224.0,277.0,392.0,417.0,,17210.77022,,47700.26039,100120.7015,1.539337748,151.8,383.6,1247.5,52.6,19.7,19.4,49.4768,36.7087,73576.16,148.6687412,70.98,3.108861651,19.09020056,3.49,3.72,3.32,3.44,3.53,3.89,4.0,4.29,4.83,0.23,-0.17,-0.05,0.04,0.4,0.51,0.8,1.34,,4.317,362.9237,2.7996,1.0831,33.4,33.5,30.7,29.9,2.97,33.0,30.75,47.0,31.0,24.2,34.6,38.7,25.6,30.8,32.6,31.2,16.115,64.118,19.04,11.15,2.47,3.01,2.34,96.4,8185.0,18750.0,88.9845,11.4839
9/1/1963,3091.894,2893.0,18.003,307838.1396,20703.34205,27.2302,28.9824,27.8275,39.0604,25.5399,45.6702,9.9644,24.7897,14.7186,40.3971,25.8364,27.0171,39.6778,83.8227,1813.0,0.458175385,72131.0,68174.0,5.5,14.2,1695.0,1225.0,1069.0,510.0,559.0,289193,57078.0,19483.0,611.3,3110.0,15674.0,9260.0,6414.0,37595.0,11388.0,2764.8,5805.9,2742.0,9417.0,40.2,2.9,40.6,1763.0,269.0,362.0,693.0,439.0,1413.0,268.0,274.0,428.0,443.0,,17691.38138,,48091.3165,100661.2683,1.549668874,152.0,386.0,1256.5,52.9,20.0,19.6,49.8225,37.0748,74169.77,148.8754918,72.85,3.033630748,19.43473455,3.48,3.88,3.38,3.5,3.57,3.96,4.08,4.31,4.84,0.4,-0.1,0.02,0.09,0.48,0.6,0.83,1.36,,4.3157,362.4633,2.7977,1.08,33.4,33.5,30.7,29.8,2.97,33.2,30.72,47.0,31.0,24.2,34.5,38.7,25.6,30.8,32.5,31.2,16.112,64.522,18.954,11.164,2.48,3.01,2.36,,8123.0,18867.0,89.5672,13.0301
10/1/1963,3109.05,2908.9,17.993,316321.4105,21063.50515,27.4184,29.2407,28.0204,39.3314,25.5648,46.0348,10.1408,24.9361,14.8639,40.4787,26.0661,27.0983,39.7957,84.3071,1880.0,0.471532481,72281.0,68294.0,5.5,13.9,1738.0,1163.0,1071.0,541.0,530.0,286326,57283.0,19517.0,610.7,3104.0,15714.0,9283.0,6431.0,37766.0,11412.0,2773.6,5824.0,2755.0,9479.0,40.3,2.9,40.7,1779.0,291.0,385.0,662.0,441.0,1414.0,261.0,281.0,425.0,447.0,,18007.39967,,48253.46171,101394.8948,1.539337748,152.6,388.3,1262.8,53.1,20.0,19.7,50.4111,37.4258,75112.95,149.6572026,73.03,3.058099411,19.25038264,3.5,3.88,3.45,3.58,3.64,3.97,4.11,4.32,4.83,0.38,-0.05,0.08,0.14,0.47,0.61,0.82,1.33,,4.3157,362.2795,2.7978,1.0781,33.5,33.6,30.8,29.9,2.97,33.5,30.75,47.1,31.2,24.2,34.5,38.8,25.6,30.9,32.5,31.2,16.143,64.529,18.989,11.193,2.48,3.02,2.36,,8179.0,19064.0,90.1585,13.8203
11/1/1963,3115.477,2915.8,18.127,310220.9633,20826.0792,27.5528,29.3555,28.0755,39.3701,25.8135,45.9892,10.2192,25.0825,14.951,40.8225,26.1427,27.5048,39.7171,84.2946,1846.0,0.444712118,72418.0,68267.0,5.7,13.3,1859.0,1227.0,1054.0,533.0,521.0,280784,57255.0,19456.0,608.8,3083.0,15675.0,9274.0,6401.0,37799.0,11430.0,2782.4,5834.2,2759.0,9484.0,40.2,2.9,40.7,1622.0,254.0,348.0,597.0,422.0,1357.0,235.0,299.0,422.0,401.0,,17680.09501,,48342.16468,101781.0139,1.56,153.6,391.5,1271.9,53.8,20.1,19.8,51.2382,37.7909,75606.92,150.1328832,72.62,3.10750482,18.99366593,3.48,3.88,3.52,3.65,3.74,4.01,4.12,4.33,4.84,0.4,0.04,0.17,0.26,0.53,0.64,0.85,1.36,,4.3167,362.5027,2.7978,1.0778,33.5,33.5,30.8,30.2,2.97,33.6,30.78,47.2,31.1,24.3,34.6,38.8,25.7,30.9,32.6,31.3,16.166,64.428,19.032,11.211,2.49,3.01,2.37,94.4,8217.0,19238.0,90.2224,28.6666
12/1/1963,3140.08,2936.6,18.343,312600.204,21283.82839,27.499,29.3841,28.1857,39.6023,25.8881,46.3994,10.1996,24.9361,14.9074,40.2365,26.1427,27.7758,39.4812,84.0095,1939.0,0.487798742,72188.0,68213.0,5.5,13.3,1774.0,1213.0,1007.0,517.0,490.0,301093,57361.0,19493.0,610.4,3082.0,15712.0,9295.0,6417.0,37868.0,11440.0,2792.0,5851.1,2769.0,9497.0,40.0,3.0,40.6,1491.0,221.0,297.0,514.0,459.0,1423.0,243.0,274.0,476.0,430.0,,17347.14716,,48019.78184,101819.6259,1.529006623,153.3,393.2,1273.3,54.9,20.7,20.4,52.1741,38.0828,76581.45,150.6322777,74.17,3.074019145,19.19861918,3.38,3.96,3.52,3.66,3.81,4.04,4.13,4.35,4.85,0.58,0.14,0.28,0.43,0.66,0.75,0.97,1.47,,4.3159,362.792,2.7965,1.0796,33.4,33.5,30.8,29.4,2.97,34.0,30.88,47.2,31.2,24.3,34.7,38.9,25.8,31.0,32.7,31.4,16.19,64.442,19.082,11.222,2.5,3.07,2.38,,8233.0,19557.0,91.3986,11.9266
1/1/1964,3151.381,2936.3,18.402,320161.8596,21173.16375,27.7409,29.6711,28.4887,39.9895,25.9378,46.8552,10.4641,25.1313,14.9365,40.9318,26.3725,28.3991,39.7171,84.4621,1944.0,0.482501862,72356.0,68327.0,5.6,13.5,1805.0,1156.0,1057.0,553.0,504.0,278146,57487.0,19406.0,607.3,2996.0,15715.0,9291.0,6424.0,38081.0,11512.0,2805.8,5880.0,2778.0,9562.0,39.5,2.9,40.1,1603.0,233.0,358.0,584.0,428.0,1296.0,198.0,298.0,401.0,399.0,,19278.9971,,49157.65972,102340.8867,1.529006623,153.7,395.2,1277.3,54.2,20.7,20.4,52.4186,38.5125,77461.36,151.4988461,76.45,3.004146501,19.66592273,3.48,3.97,3.52,3.64,3.79,4.07,4.17,4.39,4.83,0.49,0.04,0.16,0.31,0.59,0.69,0.91,1.35,,4.3163,362.4633,2.7983,1.0805,33.5,33.7,30.8,29.8,2.97,34.3,30.94,47.2,31.4,24.4,34.7,38.9,25.8,31.0,32.7,31.4,16.224,64.502,19.146,11.238,2.5,3.06,2.38,,8220.0,19589.0,91.0341,10.6833
2/1/1964,3164.424,2962.7,18.532,320855.9886,21270.74984,27.9291,29.6711,28.3786,39.912,26.087,46.6729,10.4151,25.5217,15.198,41.5406,26.5257,28.101,39.9137,84.6673,1915.0,0.487029502,72683.0,68751.0,5.4,13.2,1708.0,1216.0,1015.0,528.0,487.0,262838,57753.0,19570.0,607.4,3132.0,15742.0,9305.0,6437.0,38183.0,11534.0,2802.2,5906.3,2786.0,9581.0,40.3,2.9,40.7,1820.0,249.0,491.0,650.0,431.0,1442.0,269.0,343.0,405.0,425.0,,18578.30177,,49655.54091,102707.7,1.539337748,154.3,397.6,1286.3,53.5,20.1,19.9,52.5482,39.0107,78336.23,152.3754717,77.39,2.989184649,19.76813244,3.48,3.88,3.53,3.67,3.78,4.03,4.15,4.36,4.83,0.4,0.05,0.19,0.3,0.55,0.67,0.88,1.35,,4.3249,362.7526,2.7969,1.0802,33.5,33.4,30.8,29.4,2.97,34.5,30.91,47.2,31.3,24.4,34.7,39.0,25.8,31.0,32.7,31.4,16.247,64.633,19.152,11.263,2.5,3.03,2.38,99.5,8218.0,19650.0,90.2202,9.4844
3/1/1964,3180.427,2977.8,18.597,311733.8284,21424.6743,27.9291,29.6711,28.3234,39.7185,25.8881,46.5361,10.5425,25.5217,15.2126,41.33,26.5257,28.372,39.8744,84.3575,1941.0,0.491392405,72713.0,68763.0,5.4,13.5,1783.0,1124.0,1039.0,534.0,505.0,277108,57897.0,19587.0,607.4,3125.0,15770.0,9339.0,6431.0,38310.0,11588.0,2806.4,5955.8,2793.0,9611.0,40.2,2.9,40.6,1517.0,245.0,329.0,580.0,363.0,1313.0,262.0,297.0,398.0,356.0,,18449.44908,,50311.75212,103113.1251,1.549668874,154.5,399.8,1292.2,53.8,20.2,20.0,52.7139,39.3606,79240.41,153.2696518,78.8,2.956852792,19.97134372,3.43,4.0,3.54,3.72,3.91,4.14,4.22,4.38,4.83,0.57,0.11,0.29,0.48,0.71,0.79,0.95,1.4,,4.3271,362.2795,2.7981,1.0807,33.4,33.5,30.8,29.5,2.97,35.0,30.94,47.2,31.4,24.4,34.7,39.0,25.8,31.1,32.7,31.4,16.257,64.543,19.147,11.283,2.51,3.05,2.38,,8246.0,19734.0,90.3718,10.1715
4/1/1964,3199.779,2996.0,18.63,319416.6331,21601.73772,28.3861,30.2737,28.9572,40.725,26.5844,47.63,10.7875,25.8145,15.4015,42.2153,27.0108,28.9681,40.2283,85.5869,2032.0,0.518631955,73274.0,69356.0,5.3,12.4,1767.0,1192.0,934.0,464.0,470.0,263686,57922.0,19593.0,607.7,3113.0,15785.0,9347.0,6438.0,38329.0,11554.0,2812.8,5873.1,2801.0,9644.0,40.2,3.0,40.7,1448.0,217.0,297.0,566.0,368.0,1264.0,232.0,264.0,398.0,370.0,,19189.64669,,51138.69271,103663.3449,1.529006623,154.8,401.7,1297.9,54.1,20.3,20.0,53.229,39.6713,79908.16,153.4924318,79.94,2.935539154,20.08156517,3.47,3.91,3.47,3.66,3.91,4.15,4.23,4.4,4.85,0.44,0.0,0.19,0.44,0.68,0.76,0.93,1.38,,4.321,362.5421,2.799,1.0811,33.5,33.4,30.8,29.5,2.97,35.1,30.95,47.3,31.3,24.5,34.7,39.0,25.9,31.1,32.7,31.4,16.269,64.572,19.152,11.298,2.52,3.08,2.4,,8322.0,19918.0,89.8569,12.0207
5/1/1964,3218.991,3014.9,18.888,322572.6219,21893.48995,28.5474,30.3598,29.0949,41.0347,26.7336,48.0858,10.905,26.034,15.6049,42.2791,27.1129,29.1578,40.7002,85.5983,2035.0,0.540648247,73395.0,69631.0,5.1,13.6,1681.0,1094.0,975.0,471.0,504.0,267340,58089.0,19630.0,605.7,3125.0,15812.0,9360.0,6452.0,38459.0,11588.0,2820.8,5928.9,2806.0,9670.0,40.3,3.1,40.8,1467.0,267.0,334.0,561.0,305.0,1299.0,244.0,279.0,399.0,377.0,,19191.52775,,52096.30327,104039.8111,1.518675497,155.3,404.2,1304.7,54.3,20.2,20.0,53.7445,39.9891,80834.52,154.3232532,80.72,2.92781219,20.09767035,3.5,3.89,3.48,3.6,3.84,4.05,4.2,4.41,4.85,0.39,-0.02,0.1,0.34,0.55,0.7,0.91,1.35,,4.3157,362.5947,2.7994,1.0811,33.5,33.4,30.7,29.4,2.97,35.2,30.98,47.3,31.3,24.5,34.7,38.9,25.9,31.1,32.7,31.4,16.271,64.5,19.121,11.318,2.52,3.06,2.4,98.5,8450.0,20167.0,88.5204,11.8475
6/1/1964,3230.324,3026.6,18.996,322160.9824,21910.59267,28.628,30.3598,29.0673,40.9572,27.0072,47.7668,10.9442,26.2048,15.692,42.8672,27.1639,29.6727,40.3069,85.449,2100.0,0.550603041,73032.0,69218.0,5.2,13.6,1719.0,1109.0,1047.0,539.0,508.0,261464,58219.0,19682.0,609.5,3147.0,15839.0,9379.0,6460.0,38537.0,11616.0,2825.8,5960.7,2810.0,9669.0,40.4,3.1,40.8,1550.0,262.0,343.0,583.0,361.0,1280.0,264.0,269.0,391.0,356.0,,19328.84523,,53099.696,104493.5011,1.529006623,155.6,407.1,1312.8,54.9,20.5,20.3,54.2937,40.2639,81428.18,154.7181836,80.24,2.966101695,19.73618362,3.5,4.0,3.48,3.56,3.83,4.02,4.17,4.41,4.85,0.5,-0.02,0.06,0.33,0.52,0.67,0.91,1.35,,4.3156,362.5816,2.7942,1.0811,33.5,33.5,30.6,29.0,2.97,35.8,31.01,47.3,31.4,24.6,34.7,38.9,26.0,31.1,32.8,31.5,16.294,64.494,19.16,11.333,2.53,3.07,2.41,,8581.0,20465.0,88.446,13.4224
7/1/1964,3247.888,3043.0,19.136,328664.585,22019.24523,28.8162,30.6754,29.398,41.5379,27.4548,48.4049,11.0912,26.2536,15.7211,42.868,27.3937,29.8624,40.4642,85.861,2162.0,0.599223947,73007.0,69399.0,4.9,14.7,1486.0,1112.0,1002.0,479.0,523.0,254030,58412.0,19740.0,608.0,3157.0,15887.0,9419.0,6468.0,38672.0,11670.0,2836.5,5987.7,2816.0,9677.0,40.3,3.1,40.8,1562.0,253.0,340.0,568.0,400.0,1304.0,244.0,276.0,414.0,370.0,,20224.2304,,54547.55737,104715.5197,1.508344371,156.8,410.1,1322.1,55.4,20.6,20.4,54.7159,40.666,82294.5,155.3019438,83.22,2.883922134,20.22105407,3.42,3.96,3.46,3.56,3.72,4.03,4.19,4.4,4.83,0.54,0.04,0.14,0.3,0.61,0.77,0.98,1.41,,4.3217,362.6342,2.7897,1.0814,33.5,33.6,30.7,29.2,2.92,36.0,31.02,47.4,31.3,24.6,34.7,38.9,26.0,31.2,32.8,31.5,16.315,64.531,19.192,11.347,2.54,3.09,2.41,,8681.0,20717.0,88.1218,11.2238
8/1/1964,3266.271,3061.5,19.251,322111.6541,22329.10622,29.0043,30.6467,29.3704,41.4605,27.6537,48.0858,11.0814,26.7904,16.1861,43.365,27.5724,29.9437,39.9137,86.1105,2128.0,0.582216142,73118.0,69463.0,5.0,13.0,1696.0,1074.0,934.0,426.0,508.0,244054,58619.0,19810.0,606.8,3166.0,15948.0,9465.0,6483.0,38809.0,11708.0,2841.4,6012.1,2819.0,9732.0,40.4,3.3,40.9,1569.0,264.0,353.0,596.0,356.0,1306.0,250.0,295.0,434.0,327.0,,18585.82602,,55032.08542,105082.3329,1.518675497,157.8,413.4,1331.4,55.4,20.6,20.3,55.1046,41.0241,82973.05,155.5841928,82.0,2.951219512,19.80993996,3.5,3.88,3.5,3.61,3.74,4.05,4.19,4.41,4.82,0.38,0.0,0.11,0.24,0.55,0.69,0.91,1.32,,4.3206,362.5816,2.7866,1.0789,33.6,33.6,30.6,29.4,2.92,36.1,31.05,47.4,31.4,24.7,34.7,38.9,26.0,31.2,32.8,31.5,16.327,64.437,19.178,11.377,2.55,3.1,2.42,100.6,8730.0,20934.0,88.8297,13.6898
9/1/1964,3279.764,3074.4,19.171,330984.248,22539.36903,29.1119,30.5033,29.2602,40.996,27.0072,47.8124,11.1794,27.2052,16.5202,43.8872,27.7001,29.9437,39.7957,86.1994,2158.0,0.581357759,73290.0,69578.0,5.1,12.7,1703.0,1097.0,917.0,457.0,460.0,251902,58903.0,19943.0,610.0,3171.0,16073.0,9567.0,6506.0,38960.0,11731.0,2853.0,6023.6,2826.0,9786.0,40.3,3.3,40.9,1455.0,230.0,328.0,554.0,343.0,1265.0,241.0,299.0,401.0,324.0,,19750.20295,,55896.22403,106202.0785,1.518675497,158.7,416.9,1341.4,55.9,20.9,20.6,55.7749,41.3936,83921.97,156.4832556,83.41,2.925308716,19.89948478,3.45,3.89,3.53,3.68,3.84,4.08,4.2,4.42,4.82,0.44,0.08,0.23,0.39,0.63,0.75,0.97,1.37,,4.32,361.4676,2.7834,1.0763,33.6,33.6,30.7,30.1,2.92,36.7,31.08,47.2,31.3,24.7,34.8,39.0,26.0,31.2,32.9,31.6,16.352,64.39,19.236,11.388,2.56,3.09,2.44,,8682.0,21073.0,90.4959,10.5167
10/1/1964,3281.585,3076.4,19.296,326426.5417,21668.13651,28.7087,30.1876,28.8745,40.183,24.197,48.4505,11.0912,26.6928,15.8809,43.9287,27.2916,30.1604,40.071,84.6252,2159.0,0.579441761,73308.0,69582.0,5.1,12.6,1754.0,1055.0,903.0,470.0,433.0,256279,58793.0,19723.0,612.3,3200.0,15821.0,9305.0,6516.0,39070.0,11764.0,2861.5,6045.6,2828.0,9845.0,40.3,3.1,40.7,1524.0,266.0,373.0,596.0,290.0,1230.0,223.0,301.0,392.0,314.0,,19452.05474,,57216.27683,106192.4255,1.539337748,159.2,419.1,1346.7,56.2,21.0,20.7,56.2908,41.7183,84530.18,157.4411995,84.85,2.899233942,20.06021074,3.36,4.0,3.57,3.72,3.86,4.07,4.19,4.42,4.81,0.64,0.21,0.36,0.5,0.71,0.83,1.06,1.45,,4.317,361.559,2.7835,1.0755,33.6,33.7,30.8,29.8,2.92,38.1,31.12,47.2,31.3,24.7,34.8,38.9,26.1,31.2,32.9,31.6,16.362,64.233,19.249,11.405,2.54,3.13,2.4,,8686.0,21198.0,91.864,11.0924
11/1/1964,3303.656,3099.1,19.121,323261.0705,21871.35703,29.5957,31.0772,29.8113,41.6928,27.5045,48.5872,11.4635,27.5224,16.7672,44.0907,28.1085,29.9166,39.8744,86.8484,2259.0,0.636158829,73286.0,69735.0,4.8,14.0,1596.0,1047.0,922.0,484.0,438.0,268779,59218.0,20026.0,614.7,3226.0,16096.0,9565.0,6531.0,39192.0,11801.0,2870.7,6065.6,2833.0,9879.0,40.6,3.2,41.0,1486.0,249.0,346.0,546.0,345.0,1254.0,243.0,295.0,411.0,305.0,,19339.19106,,57795.23062,106916.3989,1.529006623,160.0,422.0,1352.1,56.8,21.2,20.8,56.8628,42.0462,84944.03,156.9259745,85.44,2.902621723,19.94714363,3.52,4.02,3.64,3.81,3.91,4.04,4.15,4.43,4.81,0.5,0.12,0.29,0.39,0.52,0.63,0.91,1.29,,4.3156,361.1934,2.7848,1.0741,33.6,33.6,30.8,29.9,2.92,38.4,31.21,47.3,31.4,24.8,34.9,39.0,26.2,31.3,32.9,31.6,16.385,64.342,19.281,11.418,2.55,3.11,2.42,99.9,8604.0,21264.0,93.0019,12.0087
12/1/1964,3336.322,3128.9,19.306,338442.5873,22888.46567,29.9452,31.4789,30.3347,42.5445,29.121,48.8607,11.6693,27.864,17.0288,44.6398,28.6191,30.2147,40.1103,88.0025,2252.0,0.61681731,73465.0,69814.0,5.0,12.7,1672.0,1057.0,873.0,444.0,429.0,251590,59421.0,20111.0,614.1,3233.0,16176.0,9627.0,6549.0,39310.0,11847.0,2881.2,6095.2,2837.0,9897.0,40.7,3.3,41.2,1484.0,319.0,268.0,580.0,317.0,1164.0,248.0,252.0,367.0,297.0,,20377.53689,,58481.96329,107630.7194,1.487682119,160.3,424.7,1359.0,57.7,21.6,21.3,58.3481,42.5067,85959.57,157.0037808,83.96,2.977608385,19.42348674,3.85,4.17,3.84,3.95,4.02,4.09,4.18,4.44,4.81,0.32,-0.01,0.1,0.17,0.24,0.33,0.59,0.96,,4.3156,359.2341,2.7906,1.0748,33.6,33.5,30.9,29.8,2.92,38.2,31.25,47.4,31.7,24.8,35.0,39.0,26.2,31.3,33.0,31.7,16.409,64.397,19.311,11.435,2.57,3.14,2.44,,8603.0,21641.0,93.6749,12.873
1/1/1965,3357.223,3134.5,19.443,334956.7751,23056.47472,30.2677,31.8233,30.6654,43.1638,29.6183,49.5444,11.6497,28.1812,17.2467,45.3343,28.951,30.2418,40.2676,88.5986,2280.0,0.638297872,73569.0,69997.0,4.9,12.2,1626.0,1092.0,793.0,404.0,389.0,236202,59582.0,20173.0,614.2,3231.0,16245.0,9672.0,6573.0,39409.0,11864.0,2889.7,6124.0,2844.0,9937.0,40.8,3.5,41.3,1361.0,180.0,298.0,636.0,247.0,1264.0,221.0,338.0,420.0,285.0,,21082.93487,,59757.1877,108557.4054,1.508344371,160.7,427.5,1366.7,57.1,21.6,21.3,59.241,42.8883,87182.59,158.0826655,86.12,2.922282861,19.73637725,3.9,4.25,3.81,3.94,3.94,4.1,4.19,4.43,4.8,0.35,-0.09,0.04,0.04,0.2,0.29,0.53,0.9,,4.3198,358.9891,2.7913,1.074,33.6,33.7,30.9,29.5,2.92,38.2,31.28,47.5,31.9,24.8,35.0,39.2,26.3,31.4,33.0,31.8,16.427,64.365,19.332,11.453,2.57,3.12,2.45,,8579.0,21663.0,93.3366,10.0894
2/1/1965,3359.115,3151.6,19.753,336120.7516,23202.35083,30.4559,32.0815,30.8583,43.28,30.0162,49.4532,11.8456,28.2788,17.3194,45.304,29.1298,30.2959,40.4249,88.7226,2378.0,0.637533512,73857.0,70127.0,5.1,12.6,1743.0,1090.0,919.0,507.0,412.0,239913,59800.0,20216.0,614.3,3225.0,16291.0,9715.0,6576.0,39584.0,11929.0,2899.1,6154.2,2849.0,9974.0,40.7,3.5,41.3,1433.0,246.0,284.0,596.0,307.0,1185.0,219.0,270.0,404.0,292.0,,20885.42344,,60714.79826,109069.0133,1.508344371,160.9,430.4,1376.0,56.5,21.2,20.8,60.0693,43.2338,88152.04,159.6957246,86.75,2.92026513,19.69999747,3.98,4.27,3.93,4.0,4.03,4.15,4.21,4.41,4.78,0.29,-0.05,0.02,0.05,0.17,0.23,0.43,0.8,,4.3286,359.3245,2.7951,1.0759,33.7,33.7,30.9,29.9,2.92,38.1,31.28,47.5,31.8,24.9,34.9,39.1,26.4,31.4,33.1,31.8,16.434,64.329,19.319,11.471,2.6,3.19,2.46,102.0,8582.0,21774.0,92.9071,13.6392
3/1/1965,3375.375,3167.2,19.814,342067.3194,22971.96717,30.8591,32.4546,31.244,43.6671,30.8369,49.4988,12.0024,28.718,17.7407,45.3017,29.4872,30.6482,40.3463,89.2769,2407.0,0.685754986,73949.0,70439.0,4.7,12.0,1702.0,1029.0,796.0,437.0,359.0,236864,60003.0,20292.0,611.1,3241.0,16353.0,9757.0,6596.0,39711.0,11970.0,2911.2,6163.9,2855.0,10010.0,40.8,3.6,41.3,1423.0,293.0,307.0,518.0,306.0,1211.0,251.0,253.0,391.0,316.0,,21398.95317,,61538.87746,110314.2477,1.498013245,161.5,433.2,1383.6,56.7,21.3,20.9,61.1489,43.6767,88916.07,160.0937523,86.83,2.936773005,19.48191258,4.05,4.38,3.93,4.0,4.06,4.15,4.21,4.42,4.78,0.33,-0.11,-0.04,0.02,0.11,0.17,0.38,0.74,,4.344,360.8805,2.7924,1.0813,33.7,33.7,31.0,30.0,2.92,38.2,31.31,47.5,31.8,25.0,35.0,39.1,26.4,31.5,33.1,31.8,16.455,64.309,19.365,11.483,2.61,3.2,2.47,,8608.0,21890.0,92.4286,10.3866
4/1/1965,3389.254,3178.8,19.955,347361.7309,23165.12727,30.9935,32.4546,31.2991,43.551,30.7872,49.362,12.1102,29.0108,17.9006,46.2515,29.6659,31.5154,40.2283,89.2868,2441.0,0.678998609,74228.0,70633.0,4.8,11.4,1747.0,1018.0,796.0,428.0,368.0,235644,60259.0,20317.0,610.6,3200.0,16418.0,9821.0,6597.0,39942.0,12067.0,2920.8,6217.7,2860.0,10051.0,40.7,3.2,41.2,1438.0,270.0,347.0,563.0,258.0,1162.0,223.0,300.0,376.0,263.0,,21696.16085,,62541.31639,110903.0794,1.498013245,162.0,435.4,1387.5,57.1,21.5,21.0,62.1331,44.1391,90047.41,161.2019513,87.97,2.921450494,19.51216141,4.09,4.38,3.93,3.99,4.04,4.15,4.2,4.43,4.8,0.29,-0.16,-0.1,-0.05,0.06,0.11,0.34,0.71,,4.3442,362.2007,2.7962,1.0793,34.0,34.0,31.1,30.4,2.92,38.6,31.38,47.6,31.9,25.0,35.0,39.0,26.5,31.5,33.1,31.9,16.481,64.257,19.416,11.499,2.6,3.17,2.47,,8702.0,22179.0,91.771,10.1737
5/1/1965,3407.894,3199.2,19.936,341580.8336,23524.28433,31.2354,32.7989,31.6297,43.8219,31.011,49.6355,12.2865,29.1328,17.9877,46.5233,29.8956,30.9734,40.0317,89.4494,2539.0,0.739801865,74466.0,71034.0,4.6,11.1,1670.0,1043.0,736.0,385.0,351.0,229863,60491.0,20444.0,610.4,3269.0,16477.0,9868.0,6609.0,40047.0,12072.0,2931.8,6238.9,2868.0,10094.0,40.8,3.6,41.3,1478.0,281.0,351.0,564.0,281.0,1207.0,252.0,309.0,381.0,265.0,,21110.21026,,63444.56061,111569.135,1.508344371,161.7,437.1,1388.5,57.2,21.5,21.0,62.925,44.5438,90885.88,161.4600817,89.28,2.900985663,19.64481535,4.1,4.38,3.89,3.95,4.03,4.15,4.21,4.44,4.81,0.28,-0.21,-0.15,-0.07,0.05,0.11,0.34,0.71,,4.3471,362.5159,2.7971,1.0796,34.1,34.1,31.1,30.8,2.92,39.5,31.48,47.7,32.0,25.1,35.1,38.9,26.5,31.5,33.3,31.9,16.518,64.319,19.479,11.521,2.62,3.22,2.49,105.4,8789.0,22441.0,90.884,13.1082
6/1/1965,3417.802,3208.7,19.77,345061.1002,23383.43843,31.4774,32.9711,31.8501,43.9381,31.2845,49.6811,12.4629,29.4744,18.2347,47.0597,30.0744,30.9734,40.3463,89.4582,2563.0,0.756716859,74412.0,71025.0,4.6,11.6,1656.0,1009.0,786.0,417.0,369.0,230657,60690.0,20522.0,607.2,3279.0,16554.0,9934.0,6620.0,40168.0,12110.0,2945.0,6259.3,2871.0,10128.0,40.6,3.5,41.2,1488.0,285.0,376.0,558.0,270.0,1241.0,258.0,308.0,419.0,256.0,,21409.29901,,64265.77843,112399.2912,1.518675497,162.2,440.1,1392.3,57.8,21.7,21.2,64.1511,44.9974,91830.09,162.1866655,85.04,3.069143932,18.44548969,4.05,4.38,3.8,3.86,3.99,4.15,4.21,4.46,4.85,0.33,-0.24,-0.18,-0.05,0.11,0.17,0.42,0.81,,4.3337,361.8207,2.7923,1.0825,34.2,34.3,31.2,31.6,2.92,39.7,31.61,47.8,31.9,25.1,35.3,38.8,26.5,31.5,33.4,32.1,16.566,63.825,19.668,11.532,2.63,3.25,2.49,,8918.0,22747.0,90.9282,20.7568
7/1/1965,3440.831,3230.4,20.018,351339.2676,23764.72841,31.7731,33.2293,32.043,43.9381,31.5083,49.5443,12.6784,29.7427,18.4527,47.4531,30.5339,30.594,40.9754,90.2974,2575.0,0.780066647,74761.0,71460.0,4.4,11.6,1654.0,959.0,683.0,359.0,324.0,220110,60965.0,20611.0,608.9,3249.0,16669.0,10018.0,6651.0,40354.0,12143.0,2954.0,6278.9,2880.0,10201.0,40.7,3.5,41.2,1529.0,242.0,424.0,606.0,258.0,1237.0,240.0,345.0,402.0,250.0,,22097.76744,,65086.04245,113403.201,1.508344371,163.0,442.9,1402.5,58.4,21.9,21.3,64.8904,45.4582,92694.63,162.5081171,84.91,3.093475445,18.27649776,4.09,4.38,3.84,3.9,3.98,4.15,4.2,4.48,4.88,0.29,-0.25,-0.19,-0.11,0.06,0.11,0.39,0.79,,4.3238,362.332,2.791,1.0837,34.1,34.3,31.2,31.2,2.92,39.4,31.58,47.7,31.9,25.3,35.3,38.7,26.6,31.5,33.4,32.0,16.578,63.777,19.671,11.552,2.62,3.21,2.49,,9075.0,22995.0,90.966,14.4243
8/1/1965,3455.192,3247.6,20.165,346342.1805,23840.18158,31.9075,33.258,32.0705,43.8994,31.1851,49.6811,12.6784,30.0355,18.6852,47.78,30.5594,30.7837,41.0934,89.8508,2660.0,0.81745544,74616.0,71362.0,4.4,11.9,1613.0,940.0,733.0,406.0,327.0,247092,61228.0,20726.0,608.9,3303.0,16732.0,10079.0,6653.0,40502.0,12176.0,2959.3,6292.0,2886.0,10271.0,40.6,3.5,41.1,1432.0,260.0,339.0,601.0,232.0,1249.0,261.0,320.0,397.0,271.0,,22295.27887,,65822.37248,114368.499,1.518675497,163.7,445.8,1413.0,58.2,21.6,21.0,65.4792,45.9554,93287.1,162.8331297,86.49,3.056226153,18.47092768,4.12,4.38,3.84,3.95,4.07,4.2,4.25,4.49,4.88,0.26,-0.28,-0.17,-0.05,0.08,0.13,0.37,0.76,,4.3176,362.3451,2.7908,1.0786,34.2,34.3,31.3,31.5,2.92,39.4,31.55,47.8,31.9,25.3,35.2,38.5,26.6,31.5,33.3,32.0,16.582,63.838,19.623,11.576,2.64,3.24,2.5,103.4,9225.0,23323.0,90.9096,9.7061
9/1/1965,3539.729,3268.7,20.502,348877.7902,23903.56223,31.9881,33.5737,32.5114,44.5575,31.757,50.3192,12.9234,29.7916,18.5544,47.611,30.636,31.8135,40.4249,89.5586,2758.0,0.857587065,74502.0,71286.0,4.3,11.9,1627.0,860.0,732.0,376.0,356.0,228216,61490.0,20808.0,603.4,3320.0,16802.0,10130.0,6672.0,40682.0,12219.0,2970.7,6317.0,2894.0,10338.0,40.7,3.5,41.1,1482.0,278.0,361.0,573.0,269.0,1227.0,264.0,306.0,403.0,254.0,,21656.65856,,67007.94013,114744.9652,1.518675497,164.8,449.5,1421.6,58.6,21.8,21.2,66.3883,46.4854,94126.48,160.297139,89.38,2.976057284,18.94503353,4.02,4.38,3.92,4.07,4.2,4.25,4.29,4.52,4.91,0.36,-0.09,0.06,0.19,0.24,0.28,0.51,0.9,,4.3174,362.3582,2.7967,1.0766,34.3,34.3,31.3,31.4,2.92,39.6,31.62,47.8,31.9,25.3,35.2,38.5,26.7,31.6,33.4,32.1,16.59,63.827,19.59,11.602,2.65,3.25,2.51,,9192.0,23408.0,91.4865,12.0234
10/1/1965,3524.562,3305.3,20.789,354232.0366,24520.26609,32.3107,33.918,32.7869,44.7898,32.0554,50.456,13.1096,30.1087,18.5835,48.2771,30.8913,32.4367,40.7788,89.7893,2848.0,0.90614063,74838.0,71695.0,4.2,12.1,1533.0,920.0,672.0,336.0,336.0,218745,61719.0,20895.0,608.5,3340.0,16864.0,10161.0,6703.0,40824.0,12260.0,2980.1,6338.8,2904.0,10378.0,40.7,3.7,41.2,1452.0,250.0,364.0,562.0,277.0,1279.0,273.0,305.0,448.0,253.0,,22774.9495,,68527.33615,115208.3082,1.508344371,166.0,452.6,1430.0,59.1,22.0,21.5,67.05,46.9676,94804.53,162.0867328,91.39,2.932487143,19.16167558,4.08,4.38,4.03,4.19,4.3,4.34,4.35,4.56,4.93,0.3,-0.05,0.11,0.22,0.26,0.27,0.48,0.85,,4.3197,362.2926,2.8031,1.0753,34.4,34.5,31.3,31.8,2.92,39.4,31.65,47.9,31.8,25.4,35.3,38.5,26.8,31.7,33.5,32.2,16.595,63.317,19.627,11.623,2.66,3.27,2.52,,9210.0,23429.0,93.9563,10.8908
11/1/1965,3550.773,3328.6,20.78,360404.8061,24816.04249,32.4451,34.2337,33.09,45.022,32.2793,50.775,13.3545,29.9867,18.4236,48.375,31.019,31.7863,41.7226,89.6483,3040.0,0.989261308,74797.0,71724.0,4.1,11.7,1531.0,895.0,645.0,334.0,311.0,220030,61996.0,21021.0,610.9,3365.0,16962.0,10233.0,6729.0,40975.0,12293.0,2984.6,6363.5,2910.0,10436.0,40.7,3.8,41.3,1460.0,288.0,393.0,529.0,251.0,1306.0,279.0,308.0,424.0,295.0,,23013.84428,,69678.56717,115941.9346,1.487682119,166.7,455.7,1435.3,59.6,21.9,21.5,67.754,47.435,95405.27,161.6490512,92.15,2.930005426,19.16478813,4.1,4.38,4.09,4.24,4.37,4.46,4.45,4.6,4.95,0.28,-0.01,0.14,0.27,0.36,0.35,0.5,0.85,,4.3197,361.5198,2.8037,1.0752,34.5,34.7,31.4,32.1,2.92,39.6,31.75,48.0,31.9,25.5,35.4,38.6,26.9,31.7,33.5,32.2,16.623,63.332,19.652,11.651,2.66,3.28,2.52,102.9,9204.0,23516.0,94.07,10.8016
12/1/1965,3569.718,3346.5,20.823,363489.1958,24904.5742,32.8483,34.6641,33.4481,45.293,32.9507,50.7294,13.6386,30.3283,18.6416,48.925,31.504,31.8947,41.8012,90.5141,3104.0,1.024084461,75093.0,72062.0,4.0,11.4,1436.0,857.0,659.0,366.0,293.0,208651,62322.0,21151.0,609.9,3406.0,17051.0,10304.0,6747.0,41171.0,12343.0,2993.2,6407.9,2915.0,10499.0,40.9,3.8,41.3,1656.0,338.0,451.0,635.0,232.0,1315.0,273.0,380.0,441.0,221.0,,23541.48197,,71018.64967,116714.1729,1.487682119,167.8,459.2,1441.8,61.0,22.7,22.2,69.1577,47.8224,95954.72,161.1330311,91.73,2.965224027,18.8462356,4.32,4.65,4.38,4.55,4.72,4.72,4.62,4.68,5.02,0.33,0.06,0.23,0.4,0.4,0.3,0.36,0.7,,4.3174,361.1542,2.8021,1.076,34.7,34.9,31.4,32.7,2.92,39.1,31.85,48.1,32.0,25.5,35.5,38.7,26.9,31.8,33.7,32.3,16.683,63.738,19.74,11.675,2.67,3.28,2.53,,9218.0,23851.0,95.0753,12.5131
1/1/1966,3578.381,3353.6,20.956,361688.8092,25069.56512,33.1709,34.9511,33.8338,45.5253,33.0502,51.0029,13.913,30.7431,19.0339,49.1243,31.8104,32.1657,42.4698,90.8594,3133.0,1.048527443,75186.0,72198.0,4.0,11.9,1523.0,777.0,623.0,333.0,290.0,217763,62529.0,21214.0,610.8,3379.0,17143.0,10382.0,6761.0,41315.0,12385.0,3003.8,6417.9,2921.0,10541.0,41.0,3.9,41.5,1370.0,278.0,340.0,485.0,268.0,1325.0,304.0,338.0,430.0,253.0,,24257.22579,,73059.77177,117534.6762,1.487682119,169.1,462.0,1449.2,60.5,22.8,22.4,69.9831,48.3775,97030.72,162.3401707,93.32,2.936133733,18.99324148,4.42,4.82,4.59,4.71,4.88,4.86,4.61,4.74,5.06,0.4,0.17,0.29,0.46,0.44,0.19,0.32,0.64,,4.3286,361.076,2.8039,1.0749,34.7,35.0,31.4,33.1,2.92,39.3,31.88,48.3,31.9,25.6,35.6,38.6,27.0,31.8,33.7,32.4,16.703,63.232,19.814,11.699,2.67,3.28,2.54,,9159.0,23761.0,95.3825,10.8483
2/1/1966,3596.166,3370.7,21.097,364374.5422,25144.01224,33.3859,35.0658,33.9441,45.6414,33.0004,51.2763,13.8738,31.0847,19.3099,49.4584,32.0147,32.7348,41.8799,90.9108,3201.0,1.135106383,74954.0,72134.0,3.8,11.2,1505.0,758.0,594.0,324.0,270.0,210278,62796.0,21315.0,609.5,3336.0,17288.0,10492.0,6796.0,41481.0,12418.0,3014.3,6427.2,2924.0,10611.0,41.2,4.0,41.7,1378.0,221.0,347.0,572.0,237.0,1159.0,234.0,317.0,382.0,226.0,,24153.76742,,74706.97638,118963.3171,1.487682119,169.6,464.6,1448.3,59.8,22.2,21.7,70.683,48.9637,97758.36,162.0931189,92.69,2.977667494,18.57124703,4.6,4.88,4.65,4.82,4.94,4.98,4.83,4.78,5.12,0.28,0.05,0.22,0.34,0.38,0.23,0.18,0.52,,4.3333,361.9123,2.8025,1.0765,35.0,35.3,31.6,33.7,2.92,39.2,32.08,48.4,32.0,25.6,35.8,38.6,27.0,31.9,33.9,32.5,16.772,63.459,19.952,11.724,2.69,3.33,2.56,100.0,9099.0,23673.0,94.346,12.9332
3/1/1966,3615.405,3389.3,21.261,371052.9729,25583.65268,33.8429,35.4389,34.2747,45.9898,33.2492,51.641,14.1481,31.6459,19.6296,50.3145,32.4487,32.6806,41.9979,91.5884,3387.0,1.173190163,75075.0,72188.0,3.8,11.1,1523.0,814.0,583.0,315.0,268.0,181579,63192.0,21515.0,611.4,3421.0,17400.0,10580.0,6820.0,41677.0,12456.0,3023.3,6455.3,2936.0,10692.0,41.2,3.9,41.6,1394.0,257.0,363.0,544.0,230.0,1234.0,273.0,344.0,395.0,222.0,,25199.63749,,77000.85425,120102.3687,1.477350993,170.5,467.2,1451.8,59.9,22.2,21.6,71.521,49.4107,98446.39,161.9450403,88.88,3.127812781,17.59539472,4.66,5.21,4.59,4.78,4.97,4.92,4.87,4.92,5.32,0.55,-0.06,0.13,0.32,0.27,0.22,0.27,0.67,,4.3403,362.122,2.7952,1.0764,35.0,35.3,31.7,33.5,2.92,39.1,32.18,48.5,32.1,25.8,35.9,38.7,27.1,31.9,34.0,32.6,16.813,63.443,20.044,11.743,2.7,3.34,2.56,,9090.0,23642.0,92.9743,16.8573
4/1/1966,3612.477,3388.0,21.272,368818.4355,25235.56208,33.8967,35.6111,34.5226,46.1446,33.8709,51.5498,14.2559,31.5727,19.833,50.1837,32.6274,32.7619,42.2338,91.5416,3256.0,1.151343706,75338.0,72510.0,3.8,10.8,1563.0,653.0,575.0,324.0,251.0,176263,63437.0,21568.0,574.9,3394.0,17517.0,10674.0,6843.0,41869.0,12511.0,3030.3,6472.5,2942.0,10759.0,41.2,4.1,41.8,1352.0,241.0,343.0,529.0,239.0,1145.0,245.0,291.0,394.0,215.0,,24716.20474,,78718.63971,121086.9726,1.498013245,171.8,469.3,1453.8,60.5,22.5,21.9,72.3728,49.8439,98805.09,162.1084331,91.6,3.053133188,17.86234292,4.67,5.38,4.62,4.74,4.9,4.83,4.75,4.96,5.41,0.71,-0.05,0.07,0.23,0.16,0.08,0.29,0.74,,4.3286,362.437,2.7934,1.0772,35.1,35.3,31.8,33.3,2.92,39.1,32.28,48.7,32.2,25.9,36.0,38.7,27.3,32.1,34.2,32.8,16.871,63.622,20.11,11.788,2.72,3.38,2.58,,9112.0,23709.0,93.1849,13.0255
5/1/1966,3624.307,3399.6,21.074,363859.0051,24801.9579,34.2192,35.8693,34.7431,46.1447,33.3237,51.8689,14.4421,31.9387,19.9492,50.6389,32.8571,33.06,42.5877,91.6379,3287.0,1.114237288,75447.0,72497.0,3.9,10.2,1631.0,821.0,534.0,249.0,285.0,189249,63712.0,21675.0,608.5,3360.0,17625.0,10754.0,6871.0,42037.0,12542.0,3041.5,6507.9,2949.0,10821.0,40.8,4.0,41.5,1265.0,204.0,315.0,526.0,219.0,1078.0,234.0,275.0,369.0,200.0,,24418.99706,,80158.87073,122612.1433,1.518675497,171.3,470.1,1453.2,60.6,22.5,21.8,73.3273,50.1946,99305.44,162.2107808,86.78,3.241910578,16.78305951,4.9,5.39,4.64,4.81,4.93,4.89,4.78,4.98,5.48,0.49,-0.26,-0.09,0.03,-0.01,-0.12,0.08,0.58,,4.3165,362.2795,2.7923,1.0769,35.1,35.2,32.0,33.0,2.92,38.8,32.35,48.8,32.1,26.0,36.0,38.8,27.4,32.2,34.2,32.8,16.892,63.633,20.09,11.827,2.72,3.39,2.58,95.7,9150.0,23784.0,92.8476,21.2684
6/1/1966,3642.069,3419.3,21.13,371447.601,25374.3959,34.3805,36.0702,34.991,46.3382,33.3238,52.1424,14.5792,32.1339,20.0655,50.9401,33.0103,33.6561,41.4474,91.5205,3322.0,1.156685237,75647.0,72775.0,3.8,9.7,1647.0,779.0,475.0,245.0,230.0,190957,64111.0,21846.0,609.5,3422.0,17733.0,10835.0,6898.0,42265.0,12598.0,3054.9,6539.2,2959.0,10902.0,40.9,4.0,41.4,1194.0,224.0,286.0,490.0,194.0,956.0,204.0,246.0,327.0,179.0,,25066.08214,,82104.61329,124253.1498,1.518675497,171.6,471.2,1455.2,61.1,22.6,21.9,75.3919,50.7663,99788.67,161.8107183,86.06,3.288403439,16.46082405,5.17,5.51,4.5,4.65,4.97,4.97,4.81,5.07,5.58,0.34,-0.67,-0.52,-0.2,-0.2,-0.36,-0.1,0.41,,4.3161,362.529,2.7898,1.0767,34.9,35.1,32.0,33.0,2.92,38.6,32.38,48.9,32.2,26.1,36.0,38.8,27.5,32.3,34.2,32.9,16.934,63.695,20.116,11.873,2.73,3.42,2.58,,9243.0,23977.0,91.8275,14.2204
7/1/1966,3656.698,3434.6,21.312,364631.6493,25481.03637,34.5687,36.2997,35.1839,46.2608,32.702,52.4614,14.8144,32.2071,20.0364,51.4949,33.1635,34.0084,42.3518,91.4046,3326.0,1.156467316,75736.0,72860.0,3.8,9.7,1640.0,809.0,427.0,218.0,209.0,213734,64301.0,21872.0,611.2,3420.0,17760.0,10852.0,6908.0,42429.0,12622.0,3070.5,6559.3,2973.0,10974.0,40.8,3.9,41.2,1086.0,192.0,256.0,459.0,179.0,932.0,226.0,228.0,306.0,172.0,,24476.36943,,83892.02582,125546.649,1.539337748,170.3,470.9,1451.2,62.1,23.1,22.3,76.7826,51.0945,100061.44,161.2853643,85.84,3.320130475,16.2394577,5.3,5.63,4.8,4.93,5.17,5.17,5.02,5.16,5.68,0.33,-0.5,-0.37,-0.13,-0.13,-0.28,-0.14,0.38,,4.317,362.6605,2.7888,1.0751,35.1,35.2,32.2,33.4,2.92,38.6,32.45,49.1,32.5,26.3,36.1,38.9,27.7,32.4,34.3,33.0,16.967,63.885,20.129,11.904,2.74,3.42,2.6,,9293.0,24142.0,91.8803,17.7957
8/1/1966,3675.041,3444.1,21.345,372876.1244,25769.77048,34.5955,36.185,35.2114,46.1059,32.1798,52.5526,14.8732,32.4754,20.2253,51.6614,33.2401,34.2523,42.981,91.0801,3287.0,1.133448276,76046.0,73146.0,3.8,9.8,1622.0,827.0,464.0,259.0,205.0,196906,64507.0,21972.0,614.9,3394.0,17882.0,10951.0,6931.0,42535.0,12643.0,3076.7,6576.7,2973.0,11006.0,40.8,4.0,41.4,1119.0,233.0,295.0,412.0,178.0,877.0,208.0,220.0,305.0,144.0,,23920.51582,,84937.38554,126927.0251,1.539337748,170.8,472.6,1447.5,61.7,22.7,21.9,76.9939,51.3113,100586.7,160.7073015,80.65,3.558586485,15.05726305,5.53,5.85,4.96,5.27,5.54,5.5,5.22,5.31,5.83,0.32,-0.57,-0.26,0.01,-0.03,-0.31,-0.22,0.3,,4.3271,362.621,2.7888,1.0754,35.4,35.6,32.3,33.5,2.92,38.6,32.65,49.1,32.6,26.4,36.2,39.0,27.7,32.5,34.5,33.1,17.032,63.937,20.27,11.931,2.76,3.44,2.61,91.2,9317.0,24300.0,92.4919,24.379
9/1/1966,3697.138,3453.4,21.542,373908.154,25822.08467,34.9181,36.4432,35.4594,46.2608,32.3787,52.6893,15.0397,32.7927,20.6321,51.622,33.4954,33.9542,43.1382,91.2464,3222.0,1.151536812,76056.0,73258.0,3.7,10.1,1555.0,793.0,488.0,286.0,202.0,191811,64643.0,21948.0,614.3,3367.0,17886.0,10988.0,6898.0,42695.0,12684.0,3076.0,6582.6,2978.0,11063.0,40.7,3.8,41.2,1046.0,184.0,271.0,441.0,149.0,774.0,159.0,218.0,261.0,136.0,,25700.94033,,87001.39873,128037.1177,1.56,172.0,475.4,1451.6,62.4,23.2,22.5,77.4883,51.6309,100672.45,159.3675004,77.81,3.714175556,14.43981029,5.4,5.89,5.37,5.79,5.82,5.5,5.18,5.49,6.09,0.49,-0.03,0.39,0.42,0.1,-0.22,0.09,0.69,,4.3286,362.6605,2.7893,1.0764,35.6,35.7,32.2,33.4,2.97,38.5,32.75,49.4,32.6,26.7,36.4,39.0,27.9,32.5,34.6,33.2,17.086,63.975,20.34,11.976,2.77,3.47,2.63,,9220.0,24288.0,93.7842,20.5795
10/1/1966,3712.521,3468.5,21.448,369336.4678,25711.42003,35.16,36.7876,35.9278,47.2286,34.0449,53.0995,14.9907,32.9391,20.7774,51.2199,33.8272,34.1439,43.8068,91.618,3228.0,1.153681201,76199.0,73401.0,3.7,10.3,1541.0,780.0,494.0,273.0,221.0,195266,64854.0,21991.0,613.9,3340.0,17956.0,11036.0,6920.0,42863.0,12719.0,3085.9,6597.3,2983.0,11127.0,40.9,3.9,41.3,843.0,122.0,220.0,372.0,129.0,739.0,141.0,197.0,261.0,140.0,,24889.26238,,88055.34262,129533.3295,1.570331126,171.2,475.7,1448.1,62.6,23.4,22.6,78.0104,51.9758,100953.07,158.7312421,77.13,3.738273046,14.14856865,5.53,6.0,5.35,5.62,5.58,5.27,5.01,5.41,6.1,0.47,-0.18,0.09,0.05,-0.26,-0.52,-0.12,0.57,,4.3358,362.6736,2.7916,1.0796,35.5,35.7,32.1,32.9,2.97,38.4,32.85,49.6,32.7,26.9,36.4,39.0,28.0,32.7,34.7,33.3,17.131,64.076,20.366,12.024,2.78,3.46,2.64,,9244.0,24340.0,93.8593,23.922
11/1/1966,3735.585,3482.4,21.493,369162.2136,25720.47441,34.9181,36.7302,35.8176,46.9963,33.0253,53.4186,14.7752,32.4511,20.2398,51.2652,33.4699,34.442,42.7843,90.1293,3232.0,1.166787004,76610.0,73840.0,3.6,9.7,1499.0,776.0,464.0,264.0,200.0,203871,65019.0,21988.0,611.4,3314.0,17981.0,11042.0,6939.0,43031.0,12749.0,3097.5,6602.8,2991.0,11203.0,40.7,3.8,41.2,961.0,180.0,212.0,409.0,159.0,736.0,170.0,189.0,251.0,126.0,,24054.07117,,88372.95648,130894.3996,1.590993378,171.4,477.3,1451.6,63.0,23.2,22.6,78.3726,52.2246,101437.35,158.2732876,80.99,3.551882949,14.79283347,5.76,6.0,5.32,5.54,5.54,5.36,5.16,5.35,6.13,0.24,-0.44,-0.22,-0.22,-0.4,-0.6,-0.41,0.37,,4.3213,362.6079,2.7911,1.0823,35.5,35.6,32.2,32.3,2.97,38.7,32.88,49.7,32.8,27.1,36.4,39.0,28.2,32.8,34.7,33.3,17.156,64.136,20.371,12.055,2.79,3.48,2.65,88.3,9296.0,24429.0,94.613,16.5394
12/1/1966,3734.371,3478.0,21.527,369310.2844,25537.37474,34.9987,36.845,35.9278,46.8802,32.6772,53.4641,14.9809,32.451,20.1381,51.6204,33.623,34.3607,42.5484,90.0246,3194.0,1.096840659,76641.0,73729.0,3.8,9.5,1582.0,745.0,488.0,278.0,210.0,216328,65199.0,22008.0,612.3,3318.0,17998.0,11052.0,6946.0,43191.0,12787.0,3105.8,6631.4,3002.0,11256.0,40.6,3.5,40.9,990.0,179.0,242.0,409.0,160.0,743.0,151.0,176.0,285.0,131.0,,23984.4719,,88704.87727,132043.1041,1.601324503,172.0,480.2,1458.7,64.2,23.8,23.3,78.976,52.542,101788.22,158.5486293,81.33,3.528833149,14.80471677,5.4,6.0,4.96,5.07,5.2,5.0,4.84,5.39,6.18,0.6,-0.44,-0.33,-0.2,-0.4,-0.56,-0.01,0.78,,4.3236,362.621,2.7901,1.0832,35.4,35.4,32.2,32.1,2.97,38.6,32.92,49.9,32.6,27.2,36.4,38.9,28.2,32.8,34.7,33.4,17.192,64.461,20.382,12.083,2.79,3.49,2.64,,9342.0,24796.0,96.8275,15.2928
1/1/1967,3769.197,3508.2,21.629,364393.989,24301.95494,35.1638,37.2292,36.1866,47.3053,31.8616,54.7033,14.8755,32.3148,20.1042,51.4605,33.7234,35.245,42.8516,89.8425,3220.0,1.08490566,76639.0,73671.0,3.9,9.3,1608.0,854.0,489.0,286.0,203.0,209000,65407.0,22057.0,611.7,3329.0,18033.0,11049.0,6984.0,43350.0,12814.0,3111.3,6630.5,3012.0,11315.0,40.8,3.5,41.1,1067.0,214.0,287.0,435.0,131.0,995.0,289.0,234.0,322.0,150.0,,23441.78572,,88932.83436,133491.051,1.601324503,171.9,481.6,1463.8,63.8,24.1,23.7,79.274,52.8101,102198.55,157.7138117,84.45,3.410301954,15.3306887,4.94,5.73,4.72,4.74,4.75,4.7,4.58,5.2,5.97,0.79,-0.22,-0.2,-0.19,-0.24,-0.36,0.26,1.03,,4.3311,362.621,2.791,1.0796,35.4,35.4,32.2,32.2,2.97,39.6,32.9,50.1,32.6,27.4,36.4,38.9,28.3,32.9,34.8,33.3,17.193,64.148,20.366,12.11,2.8,3.52,2.65,,9252.0,24572.0,98.1401,14.0279
2/1/1967,3773.752,3507.6,21.549,362995.316,24056.48064,34.765,36.9965,35.9711,46.6691,30.9762,54.2699,14.8938,31.7003,19.535,50.9109,33.3443,35.4133,42.3329,88.3949,3189.0,1.09399657,76521.0,73606.0,3.8,9.2,1596.0,862.0,459.0,258.0,201.0,229000,65429.0,21987.0,609.7,3317.0,17978.0,11031.0,6947.0,43442.0,12819.0,3110.5,6628.5,3023.0,11353.0,40.0,3.4,40.4,1123.0,237.0,252.0,448.0,186.0,907.0,200.0,229.0,310.0,168.0,,23301.64666,,89138.85416,134050.9238,1.621986755,173.0,485.1,1470.0,63.3,23.7,23.4,79.558,53.0139,102362.59,157.5778787,87.36,3.308150183,15.83609984,5.0,5.38,4.56,4.59,4.71,4.74,4.63,5.03,5.82,0.38,-0.44,-0.41,-0.29,-0.26,-0.37,0.03,0.82,,4.3363,362.6342,2.7941,1.0807,35.3,35.3,32.1,31.5,3.0,39.8,33.0,50.3,32.8,27.5,36.4,39.0,28.4,33.0,34.8,33.4,17.213,64.047,20.376,12.14,2.82,3.52,2.67,94.1,9094.0,24350.0,99.5001,13.9889
3/1/1967,3796.76,3521.1,21.661,365624.437,24298.93681,34.5691,37.0963,36.0686,46.8189,31.2619,54.3049,14.8689,31.114,19.098,50.4726,33.1757,35.9817,42.7302,87.5162,3102.0,1.073727934,76328.0,73439.0,3.8,8.9,1586.0,869.0,436.0,256.0,180.0,260750,65530.0,21919.0,608.4,3290.0,17940.0,11005.0,6935.0,43611.0,12864.0,3120.7,6667.2,3037.0,11397.0,40.2,3.3,40.5,1056.0,134.0,270.0,469.0,183.0,955.0,172.0,248.0,354.0,181.0,,22950.82873,,88781.1809,134852.1211,1.621986755,174.8,489.7,1483.9,63.2,23.4,23.2,80.1231,53.2514,102732.16,157.1068359,89.42,3.243122344,16.14953657,4.53,5.24,4.26,4.22,4.35,4.54,4.54,5.13,5.85,0.71,-0.27,-0.31,-0.18,0.01,0.01,0.6,1.32,,4.3329,362.227,2.7963,1.0821,35.3,35.2,32.1,31.1,3.0,39.8,33.0,50.4,32.8,27.6,36.4,39.0,28.5,33.0,34.9,33.4,17.222,64.077,20.361,12.159,2.82,3.53,2.67,,9010.0,24212.0,101.176,13.7114
4/1/1967,3793.589,3522.2,21.867,365385.317,24360.30538,34.8951,37.4475,36.4619,47.618,31.5032,55.4231,14.8576,31.4103,19.0556,51.2331,33.3915,36.5469,43.3419,87.6555,3133.0,1.082210708,76777.0,73882.0,3.8,8.8,1547.0,896.0,428.0,254.0,174.0,263000,65466.0,21842.0,605.8,3277.0,17878.0,10944.0,6934.0,43624.0,12816.0,3128.0,6616.8,3051.0,11435.0,40.0,3.2,40.4,1091.0,173.0,268.0,484.0,168.0,1035.0,220.0,276.0,356.0,183.0,,23119.18371,,88880.37562,135383.0349,1.621986755,174.2,492.1,1486.7,63.3,23.4,23.3,81.185,53.505,102885.94,157.221791,90.96,3.1882146,16.38783156,4.05,4.83,3.84,3.89,4.11,4.51,4.59,5.11,5.83,0.78,-0.21,-0.16,0.06,0.46,0.54,1.06,1.78,,4.3241,361.991,2.7992,1.0825,35.3,35.3,32.1,30.7,3.0,39.8,33.1,50.6,33.0,27.8,36.4,39.1,28.6,33.1,34.9,33.4,17.251,64.249,20.352,12.194,2.83,3.55,2.68,,8974.0,24162.0,100.7209,16.4203
5/1/1967,3800.579,3527.6,21.865,365086.116,24249.64074,34.5907,37.1763,36.1249,46.6983,31.0637,54.2274,14.9133,31.0662,18.9073,50.7899,33.1547,37.6124,43.2129,86.6106,3107.0,1.060771594,76773.0,73844.0,3.8,8.7,1581.0,905.0,417.0,264.0,153.0,235750,65620.0,21779.0,604.1,3262.0,17832.0,10927.0,6905.0,43841.0,12892.0,3128.0,6677.7,3065.0,11474.0,40.0,3.2,40.4,1304.0,205.0,375.0,501.0,223.0,1076.0,204.0,277.0,393.0,202.0,,24423.69971,,89914.2898,135730.5422,1.632317881,175.7,497.2,1502.1,63.4,23.3,23.2,81.6022,53.7975,103151.4,157.0275537,92.59,3.132087698,16.65707697,3.94,4.67,3.6,3.8,4.15,4.75,4.85,5.24,5.96,0.73,-0.34,-0.14,0.21,0.81,0.91,1.3,2.02,,4.3161,361.9516,2.7969,1.0823,35.4,35.4,32.1,31.1,3.0,39.4,33.1,50.7,33.1,27.9,36.5,39.2,28.6,33.2,34.9,33.5,17.284,64.398,20.384,12.22,2.84,3.58,2.69,95.9,8961.0,24110.0,100.38,15.9175
6/1/1967,3815.624,3541.4,21.994,367798.148,24976.0032,34.5863,37.2188,36.1171,46.8382,30.7275,54.6796,14.8326,31.002,18.7748,50.8626,33.1076,36.9329,43.9916,86.0691,3100.0,1.036096257,77270.0,74278.0,3.9,8.3,1704.0,883.0,422.0,272.0,150.0,232000,65750.0,21761.0,602.7,3264.0,17812.0,10904.0,6908.0,43989.0,12909.0,3127.3,6697.9,3081.0,11534.0,40.1,3.2,40.4,1248.0,192.0,327.0,505.0,223.0,1169.0,226.0,306.0,406.0,231.0,,24854.46275,,91170.43831,135971.8667,1.611655629,177.0,502.0,1507.5,64.0,23.5,23.4,82.6929,54.1712,103741.04,156.8032648,91.43,3.17182544,16.44856732,3.98,4.65,3.54,3.89,4.48,5.01,5.02,5.44,6.15,0.67,-0.44,-0.09,0.5,1.03,1.04,1.46,2.17,,4.3167,361.9647,2.7912,1.0806,35.7,35.7,32.2,31.4,3.0,39.5,33.3,50.9,33.1,28.1,36.6,39.3,28.8,33.3,35.1,33.6,17.339,64.471,20.463,12.261,2.85,3.61,2.69,,9010.0,24212.0,99.9868,17.5138
7/1/1967,3835.148,3557.6,21.916,365421.365,24802.96394,34.5076,37.09,35.9131,46.7701,31.1393,54.2857,14.5343,30.9904,18.6266,50.4028,32.9734,36.1895,43.4767,85.3074,3041.0,1.03294837,77464.0,74520.0,3.8,8.3,1642.0,863.0,412.0,261.0,151.0,227800,65888.0,21772.0,604.2,3303.0,17784.0,10873.0,6911.0,44116.0,12945.0,3133.0,6719.0,3094.0,11544.0,40.2,3.3,40.5,1364.0,260.0,347.0,509.0,248.0,1177.0,228.0,329.0,396.0,224.0,,23987.2935,,91897.23038,136493.1276,1.621986755,178.1,506.3,1515.9,64.8,24.0,23.9,83.7351,54.5249,104094.25,156.0165618,93.01,3.125115579,16.75346183,3.79,4.92,4.21,4.72,5.01,5.23,5.16,5.58,6.26,1.13,0.42,0.93,1.22,1.44,1.37,1.79,2.47,,4.3238,362.0565,2.7873,1.078,35.7,35.6,32.2,31.3,3.0,39.4,33.4,51.1,33.3,28.2,36.8,39.4,28.8,33.4,35.2,33.7,17.398,64.839,20.547,12.286,2.88,3.65,2.71,,9010.0,24275.0,102.4145,10.577
8/1/1967,3853.272,3572.9,21.981,370329.939,24809.0002,35.1687,37.5535,36.3092,47.2243,31.4924,54.784,14.8025,31.912,19.4811,51.1515,33.5922,35.532,43.9547,86.4918,3131.0,1.063157895,77712.0,74767.0,3.8,8.9,1595.0,928.0,441.0,241.0,200.0,212750,66143.0,21887.0,590.5,3312.0,17905.0,10987.0,6918.0,44256.0,12969.0,3149.9,6729.0,3110.0,11590.0,40.3,3.4,40.6,1407.0,181.0,388.0,568.0,271.0,1229.0,220.0,337.0,407.0,265.0,,24494.23951,,92188.13797,137583.9142,1.611655629,179.7,510.8,1524.8,64.7,23.8,23.7,83.5123,54.8836,104677.52,155.6543048,94.49,3.083215155,17.04814343,3.9,5.0,4.27,4.83,5.13,5.31,5.28,5.62,6.33,1.1,0.37,0.93,1.23,1.41,1.38,1.72,2.43,,4.3363,362.332,2.7853,1.076,35.8,35.7,32.2,31.3,3.07,39.4,33.5,51.3,33.4,28.3,37.0,39.6,28.9,33.5,35.4,33.9,17.452,65.092,20.625,12.316,2.89,3.66,2.73,97.0,8974.0,24361.0,103.9897,12.2316
9/1/1967,3856.287,3577.9,22.165,371637.29,25513.22972,35.1116,37.6059,36.3202,47.3173,31.3946,55.0109,14.7267,31.7041,19.1411,51.9096,33.5864,35.1155,44.8349,86.0644,3095.0,1.046315078,77812.0,74854.0,3.8,8.4,1667.0,895.0,448.0,286.0,162.0,216400,66164.0,21775.0,587.4,3314.0,17794.0,10839.0,6955.0,44389.0,12992.0,3145.1,6761.2,3123.0,11623.0,40.3,3.4,40.6,1421.0,278.0,325.0,561.0,255.0,1279.0,243.0,363.0,429.0,244.0,,24054.07117,,92350.28318,138143.787,1.611655629,180.7,514.7,1531.8,65.2,24.2,24.1,83.7365,55.3227,105172.29,155.8108,95.81,3.04769857,17.31758094,3.99,5.0,4.42,4.96,5.24,5.4,5.3,5.65,6.4,1.01,0.43,0.97,1.25,1.41,1.31,1.66,2.41,,4.3427,362.0827,2.7837,1.0754,35.8,35.8,32.3,31.2,3.07,39.4,33.6,51.3,33.7,28.5,37.0,39.8,29.0,33.7,35.5,34.0,17.505,65.315,20.67,12.36,2.9,3.69,2.73,,8783.0,24274.0,106.7317,12.835
10/1/1967,3861.274,3579.1,21.957,369058.636,25124.89744,35.3976,37.8024,36.5644,47.9513,31.9741,55.6487,14.6045,32.1045,19.3071,52.6358,33.8666,37.0328,44.9808,86.3701,3164.0,1.006681515,78194.0,75051.0,4.0,8.7,1730.0,962.0,472.0,294.0,178.0,216750,66225.0,21779.0,585.6,3313.0,17800.0,10828.0,6972.0,44446.0,12992.0,3145.4,6766.7,3133.0,11642.0,40.3,3.3,40.6,1491.0,258.0,399.0,580.0,254.0,1280.0,233.0,361.0,433.0,253.0,,24502.70429,,93479.5769,138105.1751,1.621986755,181.6,518.2,1537.7,65.9,24.7,24.5,84.1043,55.7795,105440.72,155.563175,95.66,3.052477525,17.33358363,3.88,5.07,4.56,5.07,5.37,5.57,5.48,5.82,6.52,1.19,0.68,1.19,1.49,1.69,1.6,1.94,2.64,,4.3412,362.0303,2.7832,1.0735,35.9,35.8,32.3,31.3,3.07,40.2,33.7,51.5,33.6,28.7,37.1,39.9,29.2,33.8,35.6,34.1,17.554,65.652,20.696,12.399,2.91,3.71,2.74,,8719.0,24261.0,109.6536,13.256
11/1/1967,3885.754,3601.6,22.107,378999.549,25715.4442,35.9038,38.4153,37.2913,48.9707,33.7606,56.081,14.9884,32.4617,19.6019,53.6259,34.4863,38.036,44.6635,87.5349,3137.0,1.023157208,78191.0,75125.0,3.9,8.9,1680.0,905.0,490.0,308.0,182.0,206250,66703.0,21996.0,585.6,3344.0,17985.0,11007.0,6978.0,44707.0,13066.0,3159.6,6805.9,3146.0,11695.0,40.5,3.3,40.6,1538.0,250.0,400.0,633.0,256.0,1297.0,228.0,356.0,462.0,251.0,,24841.29532,,93823.89703,139302.1445,1.590993378,182.4,521.2,1537.5,66.5,24.7,24.6,84.5959,56.2697,106296.61,155.3135739,92.66,3.151305849,16.82864799,4.13,5.28,4.73,5.25,5.61,5.78,5.75,6.07,6.72,1.15,0.6,1.12,1.48,1.65,1.62,1.94,2.59,,4.3204,362.0434,2.6618,1.0752,35.9,35.9,32.4,31.1,3.07,42.4,33.9,51.6,33.9,28.8,37.2,40.0,29.2,33.9,35.7,34.2,17.612,65.852,20.773,12.437,2.93,3.74,2.75,92.9,8669.0,24299.0,110.8494,17.4791
12/1/1967,3896.582,3611.3,22.402,387426.434,26453.87916,36.2905,38.7665,37.7515,49.7704,35.1116,56.4593,15.1376,32.889,19.803,54.8497,34.8352,38.1294,45.2581,88.0043,3163.0,1.048045063,78491.0,75473.0,3.8,8.6,1616.0,920.0,485.0,290.0,195.0,211200,66900.0,22037.0,585.0,3345.0,18025.0,11033.0,6992.0,44863.0,13107.0,3156.0,6851.3,3161.0,11735.0,40.2,3.4,40.7,1308.0,193.0,354.0,519.0,242.0,1315.0,240.0,359.0,441.0,275.0,,27148.41698,,95126.78151,140277.0955,1.56,183.3,524.8,1543.5,67.8,25.3,25.1,86.1397,56.8439,106842.64,155.4300844,95.3,3.064008395,17.35374818,4.51,5.56,4.97,5.49,5.71,5.75,5.7,6.19,6.93,1.05,0.46,0.98,1.2,1.24,1.19,1.68,2.42,,4.3182,361.8862,2.4063,1.0804,36.0,35.9,32.6,31.5,3.07,42.4,34.0,51.9,33.9,29.0,37.4,40.2,29.4,34.0,35.8,34.3,17.64,65.714,20.788,12.479,2.94,3.76,2.77,,8627.0,24576.0,111.0652,12.0195
1/1/1968,3917.876,3629.2,22.545,383540.43,25977.01517,36.2514,38.5865,37.4883,49.1019,34.0777,56.105,15.2037,33.0335,20.0312,54.546,34.7577,38.3921,45.0605,87.4092,3233.0,1.123349548,77578.0,74700.0,3.7,9.4,1458.0,904.0,503.0,313.0,190.0,215750,66804.0,21917.0,582.4,3211.0,18040.0,11053.0,6987.0,44887.0,13060.0,3153.9,6809.8,3169.0,11794.0,39.9,3.4,40.4,1380.0,213.0,359.0,515.0,292.0,1179.0,181.0,333.0,414.0,251.0,,25635.10318,,94969.40528,141174.8225,1.590993378,184.3,527.4,1546.6,67.7,25.8,25.6,86.5509,57.3534,105455.63,151.8876998,95.04,3.082912458,17.30698092,4.61,5.6,5.0,5.24,5.43,5.54,5.53,6.17,6.84,0.99,0.4,0.64,0.83,0.94,0.93,1.57,2.24,,4.3446,362.1614,2.4091,1.0848,36.1,35.9,32.6,31.4,3.07,42.8,34.1,52.1,34.1,29.1,37.5,40.2,29.5,34.2,36.0,34.4,17.722,66.019,20.897,12.531,2.98,3.84,2.81,,8498.0,24328.0,111.5138,13.2793
2/1/1968,3947.741,3658.9,22.568,382331.611,26283.85803,36.3813,38.8095,37.6832,49.3643,34.6198,56.1699,15.2176,33.0356,20.1079,54.1191,34.9108,38.9078,45.8353,87.4077,3193.0,1.063978674,78230.0,75229.0,3.8,8.7,1710.0,845.0,468.0,289.0,179.0,210750,67215.0,22117.0,584.0,3397.0,18054.0,11050.0,7004.0,45098.0,13146.0,3170.2,6858.3,3182.0,11819.0,40.4,3.4,40.8,1520.0,211.0,372.0,642.0,296.0,1342.0,224.0,381.0,460.0,277.0,,25790.29074,7440.004664,95347.10824,141956.7139,1.590993378,184.7,530.4,1550.9,67.2,25.6,25.2,86.5981,57.9203,106569.64,151.7005552,90.75,3.239669421,16.56573351,4.71,5.5,4.98,5.17,5.41,5.59,5.56,6.1,6.8,0.79,0.27,0.46,0.7,0.88,0.85,1.39,2.09,,4.349,362.1089,2.4092,1.0874,36.2,36.1,32.7,31.5,3.07,45.5,34.2,52.4,34.2,29.2,37.6,40.3,29.6,34.3,36.1,34.5,17.794,66.157,20.98,12.591,2.99,3.79,2.82,97.2,8469.0,24273.0,112.0703,16.5676
3/1/1968,3981.447,3676.8,22.946,385177.022,26917.66461,36.4949,38.9113,37.802,49.6575,34.546,56.7077,15.3494,33.1619,20.1126,54.3517,34.9662,39.3565,45.5699,87.1625,3261.0,1.133472367,78256.0,75379.0,3.7,8.5,1651.0,784.0,447.0,268.0,179.0,195200,67295.0,22119.0,582.7,3388.0,18067.0,11054.0,7013.0,45176.0,13165.0,3177.3,6875.6,3191.0,11842.0,40.3,3.4,40.8,1466.0,181.0,374.0,627.0,283.0,1370.0,297.0,332.0,454.0,287.0,,26944.32183,9120.532033,96660.48447,142555.1986,1.590993378,185.5,533.2,1554.5,67.5,25.6,24.9,87.114,58.4912,107276.3,150.9233258,89.09,3.311258278,16.2888088,5.05,5.64,5.17,5.33,5.58,5.76,5.74,6.11,6.85,0.59,0.12,0.28,0.53,0.71,0.69,1.06,1.8,,4.3318,362.0565,2.3997,1.0849,36.3,36.2,32.8,31.6,3.07,46.2,34.3,52.7,34.2,29.4,37.7,40.4,29.8,34.4,36.2,34.6,17.852,66.321,21.025,12.646,3.01,3.84,2.84,,8486.0,24283.0,112.5476,19.547
4/1/1968,3999.257,3688.0,22.861,384412.798,26856.29604,36.5477,38.8123,37.6123,49.5738,34.5785,56.5602,15.2734,33.4151,20.2454,55.5108,35.0005,38.8706,44.8874,86.8671,3316.0,1.224067922,78270.0,75561.0,3.5,8.7,1436.0,856.0,393.0,244.0,149.0,199000,67556.0,22207.0,596.6,3401.0,18131.0,11100.0,7031.0,45349.0,13238.0,3187.0,6921.4,3200.0,11878.0,40.1,3.1,40.3,1554.0,224.0,384.0,635.0,311.0,1286.0,243.0,330.0,446.0,267.0,,25866.47372,7758.162758,96958.06863,143752.168,1.601324503,186.6,535.7,1557.3,68.0,25.6,24.9,88.421,59.0422,108119.91,150.9632924,95.67,3.097449566,17.50093278,5.76,5.81,5.38,5.49,5.71,5.69,5.64,6.21,6.97,0.05,-0.38,-0.27,-0.05,-0.07,-0.12,0.45,1.21,,4.3386,362.2795,2.4018,1.0803,36.5,36.4,32.8,31.7,3.07,43.4,34.4,53.0,34.1,29.5,37.8,40.4,29.9,34.5,36.3,34.7,17.908,66.436,21.093,12.689,3.03,3.85,2.85,,8541.0,24386.0,111.5257,19.5401
5/1/1968,4020.251,3710.6,23.019,387106.806,27028.32925,36.9577,39.1457,37.9632,49.8392,35.0167,56.6981,15.503,33.9236,20.5957,56.6094,35.4427,39.3726,46.3988,87.5822,3327.0,1.214233577,78847.0,76107.0,3.5,8.2,1567.0,745.0,395.0,259.0,136.0,199000,67652.0,22255.0,596.7,3390.0,18190.0,11128.0,7062.0,45397.0,13211.0,3195.9,6936.7,3210.0,11905.0,40.5,3.7,40.9,1408.0,213.0,348.0,577.0,270.0,1297.0,218.0,369.0,435.0,275.0,,25383.9815,6024.026333,96346.68579,145036.0143,1.601324503,188.0,538.9,1562.0,68.1,25.4,24.7,88.9726,59.5779,108838.59,150.6207999,97.87,3.041452948,17.88943222,6.12,6.18,5.66,5.83,6.14,6.04,5.87,6.27,7.03,0.06,-0.45,-0.28,0.03,-0.07,-0.24,0.16,0.92,,4.3256,362.2663,2.3892,1.0781,36.5,36.4,32.8,31.5,3.07,41.0,34.5,53.3,34.1,29.6,37.8,40.4,30.0,34.5,36.4,34.8,17.974,66.577,21.179,12.739,3.05,3.89,2.87,92.4,8607.0,24503.0,111.8208,13.1569
6/1/1968,4038.787,3728.6,23.216,389844.072,27470.98781,37.0934,39.2781,38.1076,50.1457,35.3575,56.9668,15.468,34.0606,20.6483,56.7933,35.5173,39.5088,46.3661,87.3868,3324.0,1.131381892,79120.0,76182.0,3.7,7.9,1755.0,816.0,405.0,243.0,162.0,193600,67905.0,22264.0,597.2,3363.0,18228.0,11141.0,7087.0,45641.0,13278.0,3209.0,6957.9,3215.0,11987.0,40.5,3.6,40.9,1405.0,220.0,354.0,541.0,289.0,1300.0,250.0,317.0,464.0,269.0,,25720.69147,6010.041362,96254.16764,145808.2526,1.590993378,189.4,542.6,1563.7,68.9,25.7,25.0,89.9295,60.2492,109453.37,150.2861046,100.5,2.975124378,18.27920836,6.07,6.25,5.52,5.64,5.98,5.85,5.72,6.28,7.07,0.18,-0.55,-0.43,-0.09,-0.22,-0.35,0.21,1.0,,4.3042,361.8469,2.3846,1.0771,36.6,36.5,32.9,31.3,3.07,41.3,34.7,53.5,34.3,29.7,38.0,40.5,30.2,34.8,36.6,35.0,18.032,66.695,21.226,12.794,3.05,3.89,2.88,,8735.0,24816.0,110.8677,15.326
7/1/1968,4063.454,3751.3,23.432,393564.254,27816.06028,37.0366,39.1513,37.9523,50.0255,35.0538,56.9809,15.3183,34.0946,20.6245,57.4238,35.4094,39.1047,46.5487,86.7454,3413.0,1.183836282,78970.0,76087.0,3.7,8.4,1647.0,831.0,426.0,267.0,159.0,196250,68126.0,22329.0,599.9,3386.0,18265.0,11178.0,7087.0,45797.0,13320.0,3219.0,6987.0,3231.0,12018.0,40.4,3.6,40.8,1512.0,257.0,381.0,622.0,251.0,1344.0,222.0,327.0,502.0,293.0,,25598.42249,7613.65139,95324.21715,146348.8195,1.580662252,190.5,545.6,1563.3,69.7,26.0,25.5,91.0358,60.5934,110438.04,150.2558367,100.3,2.994346959,18.13391383,6.03,6.19,5.31,5.41,5.65,5.6,5.5,6.24,6.98,0.16,-0.71,-0.61,-0.37,-0.42,-0.52,0.22,0.96,,4.2983,360.4903,2.39,1.0738,36.7,36.6,33.0,31.6,3.07,40.9,34.9,53.9,34.3,29.9,38.1,40.7,30.4,34.9,36.7,35.2,18.087,66.891,21.286,12.836,3.07,3.93,2.89,,8874.0,25070.0,111.3308,17.1222
8/1/1968,4082.154,3765.4,23.496,386854.468,28181.25359,37.1399,39.5201,38.3182,50.6231,35.5076,57.6308,15.4552,33.8393,20.2005,58.0188,35.5837,39.7034,46.5455,86.7982,3474.0,1.255057804,78811.0,76043.0,3.5,8.3,1645.0,765.0,393.0,240.0,153.0,199400,68330.0,22350.0,600.9,3417.0,18254.0,11144.0,7110.0,45980.0,13383.0,3227.5,7025.5,3253.0,12042.0,40.3,3.4,40.7,1495.0,254.0,341.0,613.0,287.0,1357.0,245.0,336.0,481.0,295.0,,25463.9266,7457.485878,96378.16104,147574.7478,1.621986755,191.8,549.4,1569.7,69.9,26.0,25.5,91.2381,60.833,111075.84,149.8190451,98.11,3.074783406,17.67634923,6.03,5.88,5.09,5.23,5.43,5.5,5.42,6.02,6.82,-0.15,-0.94,-0.8,-0.6,-0.53,-0.61,-0.01,0.79,,4.3061,359.6734,2.3911,1.0728,36.8,36.7,33.0,31.7,3.07,40.8,35.0,54.2,34.4,30.0,38.3,40.8,30.6,35.1,36.8,35.3,18.161,67.101,21.383,12.888,3.08,3.94,2.89,92.4,8947.0,25330.0,113.8542,13.2053
9/1/1968,4101.372,3785.0,23.463,392268.919,27581.65245,37.2806,39.6597,38.5102,50.8244,35.8733,57.6954,15.6213,33.9779,20.2568,58.5102,35.603,39.771,46.3507,86.474,3544.0,1.319434103,78858.0,76172.0,3.4,8.2,1534.0,781.0,375.0,243.0,132.0,191000,68484.0,22390.0,602.7,3457.0,18252.0,11141.0,7111.0,46094.0,13429.0,3235.7,7052.6,3264.0,12067.0,40.5,3.7,40.9,1556.0,270.0,362.0,615.0,310.0,1464.0,234.0,393.0,522.0,315.0,,26945.26237,6514.665738,97355.8013,148250.4564,1.601324503,192.7,553.6,1577.2,70.0,26.1,25.6,91.8452,61.3226,111914.51,149.7384399,101.3,2.991115499,18.17664653,5.78,5.82,5.19,5.25,5.45,5.48,5.46,5.97,6.79,0.04,-0.59,-0.53,-0.33,-0.3,-0.32,0.19,1.01,,4.3009,359.2083,2.3874,1.0732,37.0,36.9,33.1,31.9,3.07,40.9,35.1,54.5,34.4,30.2,38.4,40.9,30.7,35.2,36.9,35.4,18.224,67.378,21.438,12.939,3.11,3.96,2.92,,8864.0,25322.0,116.7016,11.9179
10/1/1968,4108.359,3790.5,23.502,397581.233,28355.29889,37.3546,39.7569,38.5968,51.1457,36.3482,57.8782,15.7556,34.0176,20.5335,58.2663,35.827,40.1247,46.1402,86.6475,3723.0,1.384529565,78913.0,76224.0,3.4,8.4,1507.0,799.0,386.0,252.0,134.0,186000,68721.0,22419.0,556.8,3490.0,18293.0,11160.0,7133.0,46302.0,13476.0,3246.4,7084.2,3283.0,12101.0,40.5,3.7,41.0,1569.0,220.0,390.0,656.0,303.0,1421.0,242.0,358.0,521.0,300.0,,28225.32457,8206.84725,98690.16103,149457.0788,1.590993378,194.0,557.6,1579.6,70.8,26.6,26.2,92.8125,62.0005,113273.13,150.6291622,103.8,2.931917148,18.48559846,5.91,5.8,5.35,5.41,5.57,5.55,5.58,6.09,6.84,-0.11,-0.56,-0.5,-0.34,-0.36,-0.33,0.18,0.93,,4.2974,358.5515,2.3897,1.0729,37.0,37.0,33.2,32.1,3.07,41.1,35.3,54.8,34.5,30.4,38.6,40.9,30.9,35.3,37.1,35.6,18.304,67.608,21.544,12.995,3.12,4.0,2.94,,8901.0,25480.0,118.7484,12.6127
11/1/1968,4126.968,3807.9,23.632,401009.424,29056.51029,37.8378,40.1916,38.9475,51.8121,37.1927,58.3644,15.7668,34.5611,20.8718,58.7093,36.336,40.4123,46.5095,87.5062,3724.0,1.371639042,79209.0,76494.0,3.4,8.1,1593.0,768.0,357.0,226.0,131.0,183400,68984.0,22512.0,601.9,3486.0,18346.0,11216.0,7130.0,46472.0,13524.0,3259.3,7105.3,3298.0,12107.0,40.2,3.8,40.9,1630.0,203.0,378.0,721.0,327.0,1436.0,204.0,400.0,490.0,342.0,,27189.80033,6921.395316,98932.42505,150065.2165,1.570331126,196.0,562.4,1588.7,71.7,26.8,26.2,94.47,62.6616,114198.84,150.6581003,105.4,2.900066414,18.68113562,5.82,5.92,5.45,5.6,5.75,5.66,5.7,6.19,7.01,0.1,-0.37,-0.22,-0.07,-0.16,-0.12,0.37,1.19,,4.3,358.1021,2.3858,1.0732,37.1,37.0,33.2,32.8,3.07,41.2,35.4,54.9,34.7,30.6,38.7,41.3,31.0,35.5,37.3,35.8,18.366,67.872,21.605,13.042,3.15,4.04,2.96,91.7,8944.0,25642.0,119.323,10.9295
12/1/1968,4143.746,3823.3,23.574,397290.444,28639.00278,37.9573,40.263,38.8947,51.524,37.5209,57.6575,15.9329,34.7417,20.9391,58.6246,36.3393,41.0295,47.1675,87.1445,3667.0,1.365735568,79463.0,76778.0,3.4,8.2,1527.0,800.0,351.0,191.0,160.0,199500,69248.0,22617.0,600.5,3526.0,18410.0,11269.0,7141.0,46631.0,13563.0,3262.4,7133.7,3310.0,12145.0,40.3,3.7,40.7,1548.0,222.0,369.0,644.0,313.0,1389.0,224.0,316.0,533.0,316.0,,27071.29347,7413.200136,99569.56036,150692.6601,1.590993378,197.4,566.8,1592.1,73.1,27.2,26.4,96.2065,63.2818,115357.55,151.2687516,106.5,2.882629108,18.77997946,6.02,6.17,5.96,6.06,6.19,6.12,6.03,6.45,7.23,0.15,-0.06,0.04,0.17,0.1,0.01,0.43,1.21,,4.2994,357.9098,2.3842,1.0732,37.1,37.0,33.4,32.4,3.07,41.5,35.6,55.2,34.5,30.8,38.8,41.1,31.2,35.6,37.3,35.9,18.404,67.727,21.627,13.096,3.16,4.04,2.97,,9003.0,26074.0,121.5774,12.4545
1/1/1969,4147.516,3824.3,23.765,397300.057,28947.85773,38.1869,40.5314,39.1641,51.7985,37.4273,58.1521,16.1555,34.9124,21.0113,59.6756,36.5582,41.8514,44.6117,87.3161,3821.0,1.405813098,79523.0,76805.0,3.4,8.1,1554.0,785.0,339.0,209.0,130.0,191500,69439.0,22644.0,600.8,3534.0,18432.0,11322.0,7110.0,46795.0,13580.0,3269.4,7154.0,3326.0,12209.0,40.5,3.7,40.8,1769.0,278.0,468.0,757.0,265.0,1459.0,239.0,388.0,517.0,315.0,,27748.47553,7994.741854,99977.78478,151551.7753,1.590993378,198.7,569.3,1594.7,72.9,28.1,27.3,97.1481,63.9303,116088.47,151.4921963,102.0,3.019607843,17.88902874,6.3,6.53,6.14,6.28,6.34,6.25,6.04,6.59,7.32,0.23,-0.16,-0.02,0.04,-0.05,-0.26,0.29,1.02,,4.3204,357.9867,2.387,1.0729,37.2,37.2,33.6,32.6,3.07,42.9,35.7,55.5,34.7,30.9,38.9,41.1,31.4,35.8,37.4,36.0,18.476,67.846,21.712,13.156,3.18,4.07,2.99,,8938.0,25953.0,120.4117,14.9096
2/1/1969,4166.874,3840.1,23.916,397918.885,29158.12055,38.4313,40.6717,39.3035,52.2231,37.4018,58.8484,16.149,35.2882,21.3031,60.2329,36.8536,41.7157,47.2258,87.6841,3817.0,1.417904903,80019.0,77327.0,3.4,7.9,1442.0,863.0,358.0,243.0,115.0,196000,69699.0,22755.0,600.9,3575.0,18502.0,11353.0,7149.0,46944.0,13624.0,3276.4,7175.2,3342.0,12224.0,40.1,3.5,40.4,1705.0,219.0,560.0,669.0,256.0,1495.0,243.0,423.0,525.0,304.0,,28498.07846,8927.073266,100955.425,152864.5805,1.590993378,199.3,571.9,1597.5,72.0,27.3,26.5,98.2963,64.6501,117232.7,151.8951801,101.5,3.044334975,17.65614707,6.61,6.62,6.12,6.3,6.41,6.34,6.19,6.66,7.3,0.01,-0.49,-0.31,-0.2,-0.27,-0.42,0.05,0.69,,4.3206,357.8458,2.3914,1.0746,37.2,37.1,33.7,32.3,3.07,43.4,35.8,55.7,35.2,31.2,39.0,41.6,31.5,36.0,37.6,36.1,18.523,68.109,21.727,13.2,3.2,4.07,3.0,98.2,8919.0,25959.0,117.9944,14.8005
3/1/1969,4185.653,3859.1,23.811,399382.445,28923.71272,38.7326,41.0688,39.585,52.5885,37.6125,59.2862,16.3093,35.4539,21.3925,60.5171,37.1349,42.3452,47.3701,88.0152,3847.0,1.418510325,80079.0,77367.0,3.4,7.9,1603.0,770.0,353.0,234.0,119.0,189000,69905.0,22813.0,597.2,3579.0,18558.0,11391.0,7167.0,47092.0,13664.0,3283.3,7202.4,3355.0,12229.0,40.4,3.7,40.8,1561.0,285.0,376.0,562.0,339.0,1438.0,254.0,366.0,507.0,311.0,,28065.43436,7819.929714,101470.4745,154138.7738,1.590993378,200.0,574.4,1591.1,71.8,26.8,25.9,99.2383,65.3117,118123.78,151.6351476,99.3,3.121852971,17.09425166,6.79,6.82,6.02,6.16,6.34,6.41,6.3,6.85,7.51,0.03,-0.77,-0.63,-0.45,-0.38,-0.49,0.06,0.72,,4.299,357.9739,2.3917,1.0769,37.4,37.3,33.9,32.7,3.25,43.4,36.1,55.9,35.8,31.4,39.3,42.1,31.8,36.3,37.8,36.4,18.61,68.44,21.819,13.266,3.22,4.16,3.01,,8917.0,25971.0,116.727,14.4968
4/1/1969,4195.731,3868.8,23.908,401109.158,29089.70968,38.5901,40.7394,39.3074,51.8118,36.6224,58.7014,16.4771,35.5567,21.4081,61.0359,36.9796,42.4806,46.9736,87.3134,3885.0,1.408629442,80281.0,77523.0,3.4,7.9,1600.0,764.0,386.0,253.0,133.0,184000,70072.0,22815.0,596.3,3590.0,18554.0,11385.0,7169.0,47257.0,13728.0,3290.6,7224.1,3371.0,12245.0,40.7,3.6,41.0,1524.0,242.0,343.0,582.0,358.0,1441.0,242.0,351.0,502.0,346.0,,29563.69967,9551.735311,103664.2039,155219.9074,1.601324503,200.7,575.7,1586.0,72.4,27.1,26.1,100.7715,65.9054,119085.12,151.8361851,101.3,3.070088845,17.31898321,7.41,7.04,6.11,6.13,6.26,6.3,6.17,6.89,7.54,-0.37,-1.3,-1.28,-1.15,-1.11,-1.24,-0.52,0.13,,4.3225,358.2047,2.3931,1.0764,37.6,37.5,33.8,33.1,3.35,43.8,36.3,56.2,35.8,31.6,39.4,42.2,32.0,36.4,38.0,36.6,18.692,68.566,21.943,13.323,3.24,4.2,3.03,,8997.0,26159.0,116.8534,14.6656
5/1/1969,4212.218,3884.3,24.069,400832.788,29368.38336,38.4443,40.5441,39.044,51.425,36.1326,58.4043,16.3667,35.4726,21.1617,61.5285,36.8308,42.2464,47.6592,86.6316,3891.0,1.434205676,80125.0,77412.0,3.4,7.9,1649.0,657.0,387.0,261.0,126.0,181200,70328.0,22899.0,596.9,3635.0,18588.0,11407.0,7181.0,47429.0,13781.0,3303.8,7267.8,3383.0,12284.0,40.4,3.7,40.7,1583.0,239.0,391.0,609.0,344.0,1328.0,242.0,290.0,470.0,326.0,,27823.71799,7928.313241,104507.359,156590.6305,1.611655629,200.8,576.5,1583.8,73.4,27.9,26.5,101.9454,66.4363,119971.12,151.7661227,104.6,2.982791587,17.82376565,8.67,7.35,6.04,6.15,6.42,6.54,6.32,6.79,7.52,-1.32,-2.63,-2.52,-2.25,-2.13,-2.35,-1.88,-1.15,,4.3258,358.2047,2.3865,1.0772,37.8,37.8,33.9,34.0,3.35,44.6,36.4,56.4,35.5,31.8,39.5,42.0,32.2,36.5,38.1,36.7,18.767,68.594,22.028,13.393,3.26,4.25,3.04,91.5,9125.0,26408.0,114.3357,13.9368
6/1/1969,4226.625,3899.4,23.976,400603.28,29183.2716,38.8198,40.8417,39.342,52.0185,37.3484,58.5218,16.5314,35.9479,21.4647,61.5584,37.0545,42.1781,47.7329,86.8283,3752.0,1.332386364,80696.0,77880.0,3.5,7.7,1664.0,799.0,368.0,244.0,124.0,192000,70636.0,22981.0,597.6,3664.0,18640.0,11448.0,7192.0,47655.0,13848.0,3319.8,7303.3,3401.0,12359.0,40.3,3.6,40.7,1528.0,267.0,322.0,601.0,339.0,1349.0,211.0,322.0,456.0,360.0,,27353.45266,7818.7643,104573.1709,157469.0516,1.611655629,201.3,578.5,1580.6,73.5,27.3,25.9,102.5404,66.7475,120652.71,151.3645841,99.14,3.157151503,16.800525,8.9,8.23,6.44,6.75,7.04,6.75,6.57,6.98,7.7,-0.67,-2.46,-2.15,-1.86,-2.15,-2.33,-1.92,-1.2,,4.3148,358.6801,2.3895,1.0796,38.0,38.0,34.0,34.5,3.35,44.9,36.6,56.7,35.6,31.9,39.8,42.1,32.3,36.7,38.3,36.9,18.858,68.765,22.197,13.44,3.28,4.3,3.05,,9293.0,26769.0,113.0438,15.0673
7/1/1969,4249.802,3920.7,23.945,400716.232,29200.37432,39.0248,41.1868,39.8398,52.9275,37.3545,59.9852,16.6991,35.9647,21.5521,61.9599,37.3237,44.3311,48.3546,87.1293,3730.0,1.30055788,80827.0,77959.0,3.5,7.8,1686.0,816.0,377.0,217.0,160.0,208750,70729.0,22990.0,603.3,3664.0,18642.0,11437.0,7205.0,47739.0,13873.0,3328.7,7321.4,3417.0,12340.0,40.2,3.6,40.6,1368.0,155.0,292.0,572.0,349.0,1278.0,209.0,304.0,448.0,317.0,,27482.30536,7960.94484,104715.2864,158675.674,1.621986755,201.7,579.5,1574.7,73.7,27.1,25.8,103.0557,67.1591,121140.31,150.4848571,94.71,3.311867807,15.97046876,8.61,8.65,7.0,7.24,7.6,7.01,6.72,7.08,7.84,0.04,-1.61,-1.37,-1.01,-1.6,-1.89,-1.53,-0.77,,4.3109,359.5958,2.3904,1.0808,38.1,38.0,34.0,34.1,3.35,45.0,36.8,57.0,35.6,32.1,39.9,42.2,32.5,36.8,38.5,37.0,18.941,68.882,22.296,13.509,3.3,4.3,3.08,,9362.0,27021.0,112.1151,22.6295
8/1/1969,4276.349,3945.2,24.165,405063.654,29542.42866,39.1145,41.0715,39.6821,52.8328,37.7462,59.5606,16.6333,36.3327,21.9356,61.9685,37.3754,44.4887,48.4858,86.9222,3659.0,1.281162465,81106.0,78250.0,3.5,7.9,1637.0,865.0,373.0,241.0,132.0,198400,71008.0,23111.0,608.9,3654.0,18767.0,11555.0,7212.0,47897.0,13915.0,3336.4,7344.7,3435.0,12373.0,40.4,3.5,40.6,1358.0,189.0,382.0,510.0,279.0,1317.0,198.0,299.0,507.0,313.0,,28094.59081,8276.772106,104865.9861,159766.4607,1.611655629,201.7,580.1,1572.1,73.8,27.0,25.8,103.3067,67.5101,121611.48,149.730953,94.18,3.33757698,15.80595954,9.19,8.33,6.98,7.19,7.54,7.03,6.69,6.97,7.86,-0.86,-2.21,-2.0,-1.65,-2.16,-2.5,-2.22,-1.33,,4.3051,359.5829,2.3853,1.0782,38.2,38.1,34.2,34.4,3.35,46.2,36.9,57.0,35.7,32.2,40.1,42.3,32.7,37.0,38.6,37.2,18.993,69.003,22.344,13.557,3.32,4.34,3.1,86.4,9365.0,27246.0,111.0254,16.5904
9/1/1969,4287.411,3955.8,24.195,407018.672,29948.8697,39.1057,40.9898,39.5935,52.4323,37.3757,59.1665,16.798,36.4277,21.9921,62.3013,37.3244,43.67,48.5324,86.479,3878.0,1.275657895,81290.0,78250.0,3.7,8.0,1693.0,963.0,391.0,243.0,148.0,194750,70914.0,22988.0,612.7,3676.0,18620.0,11438.0,7182.0,47926.0,13931.0,3341.7,7350.7,3438.0,12379.0,40.3,3.6,40.6,1507.0,145.0,389.0,624.0,349.0,1263.0,199.0,286.0,456.0,322.0,,29184.66582,9170.644847,105748.2468,161011.695,1.611655629,202.1,582.1,1569.0,73.8,27.0,25.9,103.8176,67.7711,122160.18,149.3948636,94.51,3.332980637,15.83594972,9.15,8.48,7.09,7.32,7.82,7.57,7.16,7.14,8.05,-0.67,-2.06,-1.83,-1.33,-1.58,-1.99,-2.01,-1.1,,4.2983,358.3202,2.384,1.0784,38.3,38.2,34.2,34.4,3.35,47.9,37.1,57.4,35.6,32.5,40.2,42.3,33.0,37.2,38.8,37.4,19.072,69.024,22.452,13.622,3.36,4.39,3.12,,9322.0,27304.0,111.0354,16.8924
10/1/1969,4295.402,3961.6,24.32,411726.576,30276.83945,39.1171,41.0201,39.5934,52.4546,37.5777,59.0636,16.8462,36.4205,21.9414,62.1756,37.3623,44.0132,49.1491,86.2439,3817.0,1.251885864,81494.0,78445.0,3.7,7.6,1814.0,853.0,374.0,238.0,136.0,199250,71121.0,22976.0,614.0,3672.0,18613.0,11433.0,7180.0,48145.0,13982.0,3352.2,7387.9,3448.0,12430.0,40.2,3.5,40.5,1381.0,178.0,298.0,565.0,340.0,1216.0,198.0,289.0,413.0,316.0,,28443.52768,7800.117672,105630.93,162141.0936,1.590993378,202.9,583.4,1564.1,74.4,27.4,26.2,104.3372,68.0342,122692.79,149.2613017,95.52,3.301224874,15.93995466,9.0,8.56,7.0,7.29,7.64,7.51,7.1,7.33,8.22,-0.44,-2.0,-1.71,-1.36,-1.49,-1.9,-1.67,-0.78,,4.305,358.2817,2.3902,1.078,38.5,38.5,34.4,34.8,3.35,48.3,37.3,57.6,35.9,32.3,40.4,42.7,33.1,37.3,38.9,37.6,19.137,69.319,22.472,13.69,3.37,4.42,3.13,,9427.0,27441.0,110.1392,15.1755
11/1/1969,4299.542,3965.8,24.292,406026.142,30251.6884,38.7484,40.5255,39.0469,51.9986,36.0336,59.3885,16.4602,36.2289,21.5992,62.1609,36.9733,44.2448,50.3537,85.029,3728.0,1.305322129,81397.0,78541.0,3.5,8.0,1580.0,888.0,392.0,246.0,146.0,205000,71086.0,22840.0,612.1,3683.0,18467.0,11271.0,7196.0,48246.0,14029.0,3364.0,7408.9,3459.0,12448.0,40.2,3.5,40.5,1229.0,162.0,254.0,497.0,317.0,1191.0,178.0,276.0,442.0,295.0,,27813.37215,8046.020082,105450.6626,162778.1902,1.621986755,203.6,585.4,1561.1,75.6,27.7,26.5,105.1854,68.2572,123105.28,148.9657309,96.21,3.281020684,16.00565596,8.85,8.46,7.24,7.62,7.89,7.53,7.14,7.35,8.25,-0.39,-1.61,-1.23,-0.96,-1.32,-1.71,-1.5,-0.6,,4.3256,357.769,2.3963,1.076,38.8,38.8,34.6,35.2,3.35,48.7,37.5,57.9,36.0,32.5,40.6,42.8,33.3,37.5,39.1,37.8,19.22,69.439,22.598,13.747,3.39,4.45,3.14,79.7,9431.0,27575.0,111.4671,14.1009
12/1/1969,4308.572,3972.8,24.27,405277.54,30529.35604,38.6444,40.5089,38.9844,52.0685,35.822,59.6483,16.3991,36.0164,21.2458,62.4722,36.7753,44.7068,49.3325,84.2607,3598.0,1.247572816,81624.0,78740.0,3.5,8.0,1585.0,883.0,413.0,281.0,132.0,219750,71241.0,22884.0,612.7,3707.0,18485.0,11291.0,7194.0,48357.0,14057.0,3376.4,7426.6,3472.0,12477.0,40.3,3.4,40.6,1327.0,171.0,278.0,556.0,322.0,1155.0,184.0,271.0,409.0,291.0,,27504.8781,7291.997053,105071.0521,163888.2829,1.621986755,203.9,587.9,1559.4,76.8,28.1,26.9,106.5979,68.4205,123551.35,148.5170694,91.11,3.46833498,15.12917838,8.97,8.84,7.82,7.9,8.17,7.96,7.65,7.72,8.65,-0.13,-1.15,-1.07,-0.8,-1.01,-1.32,-1.25,-0.32,,4.3098,357.7434,2.3973,1.0743,38.9,38.8,34.7,35.1,3.35,49.9,37.7,58.0,36.2,32.6,40.8,42.9,33.5,37.7,39.4,38.0,19.308,69.427,22.735,13.814,3.41,4.51,3.15,,9412.0,27846.0,112.0894,18.0997
1/1/1970,4316.303,3979.5,24.415,400169.499,30622.91796,37.9288,39.8842,38.3832,51.1953,33.9416,59.5272,16.1705,35.1887,20.4072,62.0012,35.9721,45.1487,49.8608,82.1375,3445.0,1.076226179,81981.0,78780.0,3.9,7.9,1800.0,933.0,431.0,288.0,143.0,247000,71176.0,22726.0,608.0,3615.0,18424.0,11218.0,7206.0,48450.0,14076.0,3383.3,7427.2,3485.0,12496.0,40.0,3.3,40.4,1085.0,146.0,240.0,476.0,223.0,1062.0,150.0,216.0,407.0,289.0,,26422.32733,8224.328464,104423.425,164033.0776,1.642649007,206.2,589.6,1555.7,76.4,28.9,27.9,106.2979,68.9435,124109.78,148.3856767,90.31,3.502746097,15.02672844,8.98,8.78,7.87,7.78,8.1,8.17,7.79,7.91,8.86,-0.2,-1.11,-1.2,-0.88,-0.81,-1.19,-1.07,-0.12,,4.3148,357.8074,2.4004,1.073,39.1,39.0,35.0,35.1,3.35,51.9,37.9,58.2,36.6,32.8,41.0,43.0,33.8,37.9,39.5,38.2,19.377,69.409,22.828,13.874,3.4,4.54,3.16,,9293.0,27612.0,110.6784,16.2759
2/1/1970,4326.879,3986.5,24.522,400525.176,30765.77595,37.9038,39.9914,38.5817,51.7007,34.4365,60.0005,16.2391,34.9909,20.0955,62.2005,36.0001,44.8829,49.784,81.9421,3409.0,0.987257457,82151.0,78698.0,4.2,8.0,1950.0,1048.0,470.0,309.0,161.0,258500,71305.0,22747.0,606.6,3703.0,18361.0,11170.0,7191.0,48558.0,14097.0,3386.8,7443.3,3497.0,12518.0,40.0,3.2,40.2,1305.0,235.0,231.0,531.0,308.0,1118.0,192.0,240.0,401.0,285.0,,26251.15075,7720.869502,103665.1577,164979.0695,1.642649007,205.0,586.3,1538.8,75.2,27.9,26.8,105.6953,69.2433,124388.57,147.7649917,87.16,3.633168885,14.5081829,8.98,8.55,7.13,7.22,7.59,7.82,7.24,7.93,8.78,-0.43,-1.85,-1.76,-1.39,-1.16,-1.74,-1.05,-0.2,,4.2998,357.7818,2.4047,1.0732,39.0,38.9,35.0,35.2,3.35,51.6,38.1,58.5,36.7,33.0,41.2,43.2,34.0,38.1,39.7,38.4,19.454,69.511,22.928,13.935,3.43,4.56,3.17,78.1,9207.0,27508.0,109.0177,17.6779
3/1/1970,4343.672,4001.6,24.397,395844.908,30478.04789,37.8546,39.97,38.4789,51.6387,34.7636,59.6714,16.2719,34.9087,20.0872,61.4866,35.8973,44.9749,50.4925,81.4505,3225.0,0.887207703,82498.0,78863.0,4.4,8.3,1978.0,1133.0,534.0,353.0,181.0,268250,71451.0,22738.0,605.7,3697.0,18360.0,11189.0,7171.0,48713.0,14124.0,3390.3,7467.0,3512.0,12603.0,39.9,3.1,40.1,1319.0,250.0,280.0,520.0,270.0,1132.0,177.0,258.0,410.0,287.0,,25620.05469,6952.861502,102642.6891,165664.4311,1.663311258,205.7,587.3,1533.4,75.3,27.5,26.6,105.4128,69.4233,124371.86,146.8207532,88.65,3.575860124,14.7765951,7.76,8.33,6.63,6.58,6.97,7.21,7.07,7.84,8.63,0.57,-1.13,-1.18,-0.79,-0.55,-0.69,0.08,0.87,,4.31,357.6154,2.4058,1.0728,39.1,39.0,34.9,35.6,3.35,52.7,38.3,58.5,36.6,33.2,41.2,43.3,34.4,38.3,39.8,38.6,19.502,69.622,22.923,14.0,3.45,4.6,3.19,,9144.0,27330.0,110.4947,17.4539
4/1/1970,4386.888,3978.0,24.416,393844.229,30839.21703,37.7573,39.9835,38.4692,51.8479,34.7476,60.0177,16.2644,34.6673,19.7134,61.9387,35.7695,45.4861,50.1387,80.9056,3134.0,0.825388465,82727.0,78930.0,4.6,8.2,2139.0,1106.0,602.0,400.0,202.0,325250,71348.0,22552.0,602.9,3669.0,18207.0,11063.0,7144.0,48796.0,14101.0,3391.0,7448.9,3519.0,12705.0,39.7,3.0,39.8,1264.0,211.0,265.0,533.0,256.0,1224.0,181.0,235.0,466.0,342.0,,25071.72533,6556.620652,101364.6033,166977.2363,1.68397351,206.7,588.4,1528.3,76.3,28.1,27.3,105.6766,69.5445,124341.19,144.599593,85.95,3.692065154,14.32004741,8.1,8.06,6.51,6.6,7.06,7.5,7.39,7.83,8.7,-0.04,-1.59,-1.5,-1.04,-0.6,-0.71,-0.27,0.6,,4.3022,358.0892,2.4061,1.0729,39.1,39.0,35.1,35.5,3.35,54.6,38.5,58.7,37.1,33.5,41.4,43.5,34.6,38.6,40.0,38.8,19.601,69.681,23.079,14.07,3.47,4.66,3.19,,9187.0,27361.0,112.4359,18.3914
5/1/1970,4361.776,3986.4,24.584,398121.957,31279.86351,37.7133,39.9956,38.4898,52.1293,34.7819,60.4466,16.2479,34.5525,19.6017,61.6068,35.686,46.2777,49.4851,80.4638,2940.0,0.750191375,82483.0,78564.0,4.8,8.6,2109.0,1241.0,591.0,360.0,231.0,310400,71124.0,22336.0,601.8,3634.0,18029.0,10944.0,7085.0,48788.0,14108.0,3393.3,7454.9,3525.0,12668.0,39.6,3.0,39.8,1290.0,187.0,258.0,573.0,272.0,1328.0,200.0,259.0,528.0,341.0,,25867.41425,6878.274989,100307.798,166928.9714,1.663311258,207.2,591.5,1532.4,76.6,27.9,26.9,106.0118,69.5922,124396.14,145.0345575,76.06,4.176531686,12.7432174,7.95,8.23,6.84,7.02,7.75,7.97,7.91,8.11,8.98,0.28,-1.1,-0.92,-0.19,0.03,-0.03,0.17,1.04,,4.3105,358.9118,2.4037,1.073,39.1,38.9,35.2,35.0,3.35,54.1,38.6,58.8,37.2,33.7,41.5,43.8,34.8,38.7,40.1,38.9,19.663,69.798,23.128,14.132,3.48,4.64,3.22,75.4,9197.0,27348.0,112.2189,37.6526
6/1/1970,4375.408,3999.3,24.667,399716.493,31479.05986,37.5913,39.9019,38.4079,52.2599,35.4567,60.1916,16.1492,34.3969,19.5804,61.1594,35.5784,45.6251,49.8109,79.9709,2883.0,0.708179808,82484.0,78413.0,4.9,8.6,2100.0,1290.0,657.0,433.0,224.0,296500,71029.0,22241.0,604.9,3636.0,17930.0,10843.0,7087.0,48788.0,14119.0,3389.2,7455.4,3528.0,12667.0,39.6,2.9,39.8,1385.0,189.0,305.0,588.0,303.0,1322.0,217.0,298.0,494.0,313.0,,26359.31178,6515.831152,99678.29303,167981.1461,1.663311258,207.6,595.2,1534.0,76.9,27.6,26.7,106.8358,69.472,124905.34,144.800997,75.59,4.206905675,12.71085821,7.61,8.21,6.68,6.86,7.55,7.85,7.84,8.48,9.25,0.6,-0.92,-0.74,-0.05,0.25,0.24,0.88,1.65,,4.3157,358.886,2.3977,1.0387,39.2,39.0,35.3,35.0,3.35,53.3,38.8,59.0,37.4,33.9,41.6,44.0,35.0,38.9,40.2,39.1,19.714,69.883,23.148,14.191,3.51,4.7,3.24,,9250.0,27543.0,112.4839,23.776
7/1/1970,4399.934,4020.4,24.661,400143.064,31742.64291,37.6836,39.9367,38.3669,52.3852,35.5199,60.3514,16.1073,34.5698,19.6042,62.2634,35.6889,46.3701,48.9669,79.9694,2784.0,0.666826347,82901.0,78726.0,5.0,8.9,2132.0,1329.0,662.0,428.0,234.0,286500,71053.0,22195.0,604.7,3645.0,17877.0,10775.0,7102.0,48858.0,14156.0,3406.9,7464.6,3534.0,12697.0,39.7,3.0,40.0,1517.0,241.0,317.0,636.0,324.0,1324.0,226.0,309.0,480.0,309.0,,26055.52038,7065.906685,98817.01581,169216.7275,1.663311258,208.0,599.1,1540.1,78.0,28.1,26.8,107.677,69.6762,125434.01,144.0776591,75.72,4.204080824,12.78766765,7.21,8.29,6.45,6.51,7.1,7.59,7.46,8.44,9.4,1.08,-0.76,-0.7,-0.11,0.38,0.25,1.23,2.19,,4.3039,359.3761,2.3906,1.0323,39.2,39.0,35.5,35.1,3.31,52.5,38.9,59.1,37.6,34.1,41.7,44.1,35.2,39.1,40.4,39.2,19.786,70.091,23.225,14.248,3.53,4.76,3.25,,8988.0,27237.0,113.8096,21.3723
8/1/1970,4411.13,4028.3,24.765,399958.016,31732.58249,37.6164,39.5095,37.9076,51.4939,34.4381,59.6554,16.063,34.988,19.9599,61.3038,35.4463,46.7396,49.7792,79.1792,2755.0,0.647321429,82880.0,78624.0,5.1,8.8,2182.0,1348.0,705.0,454.0,251.0,285400,70937.0,22105.0,609.9,3649.0,17779.0,10719.0,7060.0,48832.0,14146.0,3394.0,7462.2,3538.0,12711.0,39.6,2.9,39.8,1399.0,184.0,278.0,622.0,314.0,1394.0,221.0,311.0,513.0,349.0,,25889.98698,6994.816415,97846.05212,170239.9433,1.673642384,209.9,604.9,1551.0,78.2,28.4,27.5,108.5407,69.8874,125642.21,143.5746886,77.92,4.089668891,13.29771633,6.62,7.9,6.41,6.55,6.98,7.57,7.53,8.13,9.44,1.28,-0.2,-0.06,0.37,0.96,0.92,1.52,2.83,,4.3016,358.2303,2.3877,1.0216,39.2,39.0,35.5,34.7,3.31,51.6,39.0,59.3,37.5,34.3,41.8,44.3,35.4,39.2,40.4,39.3,19.838,70.282,23.245,14.302,3.56,4.83,3.26,77.6,9151.0,27452.0,116.6634,21.3772
9/1/1970,4408.024,4017.2,24.887,399263.486,31831.17462,37.3571,39.2399,37.5437,51.298,33.5212,59.9729,15.7202,34.7467,19.5273,61.9658,35.1479,47.2187,50.8296,78.2697,2728.0,0.612208259,82954.0,78498.0,5.4,8.9,2235.0,1448.0,788.0,507.0,281.0,318500,70944.0,21988.0,610.9,3618.0,17692.0,10657.0,7035.0,48956.0,14153.0,3396.7,7480.9,3548.0,12741.0,39.3,2.7,39.6,1534.0,229.0,274.0,667.0,364.0,1426.0,208.0,287.0,549.0,382.0,,25995.32642,6811.846376,97149.7815,170838.428,1.68397351,211.8,611.2,1559.2,78.7,28.8,28.2,109.5289,70.1578,126164.17,143.6295196,82.58,3.862920804,14.17784577,6.29,7.32,6.12,6.46,6.73,7.29,7.39,8.09,9.39,1.03,-0.17,0.17,0.44,1.0,1.1,1.8,3.1,,4.3068,357.9739,2.3853,1.016,39.6,39.4,35.6,35.5,3.31,51.1,39.2,59.6,37.7,34.5,42.0,44.5,35.6,39.4,40.6,39.5,19.927,70.529,23.353,14.368,3.58,4.82,3.29,,9218.0,27525.0,119.0621,17.5699
10/1/1970,4392.764,3994.3,24.736,395109.523,32093.75163,36.6098,38.6235,36.8536,50.6669,31.5146,60.3358,15.2058,33.8295,18.4335,62.2027,34.3624,48.0033,50.312,76.2845,2538.0,0.552820736,83276.0,78685.0,5.5,8.7,2386.0,1470.0,771.0,512.0,259.0,333600,70521.0,21477.0,611.4,3626.0,17173.0,10171.0,7002.0,49044.0,14160.0,3396.7,7497.7,3556.0,12793.0,39.2,2.7,39.5,1580.0,242.0,321.0,641.0,377.0,1564.0,249.0,322.0,569.0,424.0,,23949.67227,6530.981538,95809.699,171089.4054,1.694304636,212.9,616.4,1564.5,78.7,28.6,28.2,109.774,70.4831,126277.15,143.5456974,84.37,3.76120659,14.59188548,6.2,6.85,5.91,6.21,6.43,7.12,7.33,8.03,9.33,0.65,-0.29,0.01,0.23,0.92,1.13,1.83,3.13,,4.3309,357.8074,2.3874,1.0216,39.6,39.3,35.8,35.5,3.31,50.4,39.4,59.8,38.1,34.6,42.2,44.8,35.8,39.7,40.8,39.7,20.026,70.992,23.449,14.441,3.57,4.86,3.26,,9220.0,27540.0,121.9163,17.557
11/1/1970,4388.306,3992.7,24.573,388477.842,31383.48585,36.3881,38.3902,36.614,50.3287,31.6174,59.7216,15.1214,33.627,18.1442,61.9047,34.1524,46.1128,51.0059,75.585,2532.0,0.516945692,83548.0,78650.0,5.9,9.3,2338.0,1713.0,871.0,539.0,332.0,325250,70409.0,21345.0,612.0,3643.0,17024.0,10044.0,6980.0,49064.0,14133.0,3393.4,7468.7,3568.0,12830.0,39.3,2.6,39.5,1647.0,247.0,346.0,725.0,329.0,1502.0,265.0,330.0,564.0,343.0,,24339.05196,6963.35023,95369.04554,171851.9908,1.735629139,213.7,621.1,1568.4,79.5,28.7,28.3,110.1744,70.7558,125892.46,142.6866825,84.28,3.745455624,14.69319589,5.6,6.3,5.28,5.42,5.51,6.47,6.84,8.05,9.38,0.7,-0.32,-0.18,-0.09,0.87,1.24,2.45,3.78,,4.3187,357.705,2.3903,1.0203,39.8,39.5,35.9,35.1,3.31,48.7,39.6,60.1,38.5,34.8,42.3,45.1,36.0,39.9,41.0,39.9,20.105,71.511,23.468,14.516,3.58,4.9,3.26,72.4,9176.0,27464.0,124.957,16.5581
12/1/1970,4403.338,4002.9,24.802,400806.352,32303.00841,37.2237,39.2828,37.6591,52.497,35.2967,60.7054,15.3144,34.388,19.1412,61.6881,35.0522,46.5607,51.818,77.3384,2536.0,0.499605989,83670.0,78594.0,6.1,9.8,2369.0,1586.0,1102.0,719.0,383.0,306000,70792.0,21673.0,611.2,3688.0,17309.0,10336.0,6973.0,49119.0,14130.0,3392.3,7516.0,3579.0,12845.0,39.4,2.5,39.5,1893.0,240.0,377.0,863.0,413.0,1767.0,314.0,350.0,669.0,434.0,,27059.06657,7664.929617,95772.50098,172083.6623,1.68397351,214.4,626.5,1574.1,81.0,29.2,28.9,111.3578,71.3438,126590.09,142.3640238,90.05,3.486951694,15.83551091,4.9,5.73,4.87,4.89,5.0,5.95,6.39,7.64,9.12,0.83,-0.03,-0.01,0.1,1.05,1.49,2.74,4.22,,4.3128,357.6666,2.3906,1.0175,39.8,39.4,35.9,34.5,3.56,47.1,39.8,60.3,38.9,35.1,42.5,45.4,36.2,40.1,41.2,40.1,20.194,71.908,23.527,14.595,3.63,4.89,3.32,,9042.0,27580.0,129.2977,13.355
1/1/1971,4441.241,4041.6,25.142,404733.211,33076.65484,37.5101,39.4281,37.8065,53.2813,36.7007,61.0139,14.9794,34.8681,19.6184,61.7067,35.349,46.8784,51.9723,77.7741,2440.0,0.489370237,83850.0,78864.0,5.9,10.5,2302.0,1626.0,1113.0,683.0,430.0,298800,70865.0,21594.0,605.2,3643.0,17280.0,10318.0,6962.0,49271.0,14184.0,3381.1,7558.8,3591.0,12878.0,39.6,2.8,39.9,1828.0,235.0,347.0,773.0,473.0,1643.0,264.0,366.0,635.0,378.0,,27894.25778,7456.320464,96716.7584,172884.8596,1.663311258,215.5,632.9,1586.2,81.2,30.4,30.1,111.5479,71.7341,126995.07,141.2940254,93.49,3.347951653,16.67799633,4.14,5.11,4.44,4.47,4.57,5.89,6.24,7.36,8.74,0.97,0.3,0.33,0.43,1.75,2.1,3.22,4.6,,4.3053,358.02,2.4058,1.0118,39.9,39.5,36.0,34.8,3.56,46.3,39.9,60.4,39.2,35.2,42.5,45.5,36.4,40.3,41.3,40.1,20.237,72.296,23.485,14.651,3.67,4.96,3.36,,9007.0,27369.0,132.3239,14.3142
2/1/1971,4450.084,4045.8,25.189,406993.438,33414.68502,37.4386,39.4627,37.7546,53.2514,37.5317,60.3969,15.0628,34.6614,19.4993,61.7212,35.3658,47.0485,52.3262,77.6129,2505.0,0.510911687,83603.0,78700.0,5.9,10.4,2178.0,1633.0,1068.0,620.0,448.0,284000,70807.0,21514.0,600.5,3633.0,17216.0,10269.0,6947.0,49293.0,14203.0,3382.6,7556.1,3599.0,12877.0,39.4,2.8,39.7,1741.0,235.0,319.0,742.0,445.0,1588.0,202.0,308.0,632.0,446.0,,28417.19282,7952.786941,97723.96631,173782.5867,1.652980133,217.4,641.0,1606.5,80.6,29.9,29.6,111.8951,72.1652,127700.05,141.3862378,97.11,3.212851406,17.50762379,3.72,4.47,3.7,3.78,3.89,5.56,6.11,7.08,8.39,0.75,-0.02,0.06,0.17,1.84,2.39,3.36,4.67,,4.2981,357.545,2.4178,1.0075,40.1,39.7,36.1,35.9,3.56,45.4,39.9,60.6,39.4,35.4,42.6,45.6,36.5,40.3,41.4,40.2,20.296,72.529,23.504,14.714,3.69,5.0,3.39,78.1,9066.0,27286.0,133.6449,14.3354
3/1/1971,4464.048,4056.9,25.202,408681.699,33460.96296,37.398,39.3468,37.6857,53.4034,37.5753,60.6156,14.9117,34.7276,19.5639,61.7337,35.2922,48.1656,52.4403,77.2542,2504.0,0.502105474,83575.0,78588.0,6.0,10.6,2144.0,1637.0,1098.0,645.0,453.0,293750,70860.0,21491.0,598.9,3674.0,17154.0,10221.0,6933.0,49369.0,14209.0,3379.6,7571.2,3607.0,12908.0,39.6,2.8,39.8,1910.0,215.0,423.0,818.0,454.0,1759.0,273.0,395.0,659.0,432.0,,27863.22027,7743.012373,97576.12803,175085.7389,1.652980133,218.8,649.9,1624.7,80.8,29.7,29.4,111.9877,72.8177,128438.74,141.2967437,99.6,3.12248996,18.12238164,3.71,4.19,3.38,3.5,3.69,5.0,5.7,7.21,8.46,0.48,-0.33,-0.21,-0.02,1.29,1.99,3.5,4.75,,4.3003,357.5187,2.4187,1.0064,40.2,39.8,36.3,35.4,3.56,45.4,40.0,60.6,39.4,35.6,42.7,45.7,36.5,40.3,41.6,40.3,20.363,72.622,23.57,14.776,3.71,5.03,3.39,,9140.0,27218.0,135.3973,13.5001
4/1/1971,4475.918,4068.1,25.353,410904.676,34082.69703,37.608,39.546,37.823,53.8406,37.8183,61.1592,14.8227,34.9573,19.5894,62.9824,35.4775,48.0965,52.653,77.4626,2501.0,0.504335552,83946.0,78987.0,5.9,10.9,2206.0,1575.0,1149.0,695.0,454.0,287500,71036.0,21552.0,599.2,3735.0,17149.0,10211.0,6938.0,49484.0,14244.0,3382.1,7602.5,3620.0,12945.0,39.6,2.8,39.9,1986.0,235.0,452.0,821.0,478.0,1745.0,251.0,400.0,655.0,439.0,,27165.34654,7596.170176,96986.68249,176137.9136,1.652980133,220.0,658.4,1641.9,81.6,29.9,29.8,112.1496,73.5507,129532.62,141.5657049,103.0,3.016184466,18.8876751,4.16,4.57,3.86,4.03,4.3,5.65,5.83,7.25,8.45,0.41,-0.29,-0.12,0.15,1.5,1.68,3.1,4.3,,4.2987,357.5032,2.4179,1.0077,40.3,40.0,36.3,36.0,3.56,46.7,40.1,60.7,39.4,35.8,42.9,45.8,36.6,40.4,41.7,40.4,20.443,72.837,23.669,14.834,3.74,5.07,3.41,,9283.0,27330.0,137.401,12.0573
5/1/1971,4493.209,4084.7,25.335,412911.363,33882.49463,37.7989,39.5752,37.8215,53.8873,38.4059,60.8337,14.7211,35.3689,20.0018,63.2352,35.7165,48.4573,50.4808,77.7867,2535.0,0.507405925,84135.0,79139.0,5.9,11.2,2229.0,1566.0,1173.0,665.0,508.0,292200,71247.0,21645.0,599.9,3750.0,17225.0,10263.0,6962.0,49602.0,14279.0,3394.3,7625.0,3632.0,12970.0,39.6,2.9,40.0,2049.0,270.0,389.0,877.0,513.0,1972.0,342.0,430.0,720.0,480.0,,26838.9824,7380.568537,95651.36897,177190.0884,1.642649007,222.0,666.7,1654.3,82.4,30.3,30.0,113.0615,74.296,130198.92,141.1523417,101.6,3.054458661,18.70208982,4.63,5.06,4.14,4.36,5.04,6.28,6.39,7.53,8.62,0.43,-0.49,-0.27,0.41,1.65,1.76,2.9,3.99,,4.1242,357.413,2.4187,1.0087,40.5,40.1,36.5,36.0,3.56,46.1,40.3,61.1,39.4,36.0,43.1,46.0,36.7,40.6,41.9,40.6,20.528,72.996,23.758,14.908,3.76,5.13,3.43,80.2,9396.0,27437.0,135.9675,14.1451
6/1/1971,4577.424,4086.5,25.539,418581.757,34518.31329,37.9574,39.7359,37.9869,54.2872,38.71,61.2746,14.7945,35.5278,19.8624,64.8189,35.8063,48.5902,51.994,77.7853,2638.0,0.533036977,83706.0,78757.0,5.9,11.6,2180.0,1606.0,1167.0,626.0,541.0,296500,71254.0,21568.0,599.0,3759.0,17139.0,10212.0,6927.0,49686.0,14272.0,3378.2,7641.5,3652.0,13008.0,39.6,2.9,39.9,2026.0,254.0,409.0,884.0,479.0,1903.0,293.0,420.0,716.0,474.0,,27540.61826,8537.824901,94460.07855,177682.3903,1.621986755,223.5,673.0,1661.7,82.9,30.1,29.6,114.1265,75.0391,131029.09,138.8314156,99.72,3.108704372,18.36539914,4.91,5.38,4.75,4.97,5.64,6.53,6.52,7.64,8.75,0.47,-0.16,0.06,0.73,1.62,1.61,2.73,3.84,,4.0938,357.4118,2.4188,1.0213,40.6,40.3,36.7,36.2,3.56,46.1,40.5,61.2,39.6,36.2,43.2,46.1,37.0,40.8,42.1,40.8,20.619,73.16,23.869,14.981,3.78,5.16,3.45,,9564.0,27600.0,137.0142,16.883
7/1/1971,4520.323,4091.7,25.43,413760.901,34623.94772,37.8472,40.1857,38.3446,55.1273,39.4349,62.1387,14.8186,34.6705,19.0822,64.5353,35.8671,50.078,52.0286,77.7208,2600.0,0.516385303,84340.0,79305.0,6.0,11.5,2210.0,1549.0,1251.0,684.0,567.0,293200,71315.0,21564.0,580.3,3786.0,17126.0,10188.0,6938.0,49751.0,14295.0,3388.6,7671.0,3658.0,13011.0,39.6,2.9,40.0,2083.0,287.0,416.0,856.0,524.0,2069.0,333.0,435.0,790.0,511.0,,27207.67041,6902.748688,93707.534,178387.0578,1.642649007,224.9,679.6,1673.9,84.2,30.6,29.7,114.3772,76.2853,132007.17,141.2143453,99.0,3.127949495,18.31620715,5.31,5.75,5.4,5.63,6.04,6.85,6.73,7.64,8.76,0.44,0.09,0.32,0.73,1.54,1.42,2.33,3.45,,4.0946,357.4043,2.4185,1.0213,40.4,40.1,36.9,35.9,3.56,46.1,40.6,61.3,39.6,36.4,43.3,46.2,37.1,40.9,42.2,40.9,20.681,73.33,23.886,15.053,3.79,5.19,3.46,,9763.0,27947.0,139.2544,13.8336
8/1/1971,4535.789,4107.2,25.575,416361.183,34817.10782,37.6276,39.9531,38.2162,54.4963,39.0481,61.3851,15.0444,34.4665,18.5767,65.5605,35.4424,48.2675,52.9567,76.6074,2625.0,0.511297234,84673.0,79539.0,6.1,11.5,2337.0,1568.0,1261.0,711.0,550.0,325250,71373.0,21570.0,597.7,3786.0,17115.0,10185.0,6930.0,49803.0,14320.0,3396.6,7698.6,3666.0,13041.0,39.5,2.9,39.8,2158.0,286.0,460.0,924.0,488.0,2004.0,331.0,426.0,740.0,507.0,,28736.97324,7818.7643,93986.99604,179400.6206,1.632317881,225.6,685.5,1684.3,84.1,30.5,29.6,115.6802,77.0427,133207.31,141.5894026,97.24,3.181129165,18.04338112,5.57,5.74,4.94,5.22,5.8,6.55,6.58,7.59,8.76,0.17,-0.62,-0.34,0.24,0.99,1.02,2.03,3.2,,4.0306,355.78,2.4346,1.013,40.7,40.4,37.2,35.8,3.56,46.2,40.7,61.1,39.7,36.5,43.4,46.1,37.3,41.0,42.3,41.0,20.741,72.79,23.994,15.124,3.82,5.23,3.48,82.1,9811.0,28188.0,138.5272,23.3838
9/1/1971,4562.531,4125.2,25.83,420110.204,35417.715,38.2391,40.5255,38.6333,54.9986,38.9828,62.245,15.3903,35.126,19.3707,66.0986,36.1597,48.264,51.8294,77.9618,2597.0,0.515073384,84731.0,79689.0,6.0,11.9,2301.0,1568.0,1239.0,676.0,563.0,320250,71614.0,21650.0,604.2,3820.0,17154.0,10204.0,6950.0,49964.0,14367.0,3411.7,7722.8,3679.0,13068.0,39.4,2.8,39.7,2041.0,245.0,452.0,880.0,464.0,1996.0,344.0,427.0,758.0,467.0,,28795.28614,8380.493976,94754.80132,180279.0418,1.632317881,226.5,692.5,1697.3,84.4,30.8,30.3,116.6745,77.9896,134535.82,141.9603461,99.4,3.108651911,18.52146303,5.55,5.69,4.69,4.97,5.41,6.14,6.14,7.44,8.59,0.14,-0.86,-0.58,-0.14,0.59,0.59,1.89,3.04,,3.9812,338.021,2.4694,1.013,40.7,40.3,37.2,35.7,3.56,46.3,40.8,61.3,39.5,36.7,43.4,46.0,37.4,41.1,42.3,41.0,20.772,72.386,24.039,15.174,3.83,5.26,3.48,,9862.0,28252.0,139.7432,14.6366
10/1/1971,4575.168,4142.0,25.893,420400.993,35845.28293,38.5253,40.9438,39.0373,55.7425,39.6893,62.9655,15.5409,35.2311,19.9151,66.78,36.6971,50.3309,52.1066,78.9224,2631.0,0.531085991,84872.0,79918.0,5.8,12.6,2222.0,1546.0,1268.0,677.0,591.0,297600,71642.0,21604.0,540.3,3867.0,17126.0,10189.0,6937.0,50038.0,14355.0,3420.9,7730.0,3690.0,13115.0,39.6,2.9,39.9,2128.0,236.0,462.0,916.0,514.0,2026.0,318.0,431.0,776.0,501.0,,28189.5844,7501.77162,94957.00594,180752.0377,1.642649007,227.2,698.4,1707.6,84.7,30.8,30.5,117.268,78.9773,135613.18,142.4807523,97.29,3.169215747,18.12585105,5.2,5.42,4.46,4.6,4.91,5.93,5.93,7.39,8.48,0.22,-0.74,-0.6,-0.29,0.73,0.73,2.19,3.28,,3.975,331.1105,2.4896,1.0047,40.7,40.4,37.1,36.4,3.56,46.1,40.9,61.4,39.5,36.5,43.5,46.0,37.5,41.2,42.4,41.1,20.804,72.331,24.073,15.209,3.85,5.29,3.5,,9983.0,28443.0,141.1104,14.9179
11/1/1971,4598.431,4159.2,26.024,427508.511,36260.77835,38.6888,41.1814,39.247,56.186,40.085,63.4132,15.6119,35.2905,19.8309,66.7508,36.8327,49.2637,52.2256,79.0161,2693.0,0.521798101,85458.0,80297.0,6.0,12.0,2304.0,1629.0,1277.0,696.0,581.0,287000,71847.0,21684.0,544.5,3903.0,17166.0,10215.0,6951.0,50163.0,14380.0,3430.9,7731.5,3704.0,13148.0,39.8,2.9,40.0,2182.0,303.0,466.0,931.0,482.0,2079.0,316.0,458.0,794.0,511.0,,29052.99153,7875.869599,95319.44818,180752.0377,1.611655629,227.8,704.6,1718.5,85.5,30.9,30.5,117.8104,79.8791,137328.97,143.2599312,92.78,3.31609183,17.2760751,4.91,4.84,4.22,4.38,4.67,5.78,5.81,7.26,8.38,-0.07,-0.69,-0.53,-0.24,0.87,0.9,2.35,3.47,,3.9834,328.752,2.4933,1.0039,40.8,40.6,37.2,37.0,3.56,46.2,41.0,61.5,39.4,36.6,43.5,46.1,37.6,41.3,42.4,41.2,20.847,72.396,24.097,15.256,3.85,5.3,3.49,82.0,10114.0,28763.0,143.9019,21.5559
12/1/1971,4622.5,4184.5,26.192,431500.257,36237.63938,39.1355,41.4152,39.4129,56.5643,40.2626,63.9053,15.6994,36.0165,20.0502,67.5825,37.1747,48.774,53.2606,79.551,2728.0,0.529297633,85625.0,80471.0,6.0,11.5,2320.0,1518.0,1283.0,700.0,583.0,273000,72109.0,21741.0,604.0,3867.0,17202.0,10249.0,6953.0,50368.0,14462.0,3441.3,7789.2,3716.0,13190.0,39.7,3.0,40.2,2295.0,320.0,477.0,981.0,517.0,2133.0,313.0,476.0,821.0,523.0,,29782.84331,8230.155535,95594.14125,181910.3953,1.601324503,228.3,710.3,1728.2,86.8,31.3,31.2,117.7961,79.9843,138684.84,143.3583213,99.17,3.095694262,18.3100347,4.14,4.66,4.01,4.23,4.6,5.69,5.93,7.25,8.38,0.52,-0.13,0.09,0.46,1.55,1.79,3.11,4.24,,3.9041,320.0727,2.5266,0.9993,41.1,40.9,37.4,37.2,3.56,45.4,41.1,61.6,39.4,36.7,43.8,46.2,37.7,41.4,42.6,41.4,20.929,72.657,24.208,15.311,3.9,5.32,3.55,,10163.0,29224.0,147.3477,16.5773
1/1/1972,4644.778,4208.2,26.196,436061.565,35961.98382,40.0728,42.2236,40.1544,57.4138,41.4652,64.4626,16.2037,37.1351,20.9134,69.2101,38.1263,48.8142,53.566,81.3684,2857.0,0.5692369,85978.0,80959.0,5.8,12.1,2324.0,1489.0,1257.0,664.0,593.0,271200,72441.0,21865.0,602.5,3912.0,17283.0,10321.0,6962.0,50576.0,14520.0,3464.4,7895.1,3723.0,13266.0,39.7,3.0,40.2,2494.0,386.0,445.0,1034.0,629.0,2238.0,372.0,416.0,852.0,597.0,,30408.29619,7726.696573,95984.24355,181813.8655,1.570331126,230.1,717.7,1742.0,87.2,32.9,32.9,118.1645,81.2625,139568.47,142.9858314,103.3,2.971926428,18.95519899,3.51,4.03,3.38,3.66,4.28,5.59,5.95,7.19,8.23,0.52,-0.12,0.16,0.78,2.09,2.45,3.69,4.73,,3.8922,312.72,2.5705,1.0059,41.0,40.7,37.5,37.8,3.56,45.6,41.2,61.7,39.7,36.8,43.8,46.4,37.9,41.5,42.7,41.5,21.015,73.031,24.294,15.375,3.93,5.39,3.57,,10088.0,29092.0,148.5752,14.0695
2/1/1972,4682.524,4231.9,26.259,431354.862,36261.78439,40.4789,42.6274,40.4963,57.7624,41.6276,64.9273,16.4714,37.5424,21.232,69.4125,38.4421,52.1725,54.8381,81.8317,2919.0,0.592329546,86036.0,81108.0,5.7,12.4,2111.0,1470.0,1292.0,641.0,651.0,263500,72648.0,21915.0,598.5,3888.0,17361.0,10383.0,6978.0,50733.0,14573.0,3473.0,7925.9,3730.0,13298.0,39.9,3.2,40.4,2390.0,276.0,467.0,1083.0,564.0,2169.0,350.0,416.0,802.0,601.0,,31131.56425,8446.922589,96753.00262,182412.3502,1.590993378,232.3,725.7,1752.9,86.1,31.9,31.9,118.8982,83.0947,140830.72,142.5556433,105.2,2.918250951,19.0912164,3.3,3.81,3.2,3.63,4.27,5.69,6.08,7.27,8.23,0.51,-0.09,0.34,0.98,2.4,2.79,3.98,4.94,,3.8611,305.187,2.6037,1.0047,41.3,40.9,37.7,38.1,3.56,45.6,41.4,61.9,39.6,36.9,44.0,46.5,38.0,41.6,42.9,41.7,21.098,73.073,24.441,15.43,3.96,5.42,3.61,92.8,10083.0,29103.0,148.4146,12.1628
3/1/1972,4712.202,4259.5,26.686,439346.765,37198.40966,40.761,42.8285,40.6225,57.7454,41.3426,65.1212,16.6709,37.9112,21.4832,70.0253,38.7105,52.422,55.0583,82.1903,2983.0,0.59210004,86611.0,81573.0,5.8,12.3,2303.0,1418.0,1232.0,600.0,632.0,262750,72944.0,22036.0,601.5,3921.0,17447.0,10449.0,6998.0,50908.0,14635.0,3492.7,7949.7,3740.0,13329.0,39.9,3.2,40.4,2334.0,307.0,409.0,1012.0,606.0,2105.0,290.0,404.0,873.0,538.0,,31192.69874,8726.622012,97198.42506,183223.2004,1.56,234.3,733.5,1771.7,86.7,31.9,31.8,119.691,84.4289,142535.76,143.165689,107.7,2.850510678,19.38010238,3.83,4.1,3.73,4.12,4.67,5.87,6.07,7.24,8.24,0.27,-0.1,0.29,0.84,2.04,2.24,3.41,4.41,,3.8567,302.5365,2.6181,0.9985,41.3,40.9,37.8,38.1,3.56,46.4,41.4,61.9,39.6,37.0,44.0,46.5,38.1,41.7,42.9,41.7,21.128,73.154,24.433,15.471,3.99,5.45,3.63,,10083.0,29184.0,151.3106,14.5198
4/1/1972,4718.611,4273.3,26.764,442331.562,37289.9595,41.1654,43.2807,41.1543,58.4165,42.5442,65.3355,16.9527,38.2625,21.7549,70.3797,39.1322,51.9426,54.4697,82.8692,3013.0,0.607582174,86614.0,81655.0,5.7,12.4,2229.0,1500.0,1203.0,530.0,673.0,263000,73162.0,22099.0,595.3,3931.0,17508.0,10497.0,7011.0,51063.0,14669.0,3503.8,7975.6,3753.0,13358.0,39.9,3.5,40.5,2249.0,281.0,433.0,1070.0,465.0,2139.0,333.0,455.0,872.0,480.0,,31518.12235,8457.411317,97534.16103,184545.6586,1.56,235.6,738.4,1779.3,87.9,32.6,32.5,121.2319,85.836,143894.0,144.1101653,108.8,2.821691176,19.41230276,4.17,4.55,3.71,4.23,4.96,6.17,6.19,7.3,8.24,0.38,-0.46,0.06,0.79,2.0,2.02,3.13,4.07,,3.8509,303.5605,2.6102,0.9957,41.3,40.9,37.9,38.7,3.56,46.6,41.5,62.1,39.6,37.1,44.1,46.6,38.2,41.7,43.0,41.8,21.16,73.382,24.421,15.508,4.01,5.49,3.65,,10177.0,29440.0,152.5361,13.4985
5/1/1972,4738.426,4291.2,26.898,445055.61,37781.91413,41.1693,43.209,40.9889,58.1658,42.179,65.1979,16.9411,38.3506,21.9406,70.6362,39.201,51.0155,54.759,82.7981,3065.0,0.622714344,86809.0,81887.0,5.7,12.3,2192.0,1534.0,1168.0,588.0,580.0,267750,73469.0,22222.0,598.6,3957.0,17602.0,10568.0,7034.0,51247.0,14699.0,3514.8,7992.4,3765.0,13416.0,39.8,3.4,40.5,2221.0,297.0,481.0,997.0,446.0,2067.0,308.0,447.0,785.0,527.0,,32109.71612,9382.750243,98349.65608,186148.0532,1.56,235.9,743.3,1786.8,88.5,32.8,32.7,122.692,87.1949,145621.23,144.9111653,107.7,2.850510678,19.04902252,4.27,4.45,3.69,4.12,4.64,5.85,6.13,7.3,8.23,0.18,-0.58,-0.15,0.37,1.58,1.86,3.03,3.96,,3.8605,304.3795,2.6124,0.9889,41.5,41.1,38.0,39.3,3.56,46.5,41.6,62.2,39.7,37.2,44.2,46.7,38.3,41.9,43.1,41.9,21.207,73.483,24.459,15.552,4.03,5.52,3.67,88.6,10293.0,29823.0,151.7491,15.952
6/1/1972,4751.74,4304.2,26.985,446997.41,38028.39446,41.2778,43.3599,41.0407,58.1896,42.2016,65.2252,16.9983,38.4152,21.9508,71.0278,39.3388,49.5552,53.8964,82.8697,3101.0,0.629900467,87006.0,82083.0,5.7,12.4,2279.0,1489.0,1141.0,591.0,550.0,273250,73758.0,22282.0,600.0,3969.0,17641.0,10592.0,7049.0,51476.0,14758.0,3523.8,8022.2,3791.0,13405.0,40.0,3.4,40.6,2254.0,288.0,439.0,992.0,535.0,2183.0,301.0,445.0,889.0,549.0,,32272.42792,8133.426152,99447.47455,186746.5379,1.56,236.6,749.7,1797.8,88.9,32.5,32.4,123.7672,88.2498,147367.3,146.0238803,108.0,2.842592593,18.92809192,4.46,4.6,3.91,4.35,4.93,5.91,6.11,7.23,8.2,0.14,-0.55,-0.11,0.47,1.45,1.65,2.77,3.74,,3.7998,302.4145,2.5691,0.9795,41.7,41.4,38.0,39.4,3.56,46.4,41.7,62.2,39.7,37.3,44.3,46.8,38.4,41.9,43.1,42.0,21.239,73.519,24.458,15.597,4.03,5.5,3.68,,10473.0,30273.0,151.3876,12.8417
7/1/1972,4780.516,4332.2,27.184,444221.693,38231.61498,41.2389,43.5737,41.2574,58.632,43.1329,65.2666,16.997,38.1099,21.787,70.5214,39.3341,49.8379,54.6167,82.6391,3166.0,0.644412782,87143.0,82230.0,5.6,11.8,2248.0,1515.0,1154.0,635.0,519.0,297600,73709.0,22162.0,596.7,3939.0,17556.0,10521.0,7035.0,51547.0,14764.0,3518.0,8035.5,3790.0,13482.0,39.9,3.4,40.5,2252.0,325.0,441.0,1011.0,476.0,2195.0,311.0,423.0,932.0,530.0,,31616.87806,9446.848028,100217.1874,187354.6756,1.56,238.8,759.5,1817.0,90.1,33.1,32.8,124.6817,89.7955,148321.93,145.5563592,107.2,2.866912313,18.56107276,4.55,4.83,3.98,4.5,4.96,5.97,6.11,7.21,8.23,0.28,-0.57,-0.05,0.41,1.42,1.56,2.66,3.68,,3.765,301.0305,2.4447,0.984,41.8,41.6,38.1,40.0,3.56,45.7,41.8,62.2,39.8,37.3,44.5,47.0,38.5,42.1,43.3,42.1,21.315,73.662,24.56,15.654,4.04,5.52,3.69,,10567.0,30582.0,150.7103,15.2696
8/1/1972,4824.896,4375.5,27.33,454870.354,38595.80225,41.805,44.094,41.7648,59.2621,43.4874,66.0529,17.3473,38.7176,22.2506,71.0831,39.8544,50.52,54.8307,83.5051,3285.0,0.665114396,87517.0,82578.0,5.6,11.8,2285.0,1541.0,1156.0,619.0,537.0,253500,74141.0,22400.0,605.8,3983.0,17741.0,10699.0,7042.0,51741.0,14812.0,3531.2,8069.4,3801.0,13530.0,40.0,3.4,40.6,2382.0,349.0,461.0,1029.0,543.0,2263.0,322.0,460.0,953.0,528.0,,33263.74722,9038.953035,101260.6396,189343.1893,1.539337748,240.9,768.7,1834.6,90.1,33.1,32.7,126.0083,91.426,149806.2,145.2454916,111.0,2.771774775,19.03264067,4.81,4.75,4.02,4.55,4.98,6.02,6.21,7.19,8.19,-0.06,-0.78,-0.25,0.18,1.22,1.41,2.39,3.39,,3.7808,301.1609,2.4502,0.9824,42.0,41.7,38.2,40.3,3.56,45.8,41.9,62.0,40.0,37.4,44.5,47.1,38.6,42.2,43.3,42.2,21.377,73.83,24.623,15.706,4.08,5.55,3.73,95.2,10645.0,30936.0,151.3745,14.3576
9/1/1972,4843.175,4396.4,27.377,462692.829,39324.17679,42.1288,44.3532,42.0542,59.5874,43.9581,66.2456,17.496,39.1066,22.5085,71.4832,40.1673,50.8441,55.6504,83.9268,3326.0,0.685914622,87392.0,82543.0,5.5,12.1,2353.0,1390.0,1131.0,583.0,548.0,256200,74264.0,22456.0,611.5,4000.0,17774.0,10722.0,7052.0,51808.0,14831.0,3539.3,8076.8,3810.0,13575.0,40.0,3.6,40.6,2481.0,351.0,472.0,1139.0,520.0,2393.0,318.0,507.0,1044.0,523.0,,35245.44528,9854.74302,103523.0422,190906.972,1.518675497,243.2,778.3,1848.7,90.2,33.0,32.5,126.9574,92.8494,151245.55,145.4284135,109.4,2.81535649,18.57272338,4.87,5.07,4.66,5.13,5.52,6.25,6.55,7.22,8.09,0.2,-0.21,0.26,0.65,1.38,1.68,2.35,3.22,,3.7874,301.119,2.441,0.983,42.2,42.0,38.5,40.5,3.56,46.4,42.1,62.5,40.2,37.4,44.8,47.2,38.7,42.3,43.6,42.4,21.473,74.014,24.805,15.756,4.11,5.59,3.75,,10588.0,31007.0,153.523,14.2933
10/1/1972,4954.863,4471.0,27.829,469079.382,39878.50603,42.6703,45.0334,42.7071,60.4298,44.9549,66.9059,17.8523,39.4922,22.8734,72.4174,40.742,53.0095,57.2897,84.8843,3480.0,0.713846154,87491.0,82616.0,5.6,11.7,2351.0,1472.0,1123.0,601.0,522.0,251000,74674.0,22613.0,611.3,4038.0,17893.0,10819.0,7074.0,52061.0,14899.0,3548.7,8127.0,3821.0,13606.0,40.1,3.6,40.7,2485.0,373.0,473.0,1135.0,505.0,2354.0,341.0,435.0,1009.0,569.0,,34544.74995,9482.97587,104645.6593,192132.9004,1.508344371,245.0,786.9,1864.7,91.4,33.8,33.2,129.0908,94.2773,152834.96,143.4935311,109.6,2.831505474,18.37907736,5.05,5.21,4.74,5.13,5.52,6.18,6.48,7.21,8.06,0.16,-0.3,0.09,0.48,1.14,1.44,2.17,3.02,,3.7977,301.011,2.3948,0.9827,42.0,41.9,38.7,40.9,3.56,46.3,42.2,62.8,40.1,37.8,44.9,47.2,38.8,42.4,43.7,42.5,21.497,73.514,24.865,15.796,4.14,5.64,3.78,,10538.0,31104.0,154.1089,16.5987
11/1/1972,5005.278,4504.1,27.938,478052.999,40147.1193,43.1755,45.4603,43.1806,60.8606,46.0192,66.835,18.1636,40.0728,23.304,73.0132,41.2496,53.7071,54.9462,85.689,3545.0,0.770317253,87592.0,82990.0,5.3,11.4,2191.0,1386.0,1040.0,570.0,470.0,250750,74973.0,22688.0,608.9,4002.0,18005.0,10912.0,7093.0,52285.0,14974.0,3563.3,8172.5,3832.0,13643.0,40.0,3.7,40.7,2421.0,335.0,418.0,1121.0,547.0,2234.0,366.0,412.0,909.0,548.0,,35294.35288,9720.72038,105786.3986,193600.1532,1.487682119,246.4,793.9,1872.4,90.5,31.8,31.2,131.5901,95.8342,154699.79,143.3467291,115.1,2.716481321,19.11578451,5.06,5.18,4.78,5.09,5.27,6.12,6.28,7.12,7.99,0.12,-0.28,0.03,0.21,1.06,1.22,2.06,2.93,,3.7956,300.9885,2.3515,0.9874,42.3,42.1,39.0,42.0,3.56,46.2,42.4,63.0,40.3,37.8,45.1,47.3,38.9,42.5,43.9,42.7,21.561,73.561,24.945,15.852,4.15,5.68,3.79,90.7,10517.0,31407.0,155.9346,13.6006
12/1/1972,5023.731,4530.8,28.045,484428.738,41054.56934,43.6617,45.8027,43.6066,61.3714,46.9534,66.9943,18.393,40.7035,23.9022,73.4912,41.7942,53.0497,53.9745,86.5586,3847.0,0.846797271,87943.0,83400.0,5.2,11.4,2003.0,1460.0,1006.0,551.0,455.0,242400,75268.0,22772.0,604.7,3937.0,18158.0,11036.0,7122.0,52496.0,15047.0,3578.4,8226.9,3842.0,13684.0,39.7,3.7,40.6,2366.0,395.0,345.0,1095.0,531.0,2419.0,426.0,461.0,1010.0,522.0,,36871.62276,9925.83329,107811.3062,194826.0816,1.467019868,249.2,802.3,1887.8,91.4,31.4,30.4,133.1093,96.8695,156809.86,144.3124057,117.5,2.680851064,19.33176142,5.33,5.4,5.07,5.3,5.52,6.16,6.36,7.08,7.93,0.07,-0.26,-0.03,0.19,0.83,1.03,1.75,2.6,,3.77,301.2405,2.3449,0.9968,42.7,42.6,39.6,43.8,3.56,46.2,42.5,63.2,40.4,37.9,45.2,47.5,39.0,42.6,44.0,42.8,21.63,73.721,25.028,15.906,4.17,5.75,3.83,,10516.0,31893.0,159.7468,14.9553
1/1/1973,5003.812,4506.6,28.319,490599.001,41758.79887,43.9783,46.0558,43.7956,61.2593,46.812,66.9139,18.6993,41.0811,24.3295,73.5578,42.118,53.3444,53.77,86.9641,3947.0,0.912390199,87487.0,83161.0,4.9,11.0,2035.0,1344.0,947.0,537.0,410.0,228500,75617.0,22955.0,601.2,4004.0,18276.0,11130.0,7146.0,52662.0,15102.0,3594.5,8258.0,3852.0,13690.0,39.7,3.8,40.4,2481.0,325.0,590.0,1072.0,494.0,2271.0,357.0,472.0,910.0,532.0,,37819.67765,10002.75063,110121.3986,197548.2218,1.456688742,251.5,810.3,1897.7,91.7,32.9,31.7,135.4135,98.7011,159913.81,147.3045413,118.4,2.666106419,19.29499977,5.94,5.77,5.41,5.62,5.89,6.34,6.46,7.15,7.9,-0.17,-0.53,-0.32,-0.05,0.4,0.52,1.21,1.96,128.0328851,3.7293,301.7882,2.3563,0.9993,43.0,43.0,39.8,45.0,3.56,46.6,42.7,63.2,40.4,38.0,45.5,47.5,39.1,42.7,44.3,43.0,21.695,73.72,25.21,15.924,4.22,5.85,3.86,,10340.0,31783.0,161.3595,14.392
2/1/1973,5022.151,4523.8,28.493,491365.627,42366.44835,44.6103,46.706,44.4318,62.0213,47.6683,67.5476,19.0859,41.6832,24.7919,74.579,42.7874,52.8619,52.92,88.0709,3941.0,0.885220126,88364.0,83912.0,5.0,10.5,2259.0,1263.0,894.0,522.0,372.0,222000,76014.0,23160.0,604.0,4071.0,18410.0,11239.0,7171.0,52854.0,15164.0,3618.8,8283.5,3874.0,13711.0,40.1,3.9,40.9,2289.0,313.0,534.0,1004.0,438.0,2226.0,317.0,500.0,905.0,504.0,,38840.1534,10669.36759,112992.3226,199864.9368,1.456688742,252.2,814.1,1893.3,90.3,31.7,30.1,140.7983,100.4561,162096.12,147.9924404,114.2,2.769991243,18.33088343,6.58,6.17,5.6,5.83,6.19,6.6,6.64,7.22,7.97,-0.41,-0.98,-0.75,-0.39,0.02,0.06,0.64,1.39,122.7758685,3.417,278.4206,2.4272,0.9956,43.5,43.5,40.4,47.1,3.56,48.2,43.0,63.4,40.6,38.1,45.9,47.6,39.2,42.8,44.6,43.3,21.809,73.941,25.436,15.98,4.22,5.77,3.87,81.9,10316.0,31877.0,158.6352,19.2363
3/1/1973,5028.119,4525.8,28.53,489403.4,42688.38185,44.6294,46.8675,44.6005,62.1984,47.7284,67.7969,19.2356,41.55,24.8403,74.223,42.864,53.4628,52.0285,87.9475,3978.0,0.905325444,88846.0,84452.0,4.9,10.6,2136.0,1340.0,889.0,501.0,388.0,227200,76284.0,23262.0,603.6,4089.0,18493.0,11306.0,7187.0,53022.0,15212.0,3622.9,8309.6,3888.0,13745.0,40.2,3.8,40.9,2365.0,319.0,458.0,1174.0,414.0,2062.0,341.0,406.0,817.0,498.0,,40030.86519,10940.90911,116868.547,202104.428,1.456688742,251.7,815.3,1878.6,91.1,31.9,30.1,144.9576,102.4606,164253.28,148.7262586,112.4,2.820284698,17.71502046,7.09,6.76,6.09,6.51,6.85,6.8,6.71,7.29,8.03,-0.33,-1.0,-0.58,-0.24,-0.29,-0.38,0.2,0.94,118.3426351,3.2171,261.9014,2.4724,0.9967,44.4,44.7,41.1,49.3,3.56,52.0,43.4,63.8,40.7,38.2,46.4,47.7,39.4,43.0,45.0,43.7,21.964,74.05,25.79,16.049,4.24,5.79,3.88,,10301.0,31947.0,158.0981,20.0866
4/1/1973,5037.899,4539.4,28.418,487378.688,42375.50273,44.568,46.6705,44.3635,61.5518,47.0046,67.2584,19.3888,41.6325,24.8595,74.3271,42.7953,52.0593,51.9222,87.5234,3909.0,0.876653958,89018.0,84559.0,5.0,10.0,2260.0,1474.0,809.0,469.0,340.0,239000,76455.0,23316.0,603.8,4106.0,18530.0,11340.0,7190.0,53139.0,15245.0,3632.1,8326.3,3897.0,13777.0,40.1,4.0,40.8,2084.0,305.0,432.0,831.0,516.0,1908.0,299.0,372.0,813.0,424.0,,39546.49191,11396.58609,120026.5635,204324.6132,1.467019868,252.7,819.7,1875.7,92.6,32.3,30.6,147.5343,104.3032,165937.83,148.8632188,110.3,2.889093382,17.10195354,7.12,7.13,6.26,6.52,6.85,6.67,6.67,7.26,8.09,0.01,-0.86,-0.6,-0.27,-0.45,-0.45,0.14,0.97,119.3190802,3.2406,265.4914,2.4837,1.0007,44.7,45.0,41.3,50.1,3.56,53.0,43.7,64.2,41.0,38.3,46.8,47.9,39.5,43.1,45.4,44.0,22.127,74.343,26.063,16.153,4.27,5.81,3.91,,10328.0,32170.0,158.3425,20.1652
5/1/1973,5059.894,4556.1,28.478,485816.596,42375.50273,44.8608,46.9721,44.6621,61.9319,46.895,67.9637,19.5862,41.9098,25.0783,74.6073,43.0657,53.1795,52.0614,87.7869,3953.0,0.913143913,88977.0,84648.0,4.9,10.1,2223.0,1320.0,816.0,467.0,349.0,240250,76648.0,23382.0,605.3,4137.0,18564.0,11384.0,7180.0,53266.0,15284.0,3640.3,8353.9,3909.0,13817.0,40.2,3.8,40.7,2266.0,287.0,530.0,961.0,488.0,1931.0,267.0,393.0,824.0,447.0,,39925.52576,11234.59351,123079.6625,207085.3653,1.477350993,254.9,826.8,1883.4,93.1,32.4,30.6,149.9659,105.8163,168084.27,149.3949605,107.2,2.98818097,16.34231661,7.84,7.26,6.36,6.62,6.89,6.8,6.85,7.29,8.06,-0.58,-1.48,-1.22,-0.95,-1.04,-0.99,-0.55,0.22,118.4138773,3.1728,264.6505,2.5306,1.0008,45.0,45.3,42.2,52.5,3.56,53.3,43.9,64.4,41.0,38.5,47.2,48.0,39.6,43.3,45.7,44.3,22.236,74.506,26.232,16.228,4.29,5.82,3.93,77.0,10426.0,32673.0,157.0842,25.6842
6/1/1973,5074.122,4573.5,28.407,484846.898,42764.84105,44.9186,46.9942,44.6504,61.5405,46.8632,67.3446,19.7833,42.0031,25.2646,73.9445,43.0737,53.6464,52.267,87.5089,3978.0,0.911757965,89548.0,85185.0,4.9,9.6,2322.0,1248.0,779.0,454.0,325.0,238800,76887.0,23485.0,611.7,4193.0,18606.0,11425.0,7181.0,53402.0,15320.0,3658.2,8373.5,3918.0,13872.0,40.1,3.8,40.7,2067.0,307.0,452.0,889.0,419.0,2051.0,307.0,337.0,963.0,444.0,,39980.07653,11056.28513,125887.6361,209633.7519,1.477350993,256.7,833.3,1885.3,93.7,32.2,30.3,152.8292,107.5113,170082.2,149.8917776,104.8,3.072519084,15.69989463,8.49,8.0,7.19,7.23,7.31,6.69,6.9,7.37,8.13,-0.49,-1.3,-1.26,-1.18,-1.8,-1.59,-1.12,-0.36,116.2286806,3.0532,264.4981,2.5762,0.9984,45.5,45.9,43.0,55.0,3.56,53.9,44.2,64.6,41.2,38.6,47.5,48.0,39.8,43.5,46.0,44.5,22.363,74.608,26.445,16.317,4.32,5.86,3.95,,10566.0,33139.0,157.6865,22.8772
7/1/1973,5089.133,4591.5,28.633,491454.547,42777.9196,45.085,47.1581,44.7749,61.3772,46.8141,67.1127,20.0196,42.1678,25.475,74.0038,43.253,53.6865,51.4314,87.5779,4043.0,0.939140534,89604.0,85299.0,4.8,9.6,2271.0,1314.0,756.0,474.0,282.0,242750,76913.0,23522.0,617.0,4232.0,18598.0,11438.0,7160.0,53391.0,15330.0,3666.4,8370.8,3929.0,13865.0,40.1,3.8,40.7,2123.0,252.0,457.0,1007.0,407.0,1819.0,279.0,382.0,735.0,422.0,,40219.91185,11673.95469,127880.1146,211796.0192,1.477350993,257.5,836.5,1892.5,95.6,33.5,31.5,155.3291,109.2387,171787.46,150.4005078,105.8,3.059234405,15.63781694,10.4,9.26,8.01,8.12,8.39,7.33,7.13,7.45,8.24,-1.14,-2.39,-2.28,-2.01,-3.07,-3.27,-2.95,-2.16,113.9157921,2.8233,264.5538,2.5375,0.9995,45.4,45.7,42.3,52.5,3.56,55.1,44.2,64.6,41.2,38.6,47.5,48.1,39.9,43.5,46.0,44.6,22.444,74.766,26.486,16.406,4.35,5.87,3.98,,10658.0,33625.0,157.3297,21.5127
8/1/1973,5074.021,4573.1,28.278,481298.546,42905.68696,45.0221,46.9809,44.5443,60.8092,45.418,67.181,20.0727,42.2242,25.4284,74.1117,43.1448,54.339,51.544,87.0644,3946.0,0.916608595,89509.0,85204.0,4.8,9.8,2290.0,1260.0,788.0,454.0,334.0,258250,77168.0,23559.0,622.7,4233.0,18629.0,11471.0,7158.0,53609.0,15369.0,3682.9,8384.6,3939.0,13904.0,40.0,3.7,40.6,2051.0,269.0,450.0,874.0,458.0,1809.0,284.0,381.0,735.0,409.0,,40229.31715,11841.77434,130746.2697,213639.7383,1.477350993,257.7,838.8,1864.0,95.8,33.7,31.5,158.0681,110.9024,173525.75,150.6299913,103.8,3.134229287,14.88462429,10.5,10.26,8.67,8.65,8.82,7.63,7.4,7.68,8.53,-0.24,-1.83,-1.85,-1.68,-2.87,-3.1,-2.82,-1.97,115.6170858,2.9733,265.22,2.4757,1.0039,47.0,47.7,43.5,64.1,4.31,55.9,45.0,64.9,41.2,38.7,48.7,48.2,40.2,43.7,46.9,45.4,22.703,74.87,27.118,16.511,4.36,5.87,4.0,72.0,10753.0,34120.0,157.7332,17.2002
9/1/1973,5104.199,4601.6,28.693,484620.995,43482.14913,45.3801,47.4948,45.2194,61.7577,46.9446,67.6469,20.4108,42.4125,25.5298,74.315,43.4743,56.0579,51.9615,87.4336,3914.0,0.899770115,89838.0,85488.0,4.8,9.4,2211.0,1346.0,785.0,490.0,295.0,246800,77276.0,23548.0,625.7,4237.0,18609.0,11462.0,7147.0,53728.0,15396.0,3684.3,8404.0,3946.0,13892.0,40.0,3.8,40.7,1874.0,272.0,430.0,774.0,398.0,1704.0,242.0,326.0,693.0,443.0,,39854.04543,11756.6991,133298.6261,215589.6401,1.487682119,257.9,839.3,1856.9,96.2,34.0,32.2,158.5066,112.4848,174411.96,149.9157298,105.6,3.096590909,14.93005399,10.78,10.31,8.29,8.45,8.31,7.05,7.09,7.63,8.63,-0.47,-2.49,-2.33,-2.47,-3.73,-3.69,-3.15,-2.15,115.878268,3.017,265.4747,2.4183,1.0083,46.9,47.5,43.0,60.9,4.31,55.8,45.2,65.2,41.1,38.9,48.7,48.2,40.5,44.0,47.0,45.6,22.793,74.924,27.138,16.628,4.4,5.95,4.03,,10799.0,34356.0,159.3932,17.3245
10/1/1973,5148.7,4644.2,28.496,497051.642,43723.59925,45.7462,47.8713,45.5955,62.0185,46.6128,68.3097,20.7104,42.7597,25.7367,75.08,43.8959,54.6626,53.7232,87.985,3973.0,0.958735521,90131.0,85987.0,4.6,10.2,2063.0,1321.0,793.0,457.0,336.0,241500,77607.0,23641.0,630.1,4232.0,18702.0,11525.0,7177.0,53966.0,15460.0,3700.0,8446.1,3947.0,13977.0,40.0,3.7,40.6,1677.0,236.0,373.0,726.0,342.0,1411.0,207.0,298.0,582.0,324.0,,41448.24487,12734.48167,136387.0156,217500.93,1.467019868,259.0,842.6,1847.8,97.5,34.9,33.5,159.1694,113.9684,176288.39,149.3716235,109.8,3.011539162,15.19118753,10.01,9.14,7.22,7.32,7.4,6.77,6.79,7.6,8.41,-0.87,-2.79,-2.69,-2.61,-3.24,-3.22,-2.41,-1.6,115.3665545,3.0288,266.3348,2.4292,1.0011,46.8,47.4,43.4,58.5,4.31,56.5,45.6,65.4,41.4,39.6,49.0,48.4,41.0,44.4,47.3,45.9,22.922,74.917,27.368,16.719,4.42,5.98,4.05,,10826.0,34708.0,161.0862,19.0463
11/1/1973,5160.48,4654.9,28.547,505091.609,44071.68985,45.9548,48.0323,45.7625,62.2194,46.5774,68.6639,20.8537,43.0108,25.9678,76.0209,44.2027,54.1299,52.8796,88.3043,3952.0,0.89899909,90716.0,86320.0,4.8,9.9,2288.0,1256.0,832.0,482.0,350.0,253750,77920.0,23719.0,636.3,4232.0,18773.0,11582.0,7191.0,54201.0,15512.0,3710.7,8484.3,3963.0,14035.0,40.3,3.8,40.6,1724.0,256.0,322.0,765.0,381.0,1402.0,217.0,294.0,599.0,292.0,,42654.00515,12872.00055,139815.9099,220763.637,1.456688742,261.0,848.9,1849.5,98.3,34.8,33.4,159.9353,115.5313,177946.52,149.2088881,102.0,3.27777451,13.83995644,10.03,9.11,7.83,7.96,7.57,6.92,6.73,7.67,8.42,-0.92,-2.2,-2.07,-2.46,-3.11,-3.3,-2.36,-1.61,118.8122186,3.1647,278.2625,2.387,0.9991,47.2,47.9,43.8,59.0,4.31,57.8,45.9,65.7,41.8,39.7,49.5,48.5,41.3,44.7,47.7,46.4,23.11,75.129,27.758,16.815,4.45,6.01,4.07,76.5,10833.0,35050.0,164.2138,28.7514
12/1/1973,5146.807,4644.0,28.305,498331.356,42926.81384,45.8252,47.6286,45.2746,61.1101,45.6104,67.5368,20.934,43.1562,26.1458,76.9481,44.2224,50.1198,52.7711,88.0543,3788.0,0.843840499,90890.0,86401.0,4.9,9.5,2332.0,1310.0,767.0,439.0,328.0,284000,78031.0,23779.0,641.0,4239.0,18820.0,11619.0,7201.0,54252.0,15503.0,3721.2,8477.1,3972.0,14070.0,40.1,3.6,40.6,1526.0,211.0,298.0,699.0,318.0,1288.0,197.0,247.0,520.0,324.0,,40645.0317,12573.6545,142310.0848,225020.6009,1.477350993,262.9,855.5,1847.7,100.1,35.1,33.8,161.2113,117.002,178744.09,149.0527769,94.78,3.566153197,12.61216818,9.95,9.28,7.45,7.56,7.27,6.8,6.74,7.68,8.48,-0.67,-2.5,-2.39,-2.68,-3.15,-3.21,-2.27,-1.47,120.6429792,3.2,280.1775,2.3174,0.9994,47.6,48.3,44.8,59.1,4.31,63.9,46.3,66.0,42.2,39.9,49.9,48.6,41.5,45.0,48.1,46.7,23.3,75.232,28.098,16.941,4.46,6.02,4.09,,10739.0,35359.0,166.9045,34.147
1/1/1974,5102.933,4589.0,28.289,498780.758,43465.04641,45.5207,47.3401,44.864,60.3079,43.3044,67.8514,20.919,42.84,25.62,77.6186,43.8755,51.1242,52.1788,87.0781,3785.0,0.815030146,91199.0,86555.0,5.1,9.5,2400.0,1404.0,799.0,467.0,332.0,305250,78100.0,23709.0,645.5,4196.0,18788.0,11583.0,7205.0,54391.0,15563.0,3751.1,8466.2,3986.0,14090.0,39.8,3.5,40.5,1451.0,233.0,338.0,618.0,262.0,1331.0,212.0,279.0,540.0,300.0,,42815.77642,13043.31645,146320.7944,228640.4681,1.477350993,263.8,859.7,1837.0,100.4,36.6,35.5,163.0226,117.9292,179985.68,149.9380873,96.11,3.537613152,12.51545531,9.65,8.86,7.77,7.65,7.42,6.95,6.99,7.83,8.48,-0.79,-1.88,-2.0,-2.23,-2.7,-2.66,-1.82,-1.17,125.258697,3.3644,298.1336,2.224,0.9915,48.8,49.6,45.9,63.3,10.11,65.3,46.8,66.3,42.8,40.1,50.5,48.9,41.8,45.4,48.7,47.2,23.523,75.542,28.585,17.042,4.46,6.02,4.1,,10499.0,35148.0,168.3705,27.4409
2/1/1974,5072.291,4559.3,28.126,496333.08,43723.59925,45.3825,47.1543,44.7447,60.1096,43.1935,67.6068,20.8437,42.7496,25.4645,77.6752,43.7043,50.9985,52.1818,86.4624,3702.0,0.782498415,91485.0,86754.0,5.2,9.6,2432.0,1426.0,829.0,495.0,334.0,318500,78254.0,23718.0,649.2,4259.0,18727.0,11531.0,7196.0,54536.0,15586.0,3771.0,8463.7,4004.0,14135.0,40.0,3.4,40.4,1752.0,261.0,369.0,780.0,342.0,1360.0,206.0,292.0,543.0,319.0,,42876.91091,13327.67753,150187.4808,231758.3805,1.477350993,265.3,864.2,1827.1,99.1,35.2,34.0,164.772,119.4011,181188.92,150.1026593,93.45,3.659711075,11.87707716,8.97,8.0,7.12,6.96,6.88,6.82,6.96,7.85,8.53,-0.97,-1.85,-2.01,-2.09,-2.15,-2.01,-1.12,-0.44,122.5872304,3.1763,291.0872,2.2749,0.9766,49.7,50.7,46.8,64.3,10.11,66.4,47.3,67.0,43.4,40.3,51.3,49.1,42.0,45.8,49.3,47.8,23.797,75.851,29.194,17.165,4.51,6.08,4.13,61.8,10405.0,35110.0,168.3496,22.468
3/1/1974,5039.098,4527.8,28.17,498011.728,44353.38166,45.3798,47.3042,44.92,60.2297,43.2266,67.7797,21.0253,42.5973,25.2584,77.7014,43.6577,52.0142,53.2882,86.1018,3717.0,0.802114804,91453.0,86819.0,5.1,9.7,2413.0,1403.0,849.0,519.0,330.0,311600,78296.0,23687.0,650.1,4255.0,18700.0,11519.0,7181.0,54609.0,15595.0,3771.0,8473.0,4006.0,14152.0,39.9,3.5,40.4,1555.0,209.0,353.0,653.0,340.0,1440.0,201.0,338.0,544.0,357.0,,42433.92098,13667.97849,153271.1012,235918.8145,1.467019868,266.7,870.1,1820.3,99.6,34.9,33.6,168.8168,120.9877,181980.99,150.0131811,97.44,3.530377668,12.10678059,9.35,8.64,7.96,7.83,7.76,7.31,7.21,8.01,8.62,-0.71,-1.39,-1.52,-1.59,-2.04,-2.14,-1.34,-0.73,119.958012,3.0788,282.1648,2.3406,0.972,50.2,51.1,48.1,62.3,10.11,70.4,47.8,67.5,44.2,40.7,51.9,49.3,42.4,46.3,49.9,48.3,24.073,76.38,29.736,17.307,4.53,6.1,4.15,,10262.0,34860.0,170.4058,20.9693
4/1/1974,5036.13,4505.4,28.264,494381.666,44945.9405,45.247,47.0912,44.685,60.0471,42.9074,67.7059,20.7791,42.543,25.2594,77.0717,43.4703,53.7479,57.7354,85.4761,3836.0,0.830662625,91287.0,86669.0,5.1,9.8,2337.0,1456.0,889.0,535.0,354.0,293000,78382.0,23670.0,659.8,4225.0,18702.0,11551.0,7151.0,54712.0,15629.0,3778.1,8501.2,4012.0,14191.0,39.1,2.9,39.5,1607.0,207.0,373.0,690.0,337.0,1254.0,178.0,247.0,485.0,344.0,,43180.70231,13545.61,156453.9164,238785.7494,1.477350993,267.2,872.9,1814.8,101.7,36.0,34.2,174.9909,122.7659,183021.12,149.9067246,92.46,3.742158771,11.33996583,10.51,9.92,8.33,8.32,8.62,7.92,7.51,8.25,8.87,-0.59,-2.18,-2.19,-1.89,-2.59,-3.0,-2.26,-1.64,118.2734046,3.027,277.7741,2.3886,0.9676,50.7,51.5,49.0,60.6,10.11,74.5,48.1,68.2,44.7,41.0,52.1,49.7,42.6,46.7,50.1,48.5,24.243,76.907,29.95,17.428,4.54,6.13,4.16,,10252.0,35032.0,170.664,20.7668
5/1/1974,5040.703,4508.4,28.346,496557.781,45460.02806,45.6083,47.529,45.169,60.6139,43.0947,68.4971,21.1209,42.8226,25.4904,77.0371,43.803,53.8015,58.1963,85.8811,3786.0,0.804675877,91596.0,86891.0,5.1,9.6,2457.0,1409.0,880.0,524.0,356.0,297500,78549.0,23635.0,666.8,4198.0,18688.0,11539.0,7149.0,54914.0,15672.0,3790.9,8533.5,4022.0,14221.0,39.8,3.4,40.3,1426.0,187.0,309.0,618.0,312.0,1138.0,177.0,250.0,415.0,296.0,,45545.19634,12952.41414,160871.8966,243312.9967,1.477350993,267.6,874.6,1799.6,102.8,36.5,33.9,177.6309,124.1513,183917.37,149.0295519,89.67,3.880896621,10.76925726,11.31,10.82,8.23,8.4,8.78,8.18,7.58,8.37,9.05,-0.49,-3.08,-2.91,-2.53,-3.13,-3.73,-2.94,-2.26,117.2323445,2.9173,278.9664,2.4137,0.9623,51.3,52.0,50.6,58.3,10.11,80.7,48.6,68.7,45.3,41.4,52.7,50.3,43.1,47.2,50.7,49.1,24.482,77.715,30.294,17.578,4.62,6.17,4.25,72.1,10299.0,35388.0,168.9082,22.2272
6/1/1974,5037.213,4506.5,28.279,494825.06,45570.6927,45.5216,47.5815,45.2448,60.8165,43.677,68.4218,21.1447,42.6053,25.5087,77.0533,43.8109,55.2671,58.5045,85.657,3686.0,0.74812259,91868.0,86941.0,5.4,9.7,2497.0,1517.0,926.0,559.0,367.0,305600,78604.0,23591.0,672.1,4146.0,18690.0,11558.0,7132.0,55013.0,15691.0,3800.5,8543.1,4030.0,14239.0,39.7,3.3,40.2,1513.0,218.0,371.0,614.0,310.0,1086.0,167.0,246.0,386.0,287.0,,45483.12132,13027.00065,164386.6325,248004.3447,1.498013245,268.5,877.8,1791.4,103.6,36.5,33.5,180.1082,125.292,184598.24,148.4266624,89.79,3.897984185,10.61406134,11.93,11.18,7.9,8.12,8.67,8.1,7.54,8.47,9.27,-0.75,-4.03,-3.81,-3.26,-3.83,-4.39,-3.46,-2.66,118.6536395,2.9899,282.97,2.3902,0.9664,51.3,51.8,51.5,55.4,10.11,81.6,49.0,69.2,45.9,42.1,53.1,51.0,43.5,47.7,51.1,49.4,24.69,78.916,30.47,17.724,4.67,6.23,4.3,,10429.0,35723.0,169.011,23.768
7/1/1974,5057.141,4510.0,28.372,493693.144,46304.09745,45.6136,47.4971,45.2909,60.8037,43.5859,68.4643,21.2041,42.8598,25.4144,77.1405,43.8067,54.071,59.338,85.4222,3557.0,0.702547897,92212.0,87149.0,5.5,9.9,2526.0,1602.0,924.0,537.0,387.0,309500,78636.0,23462.0,678.5,4045.0,18656.0,11541.0,7115.0,55174.0,15727.0,3808.1,8571.7,4034.0,14288.0,39.7,3.3,40.1,1316.0,158.0,330.0,543.0,285.0,1002.0,146.0,225.0,372.0,259.0,,46831.84226,15568.76916,168824.6424,252879.0992,1.487682119,269.3,881.4,1787.8,105.1,37.3,34.0,183.9873,126.5844,185641.86,147.5925107,79.31,4.450888917,9.233380544,12.92,11.93,7.55,7.94,8.8,8.38,7.81,8.72,9.48,-0.99,-5.37,-4.98,-4.12,-4.54,-5.11,-4.2,-3.44,119.6963565,2.9642,290.98,2.3896,0.9763,52.7,53.2,53.4,59.8,10.11,81.0,49.3,69.5,46.4,42.6,53.3,51.6,44.0,48.2,51.4,49.8,24.872,79.97,30.666,17.837,4.7,6.24,4.33,,10502.0,35971.0,167.1459,29.7672
8/1/1974,5048.655,4503.6,28.584,488904.732,47621.00666,45.1303,47.3289,45.2219,60.7091,43.5146,68.3604,21.1225,42.0913,24.8912,76.1319,43.4124,53.9193,59.6209,84.441,3472.0,0.691358025,92059.0,87037.0,5.5,9.8,2609.0,1483.0,960.0,572.0,388.0,341400,78619.0,23396.0,684.9,4059.0,18570.0,11481.0,7089.0,55223.0,15723.0,3813.4,8568.0,4035.0,14328.0,39.7,3.4,40.2,1142.0,160.0,284.0,443.0,255.0,917.0,131.0,226.0,314.0,246.0,,48750.52477,14831.06193,174432.0054,256537.5784,1.487682119,270.1,884.1,1771.7,105.0,37.0,33.7,186.3819,127.3706,186290.11,146.8238572,76.03,4.682362225,8.6921725,12.01,11.79,8.96,9.11,9.36,8.63,8.04,9.0,9.77,-0.22,-3.05,-2.9,-2.65,-3.38,-3.97,-3.01,-2.24,121.8201334,2.9846,302.2836,2.3456,0.9799,53.7,54.1,55.8,62.9,10.11,81.8,49.9,70.8,46.6,43.2,54.1,52.3,44.5,48.8,52.1,50.4,25.132,80.707,31.107,17.983,4.76,6.38,4.38,64.4,10678.0,36340.0,167.7577,29.1721
9/1/1974,5043.366,4498.0,28.298,484762.785,46482.16691,45.1377,47.2402,45.1958,60.1761,43.3869,67.5842,21.4998,42.1879,25.134,75.9207,43.4194,53.2563,58.1044,84.253,3329.0,0.612286187,92488.0,87051.0,5.9,9.6,2723.0,1680.0,1021.0,630.0,391.0,360750,78610.0,23274.0,692.8,4009.0,18492.0,11432.0,7060.0,55336.0,15725.0,3810.6,8593.8,4036.0,14422.0,39.5,3.2,40.0,1150.0,192.0,281.0,436.0,241.0,840.0,139.0,218.0,264.0,219.0,,45944.92187,14339.25711,176943.3486,261779.1461,1.529006623,271.0,887.9,1754.7,105.3,37.1,33.8,187.9941,127.9814,186366.2,145.519013,68.12,5.270111568,7.649513544,11.34,11.36,8.06,8.53,8.87,8.37,8.04,9.24,10.18,0.02,-3.28,-2.81,-2.47,-2.97,-3.3,-2.1,-1.16,122.4667576,2.9967,299.084,2.3165,0.9864,54.3,54.6,55.9,60.9,10.11,80.9,50.6,71.0,47.0,43.7,54.8,53.0,45.0,49.3,52.8,51.0,25.393,81.76,31.495,18.132,4.81,6.47,4.42,,10721.0,36301.0,167.2772,36.7628
10/1/1974,5059.64,4507.8,28.22,476462.069,46046.55065,44.995,47.1682,45.2421,60.1774,42.8228,67.9752,21.5236,41.9817,25.0053,74.4516,43.1209,55.3419,59.1225,83.4837,3091.0,0.559659605,92518.0,86995.0,6.0,9.9,2723.0,1770.0,1072.0,674.0,398.0,396750,78630.0,23118.0,703.4,3972.0,18364.0,11357.0,7007.0,55512.0,15767.0,3815.7,8627.8,4038.0,14484.0,39.6,3.1,40.0,1070.0,156.0,259.0,430.0,225.0,824.0,144.0,217.0,253.0,210.0,,43254.0637,12892.97801,176192.7116,266789.0424,1.56,272.3,893.3,1751.6,105.7,36.9,35.1,189.2302,128.6274,186004.12,143.743524,69.44,5.174726382,7.685391859,10.06,9.55,7.46,7.74,8.05,7.97,7.9,9.27,10.48,-0.51,-2.6,-2.32,-2.01,-2.09,-2.16,-0.79,0.42,121.878713,2.8966,299.3645,2.333,0.983,55.3,55.6,57.2,63.2,11.16,77.4,51.0,71.2,47.3,44.1,55.3,53.8,45.4,49.7,53.2,51.5,25.575,82.813,31.696,18.244,4.86,6.46,4.48,,10764.0,36190.0,166.8679,38.3682
11/1/1974,5029.511,4472.5,27.921,471363.641,45806.10657,43.5148,46.0451,44.2322,58.486,40.7778,66.644,21.2101,40.198,23.9961,72.1577,41.8344,52.4461,58.6146,80.8232,2859.0,0.465635179,92766.0,86626.0,6.6,9.6,3052.0,1918.0,1128.0,698.0,430.0,457600,78265.0,22773.0,707.3,3911.0,18077.0,11173.0,6904.0,55492.0,15727.0,3817.8,8589.3,4038.0,14532.0,39.1,2.8,39.5,1026.0,120.0,304.0,369.0,233.0,783.0,131.0,193.0,243.0,216.0,,42635.19454,12527.03793,175347.6489,271161.842,1.590993378,273.7,898.6,1744.9,106.9,36.8,35.5,190.4047,129.2202,185679.08,143.2708951,71.74,5.013479231,7.860619422,9.45,8.95,7.47,7.52,7.66,7.68,7.68,8.89,10.6,-0.5,-1.98,-1.93,-1.79,-1.77,-1.77,-0.56,1.15,121.2154025,2.7503,300.075,2.3252,0.9874,56.4,56.7,57.8,64.2,11.16,76.3,51.5,71.7,47.6,44.4,55.8,54.3,45.8,50.1,53.7,52.0,25.767,83.339,31.97,18.374,4.88,6.51,4.49,59.5,10746.0,36059.0,168.9024,27.2538
12/1/1974,5026.41,4456.0,27.867,457546.337,45106.90725,41.9503,44.5453,42.7322,56.5387,37.3553,65.8455,20.3489,38.6062,22.5796,68.499,39.9354,53.4189,59.3368,77.0017,2620.0,0.394816154,92780.0,86144.0,7.2,10.1,3125.0,2151.0,1326.0,788.0,538.0,524000,77652.0,22303.0,672.9,3860.0,17693.0,10901.0,6792.0,55349.0,15625.0,3805.9,8527.7,4036.0,14559.0,39.1,2.6,39.3,975.0,143.0,269.0,353.0,210.0,869.0,179.0,188.0,266.0,236.0,,39111.02622,12365.04535,173131.9823,275727.7013,1.652980133,274.2,902.1,1738.2,108.6,36.9,36.1,191.2761,129.7876,185676.58,142.2373066,67.07,5.367526465,7.293378922,8.53,9.18,7.15,7.11,7.31,7.31,7.43,8.89,10.63,0.65,-1.38,-1.42,-1.22,-1.22,-1.1,0.36,2.1,120.156236,2.6028,300.4114,2.3294,0.9882,56.4,56.6,57.8,61.5,11.16,75.0,51.9,71.7,47.9,44.8,56.3,54.8,46.2,50.5,54.2,52.4,25.971,83.866,32.247,18.518,4.92,6.56,4.52,,10623.0,36087.0,172.0952,28.2313
1/1/1975,5021.74,4442.2,28.094,456397.599,46762.85268,41.3689,43.7027,41.8118,55.244,35.7628,64.8442,19.8711,38.2827,21.9177,67.0292,39.1169,50.9704,60.4399,75.2829,2470.0,0.329289428,93128.0,85627.0,8.1,10.7,3293.0,2646.0,1555.0,930.0,625.0,535000,77293.0,21974.0,715.3,3841.0,17344.0,10664.0,6680.0,55319.0,15574.0,3787.9,8518.9,4031.0,14624.0,38.9,2.5,39.2,1032.0,143.0,308.0,382.0,199.0,726.0,97.0,191.0,235.0,203.0,,38840.1534,12803.24111,170946.8371,277272.1779,1.652980133,273.9,906.3,1732.9,107.7,37.7,37.3,191.5869,130.0257,185788.75,141.5749067,72.56,4.993563947,7.879849437,7.13,7.39,6.26,6.36,6.83,7.41,7.5,8.83,10.81,0.26,-0.87,-0.77,-0.3,0.28,0.37,1.7,3.68,118.842751,2.5278,299.6845,2.3623,0.9948,56.7,56.8,58.0,59.6,11.16,73.6,52.3,71.8,48.0,45.3,56.7,55.3,46.5,50.9,54.5,52.8,26.132,83.965,32.393,18.677,4.95,6.59,4.54,,10465.0,35598.0,172.2165,26.7976
2/1/1975,5019.3,4421.8,28.339,453447.648,47442.9372,40.4252,42.756,40.9283,54.4897,34.7342,64.3298,19.217,37.3621,21.2353,64.7919,38.038,52.932,58.6749,73.0755,2412.0,0.320744681,92776.0,85256.0,8.1,11.7,2947.0,2616.0,1841.0,1124.0,717.0,544500,76918.0,21512.0,718.3,3718.0,17004.0,10433.0,6571.0,55406.0,15538.0,3774.0,8528.5,4026.0,14747.0,38.6,2.4,38.9,904.0,191.0,208.0,346.0,159.0,729.0,112.0,177.0,223.0,217.0,,38309.69411,11601.699,168619.5764,276615.7754,1.652980133,275.0,914.1,1737.8,105.5,35.5,35.4,190.3805,130.6318,186286.19,141.2543145,80.1,4.552646692,8.668037562,6.24,6.36,5.5,5.62,5.98,7.11,7.39,8.62,10.65,0.12,-0.74,-0.62,-0.26,0.87,1.15,2.38,4.41,117.4033496,2.4731,291.6583,2.3958,1.0004,56.6,56.6,57.8,57.9,11.16,71.4,52.6,72.0,48.3,45.8,56.9,55.8,46.9,51.2,54.7,53.0,26.274,84.592,32.453,18.813,4.98,6.58,4.58,57.6,10533.0,35442.0,172.0668,22.9871
3/1/1975,5022.998,4421.6,28.279,439827.408,46369.49019,39.9804,42.4091,40.818,54.6328,35.145,64.2796,18.8937,36.8345,20.917,63.2826,37.5241,55.441,57.3838,71.9652,2342.0,0.293557283,93165.0,85187.0,8.6,11.8,3193.0,2630.0,2074.0,1305.0,769.0,546600,76648.0,21274.0,720.9,3628.0,16853.0,10338.0,6515.0,55374.0,15502.0,3760.9,8526.7,4024.0,14754.0,38.3,2.3,38.8,993.0,114.0,249.0,400.0,230.0,709.0,103.0,168.0,215.0,223.0,,36135.18727,10675.19466,165626.5665,275621.5185,1.694304636,276.4,925.0,1751.9,105.7,34.7,34.6,188.1191,131.1786,185932.07,140.4108669,83.78,4.380520411,9.083295507,5.54,6.06,5.49,5.62,6.11,7.3,7.73,8.67,10.48,0.52,-0.05,0.08,0.57,1.76,2.19,3.13,4.94,116.5905724,2.4835,287.9486,2.418,1.0005,56.6,56.4,57.4,57.1,11.16,71.9,52.8,72.1,48.7,46.3,57.1,56.4,47.0,51.5,54.9,53.2,26.363,85.377,32.433,18.898,5.03,6.74,4.63,,10412.0,34997.0,177.2118,24.0618
4/1/1975,5029.124,4416.5,28.311,444233.709,47011.3451,40.0572,42.7779,41.294,55.7873,36.5305,65.1977,18.796,36.6344,20.5964,63.7578,37.5252,57.5805,57.0624,71.8504,2348.0,0.285992692,93399.0,85189.0,8.8,12.9,2915.0,2719.0,2442.0,1478.0,964.0,525250,76460.0,21109.0,716.9,3565.0,16759.0,10235.0,6524.0,55351.0,15454.0,3758.8,8492.9,4027.0,14795.0,38.7,2.4,39.0,1005.0,128.0,229.0,401.0,247.0,866.0,133.0,211.0,283.0,239.0,,38221.28423,11907.03754,163176.2662,275708.3953,1.673642384,276.2,935.1,1764.3,106.8,35.2,35.1,187.4109,131.6391,185400.23,139.367233,84.72,4.347651086,9.214334071,5.49,6.11,5.61,6.0,6.9,7.99,8.23,8.95,10.58,0.62,0.12,0.51,1.41,2.5,2.74,3.46,5.09,118.2859489,2.5589,292.1968,2.3707,1.011,57.1,56.9,57.5,59.5,11.16,71.5,53.0,72.1,48.8,46.7,57.2,56.8,47.3,51.8,55.1,53.4,26.452,86.063,32.415,18.989,5.04,6.73,4.63,,10332.0,34824.0,182.0769,22.6474
5/1/1975,5059.831,4439.9,28.877,444131.573,49185.40225,39.9402,42.7996,41.3723,56.0432,37.4164,65.0054,18.5403,36.389,20.2444,64.3039,37.4735,55.5967,55.6342,71.6374,2344.0,0.27795565,93884.0,85451.0,9.0,13.4,3051.0,2692.0,2643.0,1554.0,1089.0,498800,76624.0,21097.0,727.5,3552.0,16746.0,10194.0,6552.0,55527.0,15493.0,3760.1,8538.5,4032.0,14827.0,38.9,2.4,39.0,1121.0,155.0,258.0,422.0,286.0,914.0,135.0,238.0,272.0,269.0,,37568.55597,10961.88657,160934.8471,274550.0378,1.663311258,279.2,947.9,1785.1,107.0,34.7,34.6,186.074,131.7233,185283.3,137.8801161,90.1,4.102852386,9.839310091,5.22,5.7,5.23,5.59,6.39,7.72,8.06,8.9,10.69,0.48,0.01,0.37,1.17,2.5,2.84,3.68,5.47,118.5099716,2.5096,291.4305,2.3205,1.0286,57.4,57.3,57.3,61.2,11.16,70.9,53.1,72.2,48.9,47.0,57.5,57.0,47.5,51.9,55.3,53.5,26.558,86.112,32.491,19.102,5.06,6.74,4.65,72.8,10374.0,34790.0,183.881,21.0543
6/1/1975,5148.088,4449.0,28.918,448124.52,49131.07598,40.1927,43.0411,41.6789,56.8055,37.8007,65.9739,18.3933,36.6465,20.2618,66.1366,37.7873,54.4411,57.0464,72.1233,2514.0,0.305839416,93575.0,85355.0,8.8,15.3,2872.0,2526.0,2843.0,1538.0,1305.0,495500,76521.0,21018.0,727.4,3526.0,16690.0,10128.0,6562.0,55503.0,15522.0,3758.5,8582.9,4031.0,14784.0,38.8,2.4,39.2,1087.0,128.0,272.0,398.0,289.0,946.0,126.0,235.0,310.0,275.0,,37640.97683,10791.73609,158450.2101,274067.3888,1.632317881,282.4,963.0,1800.0,108.4,34.6,34.4,184.638,131.8532,182452.41,132.6155037,92.4,4.015151515,10.13557108,5.55,5.67,5.34,5.61,6.29,7.51,7.86,8.77,10.62,0.12,-0.21,0.06,0.74,1.96,2.31,3.22,5.07,118.6813317,2.4946,293.4662,2.2803,1.0264,57.9,57.8,57.3,61.5,11.16,69.5,53.5,72.2,49.4,47.4,57.9,57.2,47.8,52.2,55.6,53.9,26.724,86.325,32.724,19.229,5.09,6.8,4.68,,10544.0,32197.0,187.6768,18.9576
7/1/1975,5091.326,4447.1,29.035,450349.9,49898.68616,40.6115,43.7315,42.4108,58.2664,39.7195,67.0241,18.5069,36.7998,20.2295,67.8399,38.3221,54.8877,58.4793,73.0294,2558.0,0.314753292,94021.0,85894.0,8.6,15.0,2882.0,2268.0,2943.0,1542.0,1401.0,442000,76770.0,20981.0,727.5,3501.0,16678.0,10078.0,6600.0,55789.0,15567.0,3770.5,8615.3,4042.0,14861.0,39.1,2.6,39.4,1226.0,189.0,311.0,431.0,295.0,1020.0,139.0,283.0,306.0,292.0,,41171.72886,12043.39101,158800.253,274559.6908,1.611655629,283.7,975.1,1805.7,109.5,34.9,34.6,183.651,131.83,183693.69,133.8582599,92.49,4.011244459,10.18209753,6.1,6.32,6.13,6.5,7.11,7.92,8.06,8.84,10.55,0.22,0.03,0.4,1.01,1.82,1.96,2.74,4.45,121.7958732,2.6142,296.3741,2.1845,1.0309,58.4,58.4,57.5,62.4,11.16,69.2,54.0,72.6,50.2,47.8,58.6,57.6,48.0,52.6,56.3,54.4,26.953,86.718,33.134,19.366,5.11,6.82,4.71,,10695.0,32440.0,189.1861,17.4815
8/1/1975,5129.306,4484.7,29.11,455633.376,50436.91873,41.0114,43.892,42.4887,58.5831,40.2473,67.1744,18.3978,37.4173,20.7544,68.734,38.7088,55.2277,58.1378,73.6483,2530.0,0.319122099,94162.0,86234.0,8.4,15.6,2808.0,2371.0,2862.0,1390.0,1472.0,452000,77153.0,21176.0,731.6,3547.0,16824.0,10175.0,6649.0,55977.0,15617.0,3778.2,8655.7,4052.0,14870.0,39.4,2.8,39.7,1260.0,148.0,346.0,478.0,288.0,994.0,135.0,251.0,316.0,292.0,,41392.75356,11865.08263,158225.1144,275611.8655,1.590993378,284.1,983.1,1813.8,109.1,34.5,34.2,182.9282,131.9313,184044.04,132.5488225,85.71,4.328549761,9.5792477,6.14,6.59,6.44,6.94,7.7,8.33,8.4,8.95,10.59,0.45,0.3,0.8,1.56,2.19,2.26,2.81,4.45,124.0583477,2.6787,297.9762,2.1143,1.0354,58.9,59.0,58.0,63.0,11.16,69.6,54.2,72.6,50.6,48.1,58.7,57.9,48.3,52.8,56.4,54.6,27.07,87.092,33.313,19.436,5.15,6.81,4.75,75.7,10823.0,32478.0,192.3156,23.5821
9/1/1975,5141.395,4497.5,29.184,456724.437,50535.51086,41.5422,44.4598,43.1422,59.4391,41.0426,68.0129,18.6651,37.9018,21.1116,70.5381,39.3539,55.3933,60.5798,74.7531,2596.0,0.327653667,94202.0,86279.0,8.4,16.1,2878.0,2357.0,2906.0,1308.0,1598.0,445250,77228.0,21284.0,732.9,3573.0,16904.0,10204.0,6700.0,55944.0,15634.0,3797.6,8657.9,4062.0,14824.0,39.5,2.8,39.8,1264.0,147.0,307.0,503.0,307.0,1064.0,148.0,262.0,334.0,320.0,,41301.52209,11391.92444,157276.088,276963.2826,1.590993378,285.7,991.5,1815.9,109.2,34.6,34.2,182.822,132.1325,184938.4,132.2216344,84.67,4.381717255,9.58354076,6.24,6.79,6.42,6.92,7.75,8.37,8.43,8.95,10.61,0.55,0.18,0.68,1.51,2.13,2.19,2.71,4.37,124.9544381,2.7099,299.909,2.0834,1.0263,59.3,59.4,58.2,64.5,11.16,70.6,54.6,72.7,51.4,48.5,59.0,58.3,48.7,53.2,56.9,55.0,27.204,87.524,33.358,19.579,5.17,6.83,4.78,,10829.0,32358.0,196.3863,23.1596
10/1/1975,5165.514,4516.9,29.182,457281.983,50870.52291,41.7224,44.5943,43.2344,59.5269,40.8735,68.2704,18.7289,38.1212,21.0612,71.6881,39.5595,53.9272,58.8904,75.0165,2597.0,0.32885906,94267.0,86370.0,8.4,15.4,2962.0,2392.0,2689.0,1241.0,1448.0,421250,77540.0,21384.0,737.6,3587.0,16984.0,10207.0,6777.0,56156.0,15670.0,3802.1,8687.8,4072.0,14900.0,39.5,2.7,39.9,1344.0,149.0,351.0,495.0,349.0,1096.0,139.0,278.0,341.0,338.0,,40681.71239,11597.03735,155864.4709,278430.5355,1.580662252,285.4,997.8,1817.5,109.7,34.6,34.4,182.7142,132.863,185623.24,131.3310033,88.57,4.177486734,10.1687461,5.82,6.35,5.96,6.25,6.95,7.97,8.14,8.86,10.62,0.53,0.14,0.43,1.13,2.15,2.32,3.04,4.8,124.8692314,2.6631,302.3364,2.0568,1.0251,59.8,59.9,58.8,65.1,11.16,70.6,54.9,73.0,51.7,48.9,59.4,58.5,49.0,53.5,57.3,55.3,27.362,87.94,33.573,19.69,5.19,6.81,4.8,,10893.0,32298.0,197.8052,21.4832
11/1/1975,5165.194,4526.8,29.403,456611.485,51081.79177,41.7797,44.5969,43.2078,59.729,40.8903,68.5852,18.6943,38.2289,21.1241,71.9764,39.6179,53.2554,59.324,74.9958,2694.0,0.3456505,94250.0,86456.0,8.3,16.6,2718.0,2345.0,2789.0,1144.0,1645.0,400600,77685.0,21442.0,737.8,3604.0,17025.0,10241.0,6784.0,56243.0,15700.0,3812.2,8701.3,4076.0,14903.0,39.5,2.8,39.9,1360.0,163.0,333.0,540.0,324.0,1110.0,141.0,285.0,347.0,337.0,,41089.90269,11594.70652,155284.5633,278227.8229,1.590993378,286.8,1006.9,1820.8,111.1,34.6,34.5,182.6189,133.3819,186789.65,131.3200577,90.07,4.096813589,10.45440565,5.22,5.78,5.48,5.8,6.49,7.8,8.05,8.78,10.56,0.56,0.26,0.58,1.27,2.58,2.83,3.56,5.34,124.5911262,2.6538,302.5453,2.0484,1.0139,60.0,60.1,59.0,64.4,11.16,70.4,55.3,73.2,52.4,48.8,59.7,58.8,49.6,53.9,57.6,55.7,27.538,88.336,33.706,19.858,5.22,6.87,4.83,75.6,10975.0,32403.0,200.8638,16.8989
12/1/1975,5172.774,4528.7,29.684,461447.962,51879.58322,42.3462,45.1135,43.7561,60.2917,41.6271,68.9871,19.0266,38.8302,21.4493,73.0139,40.1873,53.317,60.0088,75.9362,2699.0,0.348527893,94409.0,86665.0,8.2,16.5,2762.0,2191.0,2868.0,1282.0,1586.0,374250,78017.0,21602.0,743.4,3641.0,17140.0,10315.0,6825.0,56415.0,15735.0,3825.9,8744.5,4090.0,14946.0,39.8,2.9,40.2,1321.0,157.0,326.0,530.0,308.0,1091.0,139.0,285.0,349.0,318.0,,41530.07103,11088.91673,154194.3752,278411.2295,1.570331126,287.1,1016.2,1827.7,113.1,35.0,34.9,183.3586,134.0939,189506.73,132.3093835,88.7,4.148816234,10.43300761,5.2,5.88,5.44,5.85,6.6,7.76,8.0,8.79,10.56,0.68,0.24,0.65,1.4,2.56,2.8,3.59,5.36,125.441418,2.6337,305.67,2.0221,1.0139,60.1,60.1,59.2,64.0,11.16,70.0,55.6,73.4,52.6,49.3,59.9,59.0,49.9,54.2,57.9,56.0,27.69,89.077,33.809,19.984,5.25,6.9,4.86,,10988.0,32570.0,204.9106,19.0371
1/1/1976,5206.807,4553.5,29.978,472872.862,53173.35346,42.9082,45.6361,44.2287,60.9947,42.2908,69.6668,19.2076,39.4173,21.9623,73.3198,40.6567,55.9625,59.6057,76.6799,2763.0,0.366737457,94934.0,87400.0,7.9,16.6,2749.0,2154.0,2713.0,1132.0,1581.0,371200,78503.0,21799.0,744.8,3688.0,17287.0,10417.0,6870.0,56704.0,15852.0,3838.5,8808.6,4096.0,14969.0,40.0,3.0,40.3,1367.0,152.0,322.0,550.0,343.0,1195.0,136.0,284.0,374.0,401.0,,43168.47541,11838.2781,153335.0055,280534.885,1.539337748,288.4,1026.6,1839.8,111.9,35.6,35.5,182.6481,135.0484,191088.21,132.0399461,96.86,3.802735907,11.54736334,4.87,5.16,4.87,5.14,5.81,7.46,7.74,8.6,10.41,0.29,0.0,0.27,0.94,2.59,2.87,3.73,5.54,124.9970414,2.603,304.6357,2.0286,1.0065,60.0,59.9,59.4,63.0,11.16,69.8,55.8,73.7,53.0,49.7,60.0,59.1,50.5,54.5,58.1,56.2,27.795,89.476,33.866,20.083,5.29,6.91,4.9,,10991.0,32261.0,205.2917,19.5375
2/1/1976,5237.103,4583.4,29.953,474949.243,52799.10577,43.3407,45.9136,44.4587,61.2693,42.8447,69.7268,19.3438,39.9866,22.5885,74.5104,41.2574,53.678,62.2479,77.6593,2912.0,0.397488398,94998.0,87672.0,7.7,16.3,2799.0,1980.0,2519.0,986.0,1533.0,348250,78816.0,21893.0,743.1,3687.0,17384.0,10486.0,6898.0,56923.0,15947.0,3856.0,8871.8,4105.0,14981.0,40.0,3.1,40.4,1538.0,196.0,398.0,614.0,330.0,1190.0,141.0,318.0,385.0,346.0,,45250.81025,12365.04535,153484.7514,282523.3987,1.539337748,290.8,1040.3,1861.0,110.6,34.2,34.1,182.0444,136.2984,192358.93,131.9786827,100.6,3.664681909,12.08682281,4.77,5.13,4.88,5.2,5.91,7.45,7.79,8.55,10.24,0.36,0.11,0.43,1.14,2.68,3.02,3.78,5.47,124.576215,2.57,301.5944,2.0262,0.9935,59.9,59.6,59.6,62.1,12.03,69.7,55.9,74.0,53.3,50.2,59.9,59.4,50.8,54.7,58.2,56.3,27.831,89.71,33.718,20.174,5.33,6.94,4.94,84.6,11016.0,32061.0,206.1227,19.2173
3/1/1976,5250.841,4601.8,30.102,478539.651,53149.20845,43.4281,45.9222,44.4889,61.1971,42.8197,69.6262,19.4697,40.1464,22.745,74.5847,41.3837,53.0617,62.5383,77.7378,2935.0,0.405947441,95215.0,87985.0,7.6,16.5,2628.0,1995.0,2441.0,981.0,1460.0,360500,79048.0,21980.0,747.2,3685.0,17470.0,10558.0,6912.0,57068.0,15980.0,3865.5,8884.4,4115.0,14987.0,39.7,3.1,40.2,1421.0,192.0,382.0,506.0,341.0,1164.0,143.0,313.0,365.0,343.0,,47123.40676,12161.09785,154639.7976,284560.1773,1.539337748,292.7,1050.0,1875.0,111.3,33.8,33.7,179.4877,137.9788,194024.47,132.5665961,101.1,3.649851632,12.21202289,4.84,5.25,5.0,5.44,6.21,7.49,7.73,8.52,10.12,0.41,0.16,0.6,1.37,2.65,2.89,3.68,5.28,125.5037846,2.5656,300.5183,1.9428,0.9859,60.0,59.6,59.8,61.5,12.1,70.3,56.0,74.2,53.8,50.7,59.8,59.7,51.1,55.0,58.3,56.3,27.873,89.751,33.632,20.262,5.36,6.99,4.98,,11097.0,31935.0,208.9763,18.2503
4/1/1976,5271.098,4626.6,30.317,480828.717,54193.48023,43.6518,46.0836,44.5994,61.353,42.7622,69.9197,19.6252,40.4239,23.0287,74.9621,41.6275,54.1305,62.8889,78.031,2918.0,0.398090041,95746.0,88416.0,7.7,15.9,2938.0,2011.0,2210.0,801.0,1409.0,370250,79292.0,22050.0,745.3,3684.0,17541.0,10612.0,6929.0,57242.0,16055.0,3880.2,8937.2,4127.0,14985.0,39.4,2.6,39.6,1395.0,161.0,394.0,505.0,335.0,1132.0,139.0,288.0,357.0,348.0,,46996.43512,13133.05335,155369.4511,287069.952,1.539337748,294.7,1060.8,1890.9,113.1,34.1,34.1,177.4755,139.8826,195904.02,133.0417793,101.9,3.644092247,12.30230836,4.82,5.09,4.86,5.18,5.92,7.25,7.56,8.4,9.94,0.27,0.04,0.36,1.1,2.43,2.74,3.58,5.12,126.1971541,2.5296,299.1086,1.8463,0.9836,60.3,60.0,60.0,63.9,12.17,72.5,56.1,74.3,54.0,51.0,59.9,60.0,51.3,55.2,58.5,56.4,27.936,90.293,33.588,20.333,5.38,7.06,4.98,,11255.0,32117.0,213.3865,17.6447
5/1/1976,5277.153,4640.8,30.1,480297.605,53755.85188,43.8315,46.3961,44.8965,61.8043,42.9014,70.5566,19.7746,40.4744,23.2118,74.8064,41.8355,55.3166,63.7121,78.2498,2987.0,0.423507727,95847.0,88794.0,7.4,15.0,2795.0,2049.0,2115.0,896.0,1219.0,391600,79312.0,21988.0,745.8,3649.0,17513.0,10641.0,6872.0,57324.0,16080.0,3888.5,8959.9,4136.0,14971.0,39.9,3.2,40.3,1459.0,148.0,399.0,508.0,404.0,1194.0,144.0,297.0,396.0,357.0,,47080.14235,12698.35383,155234.9659,289531.4617,1.549668874,295.9,1072.1,1900.9,113.6,34.1,33.9,178.4326,140.9549,196605.92,132.7342155,101.2,3.69236166,12.12291788,5.29,5.44,5.2,5.62,6.4,7.59,7.9,8.58,9.86,0.15,-0.09,0.33,1.11,2.3,2.61,3.29,4.57,126.4086324,2.4873,299.004,1.8079,0.9802,60.4,60.0,60.3,63.6,12.17,74.0,56.4,74.6,54.3,51.4,60.2,60.4,51.4,55.4,58.7,56.7,28.069,90.738,33.741,20.432,5.43,7.14,5.04,83.3,11379.0,32268.0,212.7785,17.4434
6/1/1976,5284.953,4644.1,30.444,486201.111,54869.54058,43.8775,46.3263,44.8281,61.6392,42.735,70.4042,19.8588,40.6285,23.3492,74.4621,41.8793,54.7988,65.4012,78.1547,3005.0,0.410406993,95885.0,88563.0,7.6,16.9,2787.0,2281.0,2332.0,979.0,1353.0,393750,79376.0,21982.0,749.0,3632.0,17521.0,10652.0,6869.0,57394.0,16090.0,3890.0,8955.9,4146.0,14963.0,39.8,3.1,40.2,1495.0,164.0,374.0,580.0,377.0,1188.0,132.0,307.0,370.0,379.0,,47901.2256,12751.96288,155690.8801,293450.5713,1.539337748,296.2,1077.6,1900.5,114.4,33.9,33.7,179.102,141.6213,198154.3,132.9983892,101.8,3.693516699,12.07900337,5.48,5.83,5.41,5.77,6.52,7.61,7.86,8.62,9.89,0.35,-0.07,0.29,1.04,2.13,2.38,3.14,4.41,126.7041339,2.4704,299.1909,1.764,0.9736,60.5,60.1,60.8,65.2,12.17,74.8,56.7,74.9,54.8,51.8,60.4,60.7,51.7,55.7,59.0,56.9,28.192,90.893,33.881,20.539,5.45,7.1,5.07,,11576.0,32625.0,213.5223,16.6744
7/1/1976,5317.491,4660.0,30.532,486539.965,55277.99371,44.1248,46.7102,45.0633,62.0282,42.9528,70.8849,20.0024,40.7416,23.5863,74.6495,42.1892,55.0643,64.6626,78.55,2977.0,0.397463284,96583.0,89093.0,7.8,15.7,2965.0,2181.0,2316.0,1066.0,1250.0,390800,79547.0,21988.0,756.6,3627.0,17524.0,10651.0,6873.0,57559.0,16132.0,3895.7,8983.1,4155.0,14993.0,39.8,3.2,40.3,1401.0,143.0,360.0,551.0,347.0,1245.0,151.0,300.0,388.0,406.0,,49404.19357,14875.34767,157146.3718,296037.5697,1.549668874,297.2,1086.3,1905.8,115.6,34.3,34.2,179.1423,142.5971,199687.3,132.5328864,104.2,3.637236084,12.20052291,5.31,5.54,5.23,5.53,6.2,7.49,7.83,8.56,9.82,0.23,-0.08,0.22,0.89,2.18,2.52,3.25,4.51,126.0927759,2.485,294.641,1.785,0.9722,60.7,60.3,61.1,64.8,12.17,77.1,57.0,75.3,55.1,52.3,60.7,61.1,52.1,56.0,59.3,57.2,28.335,91.385,34.009,20.657,5.5,7.19,5.11,,11755.0,32908.0,212.3232,14.0582
8/1/1976,5332.551,4678.0,30.586,488221.016,54980.20522,44.4262,46.8721,45.3176,62.1405,43.5749,70.6298,20.3315,41.1678,23.8757,75.4406,42.4589,55.1833,64.7519,78.8635,2982.0,0.396648045,96741.0,89223.0,7.8,15.6,2893.0,2323.0,2378.0,1098.0,1280.0,388500,79704.0,22038.0,728.1,3632.0,17596.0,10736.0,6860.0,57666.0,16169.0,3897.4,9017.0,4160.0,15007.0,39.7,3.1,40.2,1550.0,156.0,411.0,574.0,409.0,1309.0,163.0,315.0,395.0,436.0,,49043.0298,13546.77541,156673.2893,297736.4941,1.549668874,299.0,1098.7,1917.5,115.5,34.1,34.0,179.7949,143.755,200609.32,132.040624,103.3,3.697967086,11.91171256,5.29,5.36,5.14,5.4,6.0,7.31,7.77,8.45,9.64,0.07,-0.15,0.11,0.71,2.02,2.48,3.16,4.35,125.9053212,2.4813,290.6259,1.7828,0.9854,60.9,60.4,61.3,63.6,12.17,77.5,57.3,75.8,55.4,52.6,61.0,61.5,52.4,56.3,59.6,57.5,28.491,91.547,34.156,20.808,5.55,7.23,5.16,89.7,11874.0,33120.0,214.3413,15.9058
9/1/1976,5337.168,4685.6,30.7,489634.109,54985.23543,44.5711,47.058,45.2946,62.1979,43.3153,70.9054,20.2737,41.2709,23.8196,75.7821,42.5779,55.2199,64.3158,78.8909,2960.0,0.401084011,96553.0,89173.0,7.6,15.2,2910.0,2329.0,2296.0,1092.0,1204.0,407500,79892.0,22142.0,759.7,3634.0,17665.0,10753.0,6912.0,57750.0,16216.0,3910.1,9039.2,4184.0,14971.0,39.9,3.1,40.2,1720.0,162.0,470.0,632.0,456.0,1481.0,159.0,391.0,469.0,462.0,,49340.23748,14197.07657,157385.7745,301423.9322,1.549668874,299.6,1110.8,1928.5,115.6,33.9,33.8,181.1732,144.7779,202355.86,132.3279231,105.5,3.6492891,11.98763267,5.25,5.33,5.08,5.3,5.84,7.13,7.59,8.38,9.4,0.08,-0.17,0.05,0.59,1.88,2.34,3.13,4.15,125.1337272,2.4733,287.361,1.7272,0.9751,61.1,60.5,61.9,63.4,13.9,78.0,57.6,76.1,56.0,53.0,61.3,61.8,52.8,56.7,59.9,57.8,28.651,92.283,34.302,20.929,5.59,7.26,5.2,,11884.0,33136.0,215.7426,16.5108
10/1/1976,5335.461,4689.5,30.748,483856.772,55811.19606,44.56,47.2957,45.5428,62.6471,43.873,71.2462,20.3035,41.026,23.5639,75.8505,42.5326,56.9216,64.4035,78.6084,2997.0,0.403364738,96704.0,89274.0,7.7,15.2,2945.0,2285.0,2292.0,1061.0,1231.0,409000,79911.0,22037.0,760.0,3645.0,17548.0,10641.0,6907.0,57874.0,16219.0,3915.8,9049.3,4199.0,15028.0,39.7,3.2,40.0,1629.0,162.0,417.0,574.0,476.0,1425.0,163.0,364.0,421.0,477.0,,49438.05267,14868.35519,159127.4048,303383.487,1.580662252,302.0,1125.0,1943.0,116.6,34.3,34.2,182.4383,146.071,204119.91,132.8300319,101.9,3.843640824,11.3717508,5.02,5.1,4.92,5.06,5.5,6.75,7.41,8.32,9.29,0.08,-0.1,0.04,0.48,1.73,2.39,3.3,4.27,125.6807068,2.4465,291.189,1.6377,0.9727,61.4,60.9,62.0,63.0,13.9,78.5,57.9,76.2,56.6,53.2,61.6,62.1,53.1,57.0,60.3,58.1,28.801,93.079,34.463,21.026,5.6,7.33,5.19,,12803.0,34020.0,217.5418,19.007
11/1/1976,5382.241,4728.2,30.926,491901.545,56043.59181,45.2454,48.0875,46.492,63.7648,45.2878,72.0769,20.9765,41.5966,23.9288,76.0757,43.0994,61.164,65.5785,79.4494,3065.0,0.402230971,97254.0,89634.0,7.8,15.3,2826.0,2449.0,2354.0,1076.0,1278.0,389500,80240.0,22207.0,761.8,3678.0,17682.0,10775.0,6907.0,58033.0,16242.0,3921.3,9059.4,4213.0,15073.0,39.8,3.1,40.1,1641.0,199.0,368.0,591.0,483.0,1531.0,166.0,366.0,449.0,550.0,,50959.83125,13378.95576,160148.9197,305487.8365,1.56,303.6,1138.2,1959.0,118.3,34.7,34.6,183.9005,147.2806,206099.35,132.3525238,101.2,3.936096838,11.12766369,4.95,4.98,4.75,4.88,5.29,6.52,7.29,8.25,9.23,0.03,-0.2,-0.07,0.34,1.57,2.34,3.3,4.28,126.5369158,2.4415,295.1653,1.6381,0.9859,61.9,61.4,62.4,63.4,13.9,78.3,58.1,76.5,57.0,53.9,61.7,62.2,53.4,57.3,60.6,58.3,28.932,93.246,34.602,21.144,5.65,7.35,5.25,87.0,12818.0,34208.0,221.3877,18.4481
12/1/1976,5398.735,4744.1,31.336,504644.61,57640.18075,45.731,48.5946,47.0037,64.4486,46.4485,72.3808,21.3159,42.0516,24.2266,76.5711,43.5627,61.6779,66.562,80.0906,3202.0,0.424387011,97348.0,89803.0,7.8,15.1,2921.0,2304.0,2375.0,1041.0,1334.0,373750,80448.0,22261.0,766.1,3688.0,17719.0,10804.0,6915.0,58187.0,16294.0,3929.6,9079.3,4229.0,15075.0,39.6,3.2,39.9,1804.0,176.0,449.0,649.0,530.0,1511.0,170.0,351.0,462.0,528.0,,53848.20085,14765.79873,162008.8207,307225.3728,1.518675497,306.2,1152.0,1972.6,120.3,35.2,35.2,185.2478,148.5136,209232.54,133.2097409,104.7,3.868194842,11.31624428,4.65,4.66,4.35,4.51,4.89,6.1,6.87,7.98,9.12,0.01,-0.3,-0.14,0.24,1.45,2.22,3.33,4.47,127.527207,2.4496,294.7017,1.6784,1.0183,62.4,61.9,62.8,64.5,13.9,77.1,58.4,76.8,57.3,54.2,62.0,62.6,53.7,57.6,60.8,58.6,29.094,93.545,34.732,21.301,5.69,7.36,5.29,,11939.0,33704.0,226.669,14.0253
1/1/1977,5372.549,4726.1,31.246,501353.403,57231.72762,45.4156,48.3735,46.8823,64.1898,46.223,72.1171,21.3561,41.6547,23.997,76.7465,43.3843,60.833,67.7035,79.5496,3298.0,0.453021978,97208.0,89928.0,7.5,15.2,2894.0,2206.0,2200.0,989.0,1211.0,401800,80690.0,22320.0,771.8,3660.0,17803.0,10860.0,6943.0,58370.0,16375.0,3943.3,9133.8,4247.0,15056.0,38.9,3.3,39.4,1527.0,136.0,249.0,571.0,571.0,1466.0,136.0,326.0,457.0,547.0,,52529.57689,14567.67831,162780.4411,310130.9195,1.529006623,308.3,1165.2,1985.0,119.7,36.1,36.0,185.7874,149.6394,195049.52,124.0615189,103.8,3.946695568,11.00651391,4.61,4.72,4.62,4.83,5.29,6.58,7.21,7.96,9.08,0.11,0.01,0.22,0.68,1.97,2.6,3.35,4.47,126.7702875,2.4924,291.0524,1.7124,1.0103,62.5,62.1,63.0,64.3,13.9,77.5,58.7,77.2,57.8,54.6,62.3,63.0,54.1,58.0,61.2,58.9,29.263,94.222,34.896,21.429,5.74,7.45,5.35,,11837.0,33769.0,226.5389,14.675
2/1/1977,5389.96,4743.2,31.42,508170.132,58549.64288,46.1358,49.1896,47.687,65.0734,46.8045,73.1476,21.8966,42.2696,24.3466,78.6195,44.19,59.548,70.0605,80.7991,3300.0,0.443369609,97785.0,90342.0,7.6,14.7,3015.0,2240.0,2174.0,969.0,1205.0,450750,80988.0,22478.0,775.1,3775.0,17843.0,10873.0,6970.0,58510.0,16424.0,3952.9,9163.5,4260.0,15056.0,40.0,3.3,40.2,1943.0,146.0,453.0,754.0,590.0,1560.0,140.0,351.0,508.0,561.0,,53009.24752,14349.74584,162924.4642,312930.2835,1.518675497,311.5,1177.6,1985.8,117.8,34.4,34.4,187.4113,151.6731,197994.31,124.5560581,101.0,4.102306931,10.47628602,4.68,4.76,4.67,4.9,5.47,6.83,7.39,8.04,9.12,0.08,-0.01,0.22,0.79,2.15,2.71,3.36,4.44,126.9752569,2.5209,285.0221,1.7103,1.0279,63.2,62.8,63.3,65.7,13.9,79.6,59.3,77.6,58.2,54.9,63.0,63.4,54.4,58.3,61.8,59.5,29.492,94.187,35.342,21.582,5.77,7.45,5.36,87.1,11893.0,33717.0,227.5738,13.1127
3/1/1977,5413.846,4765.4,31.441,514317.564,59033.54917,46.7158,49.5051,47.9028,65.1662,48.0591,72.4343,22.2418,43.084,24.9815,79.7067,44.8346,55.2379,68.3078,81.7424,3396.0,0.464759819,98115.0,90808.0,7.4,14.5,2993.0,2213.0,2057.0,894.0,1163.0,360250,81391.0,22672.0,787.5,3859.0,17941.0,10956.0,6985.0,58719.0,16501.0,3969.3,9221.3,4285.0,15050.0,39.9,3.3,40.3,2063.0,221.0,489.0,802.0,551.0,1660.0,212.0,393.0,514.0,541.0,,55961.5732,14597.97908,163629.319,315710.3416,1.498013245,313.9,1188.5,1994.1,118.7,34.1,34.0,189.1547,153.6788,201350.33,125.4753723,100.6,4.16500994,10.2671765,4.69,4.75,4.6,4.88,5.5,6.93,7.46,8.1,9.12,0.06,-0.09,0.19,0.81,2.24,2.77,3.41,4.43,127.2214096,2.5505,280.2265,1.7174,1.0513,63.7,63.4,63.9,66.6,13.9,81.1,59.6,77.5,58.7,55.5,63.2,63.8,54.8,58.6,62.1,59.8,29.64,94.332,35.459,21.734,5.8,7.46,5.4,,12008.0,33902.0,230.5639,15.3015
4/1/1977,5437.2,4789.3,31.485,513695.131,59949.04755,47.1719,50.048,48.3507,65.6324,48.4874,72.8942,22.5581,43.4492,25.2916,80.0735,45.3256,54.6034,68.1981,82.3975,3488.0,0.49412098,98330.0,91271.0,7.2,14.4,3015.0,1994.0,1936.0,816.0,1120.0,367400,81728.0,22807.0,792.7,3904.0,18024.0,11010.0,7014.0,58921.0,16567.0,3983.5,9257.3,4304.0,15075.0,40.0,3.3,40.4,1892.0,188.0,469.0,743.0,492.0,1660.0,177.0,418.0,547.0,518.0,,55524.22646,15125.91174,165173.5137,319137.1492,1.508344371,316.0,1199.6,1999.3,120.6,34.8,34.7,190.2948,156.0952,203776.39,125.7180517,99.05,4.287400303,9.951759337,4.73,4.75,4.54,4.8,5.44,6.79,7.37,8.04,9.07,0.02,-0.19,0.07,0.71,2.06,2.64,3.31,4.34,126.5537205,2.5264,275.2071,1.719,1.0515,64.0,63.7,64.4,68.3,13.9,81.6,60.0,77.6,59.0,56.0,63.7,64.1,55.2,58.9,62.5,60.2,29.812,94.432,35.684,21.883,5.85,7.48,5.45,,12144.0,34142.0,232.4417,18.0098
5/1/1977,5450.793,4814.4,31.572,514019.565,59686.47054,47.541,50.4248,48.6596,65.634,48.7009,72.7504,23.0149,43.8031,25.503,81.0472,45.6905,55.1137,67.3834,82.8156,3585.0,0.518738243,98665.0,91754.0,7.0,14.9,2754.0,2170.0,1928.0,859.0,1069.0,380250,82088.0,22919.0,796.2,3930.0,18107.0,11079.0,7028.0,59169.0,16638.0,3997.4,9302.6,4318.0,15132.0,40.1,3.5,40.5,1971.0,214.0,487.0,769.0,501.0,1668.0,181.0,407.0,556.0,524.0,,55894.79553,15310.04719,166452.5533,321540.7411,1.518675497,317.2,1209.0,2008.3,121.0,34.7,34.5,191.7797,158.592,206332.78,126.336505,98.76,4.35736128,9.814018005,5.35,5.26,4.96,5.2,5.84,6.94,7.46,8.05,9.01,-0.09,-0.39,-0.15,0.49,1.59,2.11,2.7,3.66,126.5546672,2.5193,277.4262,1.7185,1.0486,64.4,64.2,64.9,67.6,13.9,82.8,60.2,78.1,59.1,56.5,63.9,64.3,55.4,59.1,62.8,60.4,29.963,94.744,35.881,21.999,5.88,7.48,5.49,90.2,12382.0,34576.0,231.4984,15.1482
6/1/1977,5459.172,4829.7,31.56,518656.575,60003.37383,47.9063,50.9685,49.2299,66.1242,49.6487,72.8948,23.5284,43.9942,25.7272,81.0588,46.0984,57.088,66.2459,83.3042,3618.0,0.507148865,99093.0,91959.0,7.2,14.4,3138.0,2078.0,1918.0,892.0,1026.0,361250,82488.0,23046.0,807.2,3962.0,18192.0,11136.0,7056.0,59442.0,16709.0,4014.3,9347.5,4333.0,15207.0,40.0,3.5,40.5,1893.0,199.0,478.0,732.0,484.0,1752.0,239.0,414.0,571.0,528.0,,57867.08828,16826.25115,169006.8173,323616.1317,1.518675497,318.8,1217.8,2012.9,121.8,34.4,34.2,193.5548,160.6562,208978.57,127.0463676,99.29,4.391177359,9.749633155,5.39,5.42,5.02,5.21,5.8,6.76,7.28,7.95,8.91,0.03,-0.37,-0.18,0.41,1.37,1.89,2.56,3.52,126.3492244,2.4895,272.8609,1.7191,1.0577,64.6,64.2,64.9,65.5,13.9,81.5,60.5,78.5,59.1,57.0,64.2,64.4,55.8,59.4,63.1,60.7,30.131,95.004,36.07,22.144,5.93,7.53,5.54,,12551.0,35026.0,232.1771,14.0565
7/1/1977,5489.51,4848.1,31.816,520068.466,60691.50668,47.9714,51.113,49.3773,66.2549,49.685,73.0803,23.6709,43.9842,25.5982,81.3907,46.0997,59.0613,66.1338,83.0558,3713.0,0.543710646,98913.0,92084.0,6.9,14.3,2859.0,2060.0,1907.0,934.0,973.0,361400,82834.0,23106.0,783.5,3981.0,18259.0,11205.0,7054.0,59728.0,16772.0,4032.3,9376.6,4349.0,15299.0,39.9,3.4,40.4,2058.0,217.0,466.0,811.0,564.0,1687.0,165.0,412.0,571.0,539.0,,57418.45517,15694.6339,170707.4345,325266.7911,1.518675497,320.2,1226.7,2017.6,124.1,35.3,35.0,195.1835,162.9974,211514.21,127.2189402,100.2,4.397874251,9.747936149,5.42,5.39,5.19,5.4,5.94,6.84,7.33,7.94,8.87,-0.03,-0.23,-0.02,0.52,1.42,1.91,2.52,3.45,124.9436689,2.4105,264.8632,1.7226,1.0612,64.8,64.5,65.1,64.7,13.9,81.5,60.8,79.1,59.0,57.3,64.4,64.5,56.3,59.8,63.3,61.0,30.287,95.453,36.168,22.295,5.97,7.54,5.58,,12900.0,35574.0,230.3024,15.3617
8/1/1977,5511.046,4861.6,31.798,520927.616,60639.19249,48.0157,51.2809,49.4822,66.3836,49.7347,73.2536,23.7464,43.9131,25.6644,81.5936,46.346,58.4142,65.6408,83.2478,3799.0,0.548592058,99366.0,92441.0,7.0,13.9,2896.0,2207.0,1836.0,938.0,898.0,367250,83075.0,23124.0,768.6,3995.0,18276.0,11220.0,7056.0,59951.0,16834.0,4049.1,9416.7,4368.0,15328.0,39.9,3.5,40.4,2020.0,219.0,437.0,838.0,526.0,1780.0,176.0,446.0,613.0,545.0,,58134.19899,16015.12282,172754.2793,328037.1962,1.518675497,322.3,1237.0,2024.5,124.2,35.2,34.1,197.4881,165.634,213868.73,127.5381537,97.75,4.555836317,9.438104832,5.9,5.76,5.49,5.83,6.37,7.03,7.4,7.98,8.82,-0.14,-0.41,-0.07,0.47,1.13,1.5,2.08,2.92,125.9272146,2.4084,266.6774,1.7397,1.075,65.2,64.8,65.4,63.9,14.85,81.4,61.1,79.2,58.9,57.7,64.6,64.6,56.6,60.0,63.5,61.2,30.428,95.767,36.268,22.433,5.99,7.56,5.61,89.0,13058.0,36030.0,230.1719,14.4929
9/1/1977,5545.405,4900.6,31.897,522840.578,60904.78763,48.2097,51.389,49.6049,66.4926,49.922,73.3011,23.8436,44.1825,25.6916,81.0627,46.3729,58.0342,65.8593,83.0451,3785.0,0.56065768,99453.0,92702.0,6.8,14.0,2883.0,2125.0,1853.0,914.0,939.0,368750,83532.0,23244.0,802.4,4023.0,18334.0,11265.0,7069.0,60288.0,16922.0,4065.4,9462.8,4394.0,15403.0,39.8,3.4,40.4,1949.0,173.0,434.0,802.0,540.0,1674.0,171.0,381.0,568.0,554.0,,59601.42679,17326.21387,175404.8767,331425.3919,1.529006623,324.5,1246.2,2033.0,124.4,35.2,34.5,198.9991,167.5557,215887.98,127.4653008,96.23,4.676296373,9.221184722,6.14,6.1,5.81,6.04,6.53,7.04,7.34,7.92,8.8,-0.04,-0.33,-0.1,0.39,0.9,1.2,1.78,2.66,126.2898164,2.3745,266.77,1.7431,1.0733,65.5,65.0,65.7,63.7,14.85,79.7,61.3,79.1,59.1,58.2,64.8,64.8,56.9,60.3,63.7,61.5,30.543,95.911,36.316,22.565,6.03,7.62,5.65,,13177.0,36241.0,230.9649,14.0867
10/1/1977,5593.319,4956.6,32.164,526756.622,62116.06241,48.2839,51.3641,49.569,66.9984,49.9362,74.1083,23.7478,44.3469,25.9759,81.231,46.4647,59.9188,66.1261,82.9588,3971.0,0.587165459,99815.0,93052.0,6.8,13.7,2883.0,2127.0,1789.0,876.0,913.0,359000,83800.0,23279.0,805.5,4034.0,18356.0,11276.0,7080.0,60521.0,16962.0,4079.0,9503.2,4416.0,15463.0,40.0,3.5,40.6,2042.0,220.0,476.0,842.0,504.0,1758.0,204.0,381.0,610.0,563.0,,60851.39201,17380.98834,178304.4146,332844.3799,1.518675497,326.4,1254.0,2035.7,125.7,35.7,34.4,201.2545,170.2452,218941.91,127.5662239,93.74,4.860966503,8.915686765,6.47,6.51,6.16,6.43,6.97,7.32,7.52,8.04,8.89,0.04,-0.31,-0.04,0.5,0.85,1.05,1.57,2.42,124.8327819,2.278,254.7445,1.7711,1.0989,65.9,65.3,65.8,64.0,14.85,78.5,61.6,79.3,59.3,58.4,65.0,64.9,57.2,60.6,63.9,61.7,30.685,96.462,36.46,22.672,6.08,7.66,5.69,,14686.0,37965.0,229.8558,15.4536
11/1/1977,5637.491,4987.6,32.36,529163.446,62608.01704,48.3755,51.4458,49.6027,67.0889,49.942,74.2501,23.7564,44.4459,25.98,81.6079,46.586,57.2723,65.1404,82.925,4105.0,0.602347762,100576.0,93761.0,6.8,13.6,2924.0,2080.0,1804.0,908.0,896.0,353500,84173.0,23371.0,811.0,4058.0,18419.0,11333.0,7086.0,60802.0,17047.0,4097.5,9557.9,4441.0,15515.0,40.0,3.5,40.5,2042.0,198.0,490.0,802.0,552.0,1771.0,166.0,414.0,597.0,594.0,,60383.94828,16699.221,180812.8964,335769.2326,1.508344371,328.6,1262.4,2036.1,127.6,35.9,35.0,202.9397,172.8184,221793.74,127.4823198,94.28,4.893222317,8.889622792,6.51,6.54,6.1,6.41,6.95,7.34,7.58,8.08,8.95,0.03,-0.41,-0.1,0.44,0.83,1.07,1.57,2.44,123.1601271,2.1977,244.7026,1.8178,1.1093,66.4,65.8,66.3,65.4,14.85,78.8,62.0,79.8,59.5,58.6,65.5,65.2,57.6,60.9,64.4,62.2,30.861,96.867,36.709,22.798,6.11,7.68,5.72,84.4,14975.0,38553.0,231.6455,19.6377
12/1/1977,5662.417,5014.3,32.424,536176.037,62894.73906,48.4573,51.9908,50.2379,67.6708,50.2548,74.9763,24.0956,44.1002,26.4405,81.6553,47.093,58.8288,63.9191,83.5776,4222.0,0.66113373,100491.0,94105.0,6.4,13.6,2729.0,1941.0,1717.0,859.0,858.0,359600,84410.0,23371.0,670.4,4087.0,18531.0,11424.0,7107.0,61039.0,17138.0,4116.5,9611.8,4461.0,15538.0,39.8,3.4,40.4,2142.0,181.0,451.0,887.0,623.0,1754.0,182.0,402.0,620.0,550.0,,62799.23097,17828.50742,184390.5829,338452.7609,1.498013245,330.9,1270.3,2039.0,129.9,36.5,35.9,204.6774,175.0673,223147.88,127.0773804,93.82,4.977616713,8.79139167,6.56,6.61,6.07,6.4,6.96,7.48,7.69,8.19,8.99,0.05,-0.49,-0.16,0.4,0.92,1.13,1.63,2.43,120.8809662,2.0772,241.0229,1.8546,1.0973,66.7,66.1,66.6,66.4,14.85,78.9,62.3,80.1,59.8,59.0,65.7,65.5,57.9,61.2,64.7,62.4,31.011,97.646,36.856,22.899,6.13,7.72,5.75,,13218.0,37314.0,234.3491,15.413
1/1/1978,5642.502,4995.2,32.077,519760.854,61653.28301,47.7512,50.9889,49.1071,65.882,47.5499,73.9417,23.5874,43.6822,26.0371,82.0471,46.3784,58.2953,63.0185,82.0672,4256.0,0.65587918,100873.0,94384.0,6.4,12.9,2824.0,1989.0,1643.0,830.0,813.0,351000,84594.0,23374.0,668.3,4029.0,18593.0,11481.0,7112.0,61220.0,17198.0,4130.2,9644.5,4476.0,15611.0,38.7,3.4,39.5,1718.0,124.0,392.0,704.0,498.0,1740.0,193.0,351.0,649.0,547.0,,58959.04436,17339.03343,186041.6027,342680.7658,1.549668874,334.4,1279.7,2041.0,130.2,38.1,37.7,207.2931,177.7143,225840.72,128.3113005,90.25,5.222526316,8.382062783,6.7,6.75,6.44,6.7,7.28,7.77,7.96,8.41,9.17,0.05,-0.26,0.0,0.58,1.07,1.26,1.71,2.47,119.6873624,1.9863,241.081,1.9353,1.1012,67.0,66.4,66.9,67.3,14.85,79.3,62.7,80.1,60.1,59.3,66.1,65.8,58.3,61.6,64.9,62.8,31.194,98.043,37.017,23.067,6.19,7.77,5.83,83.7,13395.0,37341.0,232.6858,15.9983
2/1/1978,5667.791,5021.5,32.545,531680.817,63109.02605,48.0098,51.6101,49.8912,66.9695,48.7526,74.874,24.1814,43.603,26.0545,82.7246,46.5644,61.2555,61.682,82.1542,4289.0,0.678854068,100837.0,94519.0,6.3,12.5,2764.0,1942.0,1584.0,917.0,667.0,383250,84948.0,23453.0,672.2,4058.0,18639.0,11518.0,7121.0,61495.0,17264.0,4152.3,9673.8,4506.0,15671.0,39.4,3.6,39.9,1738.0,90.0,437.0,688.0,523.0,1736.0,167.0,406.0,620.0,543.0,,61303.78725,18690.91397,188543.4079,345045.7457,1.518675497,335.3,1285.5,2040.5,128.7,36.8,36.4,210.259,180.32,228843.81,128.8389877,88.98,5.345774331,8.195581237,6.78,6.76,6.45,6.74,7.34,7.83,8.03,8.47,9.2,-0.02,-0.33,-0.04,0.56,1.05,1.25,1.69,2.42,119.4887835,1.9095,240.3722,1.9396,1.113,67.5,66.9,67.4,68.4,14.85,79.6,63.0,79.5,60.2,59.9,66.4,66.3,58.7,61.8,65.3,63.1,31.339,98.292,37.092,23.224,6.23,7.82,5.86,84.3,13481.0,37346.0,233.8456,15.6033
3/1/1978,5700.022,5052.8,32.87,537019.566,64665.3733,48.9358,52.8357,51.187,68.3259,50.2497,76.0388,24.894,44.234,26.5126,82.8571,47.3963,63.65,63.6802,83.3773,4422.0,0.697806533,101092.0,94755.0,6.3,12.4,2871.0,1966.0,1531.0,817.0,714.0,349000,85460.0,23649.0,686.3,4178.0,18699.0,11556.0,7143.0,61811.0,17351.0,4172.7,9716.6,4527.0,15731.0,40.0,3.6,40.5,2032.0,168.0,426.0,876.0,562.0,1799.0,174.0,408.0,647.0,570.0,,64399.07359,18401.89124,193242.7577,349572.993,1.518675497,337.0,1292.2,2038.2,129.1,36.1,35.8,213.6058,183.0011,232783.64,129.475299,88.82,5.404188246,8.101264832,6.79,6.75,6.29,6.63,7.31,7.86,8.04,8.47,9.22,-0.04,-0.5,-0.16,0.52,1.07,1.25,1.68,2.43,118.4125756,1.8985,231.8574,1.9055,1.1258,67.8,67.3,67.8,69.8,14.85,78.8,63.4,79.9,60.3,60.2,66.8,67.0,59.1,62.2,65.7,63.6,31.542,98.811,37.381,23.365,6.28,7.9,5.88,78.8,13663.0,37600.0,236.1659,14.9447
4/1/1978,5732.667,5093.2,33.068,553289.355,66280.071,49.9074,53.444,51.7475,68.7741,51.2538,76.0714,25.4327,45.5145,26.9923,83.962,48.1184,59.2878,63.7009,84.4017,4688.0,0.758576052,101574.0,95394.0,6.1,12.3,2750.0,1888.0,1502.0,822.0,680.0,326000,86162.0,24008.0,841.1,4308.0,18772.0,11624.0,7148.0,62154.0,17452.0,4197.1,9769.8,4547.0,15797.0,40.1,3.5,40.4,2197.0,250.0,477.0,903.0,567.0,1948.0,204.0,415.0,771.0,558.0,,66671.39563,19507.86937,196991.1735,354370.5238,1.467019868,339.9,1300.4,2035.1,131.2,37.0,36.4,216.9979,185.8235,235793.94,129.421999,92.71,5.216988459,8.378486902,6.89,6.82,6.29,6.73,7.45,7.98,8.15,8.56,9.32,-0.07,-0.6,-0.16,0.56,1.09,1.26,1.67,2.43,117.9296193,1.9052,221.857,1.8497,1.1417,68.6,68.2,68.1,72.1,14.85,79.4,63.9,80.7,60.4,60.7,67.4,67.4,59.6,62.6,66.2,64.1,31.781,99.302,37.728,23.535,6.35,7.94,5.93,81.6,13973.0,38156.0,238.8215,20.2351
5/1/1978,5739.268,5095.2,33.2,552763.05,66705.62685,50.1513,53.4578,51.6908,68.3908,50.4818,75.9848,25.5945,45.9622,27.234,83.8922,48.3489,59.9309,66.4555,84.559,4650.0,0.758935858,101896.0,95769.0,6.0,12.1,2870.0,1827.0,1420.0,728.0,692.0,327000,86509.0,24082.0,846.8,4302.0,18848.0,11691.0,7157.0,62427.0,17541.0,4220.8,9830.1,4566.0,15834.0,39.9,3.5,40.4,2075.0,196.0,463.0,876.0,540.0,1766.0,184.0,387.0,644.0,551.0,,67402.18793,20173.32092,201732.4903,357710.4546,1.477350993,344.9,1310.5,2031.8,132.3,37.1,35.9,220.4005,188.9707,239905.41,130.5963038,97.41,5.002905246,8.710366178,7.36,7.06,6.41,7.02,7.82,8.18,8.35,8.69,9.49,-0.3,-0.95,-0.34,0.46,0.82,0.99,1.33,2.13,119.0318626,1.9652,226.1786,1.8181,1.1186,69.1,68.6,68.7,72.8,14.85,79.6,64.5,81.3,60.7,61.1,68.0,68.0,60.0,63.0,66.7,64.6,32.008,99.877,38.071,23.686,6.39,8.03,5.96,82.9,14383.0,38954.0,236.7878,17.5887
6/1/1978,5760.201,5124.9,33.308,555827.153,67859.55723,50.4751,53.9101,52.146,68.7646,50.7504,76.4062,25.9911,46.162,27.4009,84.1008,48.696,59.3735,64.3268,84.916,4654.0,0.772063703,102371.0,96343.0,5.9,12.1,2788.0,1946.0,1352.0,712.0,640.0,324250,86950.0,24238.0,854.9,4379.0,18919.0,11739.0,7180.0,62712.0,17648.0,4243.0,9889.6,4592.0,15852.0,40.2,3.6,40.6,2070.0,205.0,475.0,845.0,545.0,1983.0,192.0,384.0,648.0,759.0,,68402.91254,19932.08017,205969.2494,361436.5046,1.477350993,346.9,1318.5,2028.5,133.6,37.3,36.2,223.4759,192.106,244553.78,131.7780903,97.66,5.027646938,8.632395935,7.6,7.59,6.73,7.23,8.09,8.36,8.46,8.76,9.6,-0.01,-0.87,-0.37,0.49,0.76,0.86,1.16,2.0,116.8451274,1.8854,214.1064,1.8372,1.1218,69.7,69.3,69.2,74.6,14.85,81.2,65.0,81.6,61.1,61.5,68.6,68.5,60.5,63.5,67.3,65.2,32.217,100.469,38.369,23.826,6.45,8.08,6.01,80.0,14860.0,39858.0,237.7968,17.4095
7/1/1978,5791.884,5136.2,33.15,551247.821,67421.92888,50.4371,53.8466,52.0906,68.3895,50.8202,75.7502,26.1905,46.1481,27.5585,83.3626,48.6506,59.2463,64.5559,84.5872,4655.0,0.737834839,102399.0,96090.0,6.2,12.0,3069.0,1867.0,1373.0,715.0,658.0,350200,87204.0,24300.0,861.5,4403.0,18951.0,11789.0,7162.0,62904.0,17672.0,4257.7,9930.5,4615.0,15901.0,40.2,3.5,40.6,2092.0,215.0,478.0,835.0,564.0,1786.0,218.0,399.0,656.0,513.0,,67201.85491,20133.69683,209735.7873,364863.3123,1.498013245,347.6,1324.1,2021.5,135.7,38.2,36.9,226.2258,195.0134,247270.46,131.793231,97.19,5.089690297,8.523117065,7.81,7.85,7.01,7.44,8.39,8.54,8.64,8.88,9.6,0.04,-0.8,-0.37,0.58,0.73,0.83,1.07,1.79,113.8247866,1.804,199.6955,1.8949,1.1246,70.3,69.9,69.4,74.2,14.85,80.7,65.5,81.5,61.6,61.9,69.1,68.8,61.0,64.0,67.6,65.7,32.393,100.938,38.54,23.976,6.5,8.12,6.06,82.4,15296.0,40533.0,236.1029,16.2257
8/1/1978,5818.097,5159.7,33.449,558437.048,68312.27621,50.6393,54.0931,52.3942,68.2843,50.5615,75.7602,26.6731,46.3055,27.8294,82.8887,48.889,58.6256,66.713,84.7497,4731.0,0.778125,102511.0,96431.0,5.9,11.4,2858.0,1967.0,1242.0,630.0,612.0,348750,87483.0,24374.0,863.8,4420.0,19006.0,11839.0,7167.0,63109.0,17738.0,4281.9,9954.8,4633.0,15891.0,40.1,3.5,40.5,1996.0,198.0,420.0,814.0,564.0,1691.0,202.0,388.0,635.0,466.0,,69536.25196,21388.848,214295.883,368811.3808,1.487682119,349.6,1333.5,2023.5,135.2,37.6,36.4,228.3623,198.3252,250331.25,132.1567152,103.9,4.796275265,9.06905703,8.04,7.83,7.08,7.37,8.31,8.33,8.41,8.69,9.48,-0.21,-0.96,-0.67,0.27,0.29,0.37,0.65,1.44,111.2862188,1.6672,188.7096,1.9406,1.1404,70.4,69.9,69.9,73.7,14.85,84.5,65.9,81.7,62.0,62.4,69.4,69.2,61.5,64.4,68.0,66.1,32.557,101.523,38.664,24.118,6.54,8.18,6.09,78.4,15693.0,41405.0,236.2009,17.2668
9/1/1978,5825.741,5173.3,33.395,557162.141,68630.18554,50.7631,54.2896,52.6187,68.4077,50.2708,76.1614,26.9556,46.3609,28.0186,83.4223,49.1036,60.4208,67.1759,84.8665,4797.0,0.783183674,102795.0,96670.0,6.0,11.4,2941.0,1884.0,1308.0,684.0,624.0,322600,87621.0,24444.0,868.2,4424.0,19068.0,11901.0,7167.0,63177.0,17795.0,4296.1,9983.0,4650.0,15819.0,40.0,3.7,40.5,1970.0,237.0,401.0,820.0,512.0,1751.0,203.0,391.0,654.0,503.0,,71244.25561,22441.21708,219879.4011,372643.6136,1.487682119,352.2,1345.0,2022.6,136.2,37.8,36.7,230.5011,201.099,252669.05,132.4608388,103.9,4.831568816,9.000149534,8.45,8.39,7.85,7.99,8.64,8.43,8.42,8.69,9.42,-0.06,-0.6,-0.46,0.19,-0.02,-0.03,0.24,0.97,111.5315431,1.5697,189.9195,1.9595,1.1664,71.1,70.6,70.5,75.1,14.85,84.6,66.5,81.9,62.6,62.8,70.0,69.7,62.1,65.0,68.4,66.6,32.742,102.04,38.84,24.276,6.59,8.24,6.15,80.4,15982.0,41952.0,238.6604,17.7761
10/1/1978,5847.005,5195.9,33.452,562133.198,69851.52075,51.1523,54.5985,52.8778,68.288,50.416,75.8708,27.4939,46.8125,28.3411,83.6969,49.4468,60.3684,68.1221,85.1995,4952.0,0.832688751,103080.0,97133.0,5.8,11.7,2786.0,1833.0,1319.0,723.0,596.0,328250,87956.0,24548.0,875.1,4447.0,19142.0,11966.0,7176.0,63408.0,17894.0,4322.5,10024.1,4665.0,15858.0,40.1,3.7,40.5,1981.0,198.0,424.0,847.0,512.0,1781.0,183.0,383.0,683.0,532.0,,73873.97928,24695.12826,227136.8301,377431.4914,1.487682119,353.3,1352.3,2015.4,137.6,38.4,37.1,232.9249,204.5151,254367.42,131.8170804,100.6,5.006630219,8.638216146,8.96,8.98,7.99,8.55,9.14,8.61,8.64,8.89,9.59,0.02,-0.97,-0.41,0.18,-0.35,-0.32,-0.07,0.63,108.9039815,1.5365,183.631,2.0075,1.1828,71.4,71.0,71.3,77.0,14.85,87.9,67.1,82.4,63.3,63.3,70.6,70.2,62.6,65.6,68.9,67.2,33.003,102.711,39.124,24.488,6.65,8.26,6.2,79.3,16187.0,42489.0,238.2521,21.0197
11/1/1978,5857.195,5202.6,33.573,564568.86,70920.94359,51.5456,54.9761,53.2623,68.5165,50.5846,76.127,27.9524,47.2101,28.6732,84.2259,49.905,59.0435,69.6303,85.7249,4922.0,0.809939115,103562.0,97485.0,5.9,11.1,2903.0,1881.0,1242.0,709.0,533.0,330500,88391.0,24678.0,883.5,4453.0,19257.0,12051.0,7206.0,63713.0,17985.0,4343.3,10069.7,4697.0,15894.0,40.2,3.7,40.6,2094.0,186.0,538.0,838.0,532.0,1795.0,201.0,363.0,725.0,506.0,,73934.17324,22762.87141,233409.9423,382016.6565,1.487682119,355.4,1359.1,2013.5,140.7,39.6,38.9,235.8062,207.5855,257689.52,132.5563375,94.71,5.335582304,8.090953261,9.76,10.14,8.64,9.24,10.01,8.84,8.81,9.03,9.83,0.38,-1.12,-0.52,0.25,-0.92,-0.95,-0.73,0.07,111.6153296,1.675,192.1425,1.9608,1.1731,72.0,71.5,71.9,77.4,14.85,87.8,67.5,82.6,63.9,63.8,71.1,70.6,63.1,66.1,69.4,67.7,33.19,103.308,39.352,24.624,6.7,8.31,6.26,75.0,16629.0,43415.0,238.8727,26.5217
12/1/1978,5890.505,5236.1,33.776,567590.907,71860.58698,51.806,55.3047,53.5175,68.6486,50.7329,76.2417,28.2477,47.4029,29.0012,84.7046,50.2672,59.711,70.6371,86.0798,4952.0,0.795118818,103809.0,97581.0,6.0,10.6,2978.0,2004.0,1269.0,759.0,510.0,355600,88671.0,24758.0,887.7,4450.0,19334.0,12110.0,7224.0,63913.0,18047.0,4364.2,10094.7,4717.0,15911.0,40.2,3.6,40.5,2044.0,229.0,409.0,761.0,645.0,1818.0,212.0,372.0,699.0,535.0,,73169.52183,20440.20078,236809.269,386872.1051,1.487682119,357.3,1366.0,2011.8,144.7,41.7,40.8,237.2394,210.462,260409.43,132.5778587,96.11,5.275205494,8.15765215,10.03,10.37,9.08,9.36,10.3,9.08,9.01,9.16,9.94,0.34,-0.95,-0.67,0.27,-0.95,-1.02,-0.87,-0.09,111.9008904,1.6757,195.955,1.9861,1.1798,72.8,72.5,72.4,78.0,14.85,87.8,67.9,82.6,64.5,64.1,71.6,71.2,63.3,66.4,69.8,68.1,33.345,103.81,39.552,24.732,6.75,8.35,6.31,66.1,16950.0,44448.0,240.2195,21.5146
1/1/1979,5910.093,5248.7,33.654,561382.192,71417.92842,51.525,55.3407,53.7027,68.4991,51.1276,75.7383,28.5801,46.8461,28.446,83.622,49.9143,61.1576,68.7428,85.2099,4910.0,0.803732198,104057.0,97948.0,5.9,11.1,2791.0,2003.0,1250.0,717.0,533.0,357500,88808.0,24740.0,891.1,4373.0,19388.0,12162.0,7226.0,64068.0,18107.0,4384.8,10124.5,4738.0,15937.0,39.8,3.6,40.4,1630.0,227.0,237.0,734.0,432.0,1461.0,190.0,213.0,591.0,467.0,,73551.37727,22881.74367,241142.3614,390520.9313,1.498013245,358.6,1371.6,2002.3,144.3,43.1,42.1,239.757,211.9456,264315.1,133.1159851,99.71,5.128201785,8.361780118,10.07,10.25,9.35,9.47,10.41,9.2,9.1,9.25,10.13,0.18,-0.72,-0.6,0.34,-0.87,-0.97,-0.82,0.06,111.785388,1.6714,197.755,2.0053,1.1899,73.7,73.3,73.1,80.1,14.85,89.3,68.5,83.0,64.6,64.8,72.2,71.9,63.8,66.8,70.4,68.6,33.597,104.161,40.047,24.874,6.78,8.4,6.36,72.1,17378.0,44977.0,242.2032,17.1215
2/1/1979,5933.423,5278.5,33.818,558729.039,72020.54769,51.778,55.4329,53.6897,67.9986,50.5,75.3571,28.8933,47.2353,28.6697,84.2711,50.072,63.2219,67.9203,85.2128,4805.0,0.778389762,104502.0,98329.0,5.9,11.2,2899.0,1964.0,1297.0,745.0,552.0,358500,89055.0,24784.0,898.2,4389.0,19409.0,12196.0,7213.0,64271.0,18157.0,4398.3,10146.9,4757.0,15947.0,40.0,3.6,40.5,1520.0,211.0,218.0,653.0,438.0,1492.0,164.0,260.0,593.0,475.0,,75971.36261,25657.76045,247632.9389,394536.5707,1.508344371,359.9,1377.8,1991.0,141.6,40.7,39.7,243.8766,213.6288,267716.65,133.5844768,98.23,5.249587702,8.100303987,10.06,9.95,9.32,9.41,10.24,9.13,9.1,9.26,10.08,-0.11,-0.74,-0.65,0.18,-0.93,-0.96,-0.8,0.02,112.4798226,1.6752,200.5072,2.0042,1.1956,74.4,74.2,73.7,82.1,15.85,97.9,69.2,83.3,65.2,65.2,72.9,72.8,64.4,67.4,71.1,69.4,33.776,105.058,40.408,24.93,6.84,8.51,6.4,73.9,17764.0,45472.0,243.0679,16.5369
3/1/1979,5951.404,5294.3,33.851,574897.892,73472.26656,51.9382,55.716,53.9264,68.2844,50.396,75.8867,29.1113,47.2822,28.7746,84.6139,50.3199,63.3429,68.5506,85.3672,4845.0,0.793092159,104589.0,98480.0,5.8,11.7,2843.0,1935.0,1365.0,773.0,592.0,358000,89479.0,24998.0,904.8,4552.0,19453.0,12233.0,7220.0,64481.0,18214.0,4415.3,10176.2,4776.0,15956.0,40.3,3.5,40.6,1847.0,181.0,367.0,813.0,486.0,1720.0,157.0,320.0,753.0,490.0,,79222.77704,27869.71672,254695.7936,397644.83,1.467019868,362.5,1387.8,1985.4,142.3,40.2,39.2,247.8933,215.6358,270831.04,133.6843082,100.1,5.194805195,8.116436925,10.09,9.9,9.48,9.47,10.25,9.2,9.12,9.37,10.26,-0.19,-0.61,-0.62,0.16,-0.89,-0.97,-0.72,0.17,112.5640825,1.6815,206.3236,2.0378,1.1739,75.0,74.8,74.6,83.8,15.85,100.6,69.9,83.6,66.4,65.7,73.8,73.6,64.9,68.1,71.8,70.1,34.04,105.642,40.868,25.088,6.9,8.47,6.45,68.4,18328.0,46420.0,245.6088,15.6912
4/1/1979,5903.905,5242.7,33.66,559387.521,73303.25147,51.3251,54.7887,52.8849,66.9788,47.8362,75.4954,28.5012,46.9619,28.0161,85.1027,49.4749,61.9796,70.1065,83.674,5005.0,0.824682814,104172.0,98103.0,5.8,11.0,2938.0,1908.0,1272.0,723.0,549.0,415500,89417.0,24958.0,904.7,4516.0,19450.0,12241.0,7209.0,64459.0,18143.0,4423.9,10183.4,4796.0,15977.0,38.9,2.6,39.3,1748.0,176.0,371.0,683.0,518.0,1597.0,159.0,314.0,621.0,503.0,,73645.43034,23413.17257,259332.1929,403021.5395,1.498013245,368.0,1402.1,1986.0,144.4,40.7,39.8,253.7609,218.0995,273554.91,134.7162957,102.1,5.138756121,8.114739516,10.01,9.85,9.46,9.49,10.12,9.25,9.18,9.38,10.33,-0.16,-0.55,-0.52,0.11,-0.76,-0.83,-0.63,0.32,113.4754392,1.7177,216.2852,2.0735,1.1464,75.8,75.6,75.7,84.4,15.85,107.5,70.6,84.0,67.8,66.1,74.7,74.4,65.5,68.9,72.5,70.8,34.395,106.469,41.316,25.359,6.9,8.57,6.43,66.0,18869.0,47547.0,248.4004,15.6392
5/1/1979,5883.494,5227.5,33.755,571771.305,74061.80728,51.7782,55.4507,53.6639,67.4713,49.3031,75.3166,29.3423,47.2187,28.5553,85.1948,50.1675,60.9698,70.2197,84.5852,4969.0,0.850856164,104171.0,98331.0,5.6,11.1,2773.0,1897.0,1239.0,719.0,520.0,348000,89789.0,25071.0,908.0,4565.0,19509.0,12289.0,7220.0,64718.0,18237.0,4440.5,10178.4,4821.0,15990.0,39.9,3.4,40.2,1876.0,165.0,427.0,776.0,508.0,1684.0,177.0,341.0,660.0,506.0,,75312.99116,23924.78943,261605.0873,407510.1749,1.467019868,369.6,1410.2,1975.1,144.5,40.2,38.5,258.7349,220.5903,276657.03,135.311078,99.73,5.307660684,7.757365919,10.24,9.95,9.61,9.54,10.12,9.24,9.25,9.5,10.47,-0.29,-0.63,-0.7,-0.12,-1.0,-0.99,-0.74,0.23,114.3653758,1.7273,218.4141,2.0587,1.1556,76.2,75.9,76.6,84.7,18.1,103.1,71.4,84.5,69.1,66.6,75.6,74.8,66.2,69.8,73.3,71.7,34.751,106.811,41.823,25.642,6.99,8.65,6.52,68.1,19528.0,48551.0,248.3633,16.708
6/1/1979,5880.39,5235.8,33.842,565933.888,74378.71056,51.7865,55.4337,53.6567,67.2244,48.7652,75.2775,29.4556,47.2484,28.7589,85.0412,50.2306,59.044,69.8537,84.4358,4901.0,0.822453432,104638.0,98679.0,5.7,10.4,2947.0,1816.0,1171.0,650.0,521.0,360000,90108.0,25161.0,913.7,4604.0,19553.0,12320.0,7233.0,64947.0,18294.0,4459.2,10169.7,4840.0,16045.0,39.9,3.4,40.2,1913.0,177.0,390.0,829.0,517.0,1640.0,181.0,330.0,639.0,490.0,,75798.30498,24425.91757,265823.7242,412655.2129,1.487682119,373.4,1423.0,1970.9,145.9,40.1,38.7,263.4815,223.9688,278767.47,135.2977432,101.7,5.250737463,7.751766225,10.29,9.76,9.06,9.06,9.57,8.85,8.91,9.29,10.38,-0.53,-1.23,-1.23,-0.72,-1.44,-1.38,-1.0,0.09,114.1318858,1.699,218.5967,2.1119,1.1724,76.6,76.4,77.5,85.6,19.1,104.7,72.2,84.7,70.5,67.1,76.4,75.3,66.8,70.6,74.0,72.4,35.038,107.121,42.299,25.841,7.03,8.66,6.56,65.8,20247.0,49743.0,249.1178,14.4238
7/1/1979,5924.962,5241.8,33.809,565217.729,74058.78915,51.7029,55.4054,53.6219,66.705,48.1334,74.8644,29.7387,47.1178,28.66,86.2421,50.28,57.2933,70.5338,84.2723,4864.0,0.811207472,105002.0,99006.0,5.7,10.3,2890.0,1982.0,1123.0,653.0,470.0,379250,90217.0,25163.0,922.3,4621.0,19531.0,12312.0,7219.0,65054.0,18267.0,4467.6,10136.3,4856.0,16150.0,39.8,3.3,40.2,1760.0,167.0,359.0,774.0,460.0,1534.0,161.0,287.0,599.0,487.0,,74289.69383,23953.92479,267498.5889,420174.8838,1.498013245,377.2,1434.8,1965.5,148.1,40.9,39.7,267.8631,228.0921,281859.38,134.7448991,102.7,5.254790652,7.6679412,10.47,9.87,9.24,9.24,9.64,8.9,8.95,9.2,10.29,-0.6,-1.23,-1.23,-0.83,-1.57,-1.52,-1.27,-0.18,111.6523709,1.6489,216.51,2.2598,1.1639,77.4,77.3,78.7,86.5,21.75,106.1,73.0,84.8,71.7,67.7,77.2,75.6,67.6,71.5,74.7,73.2,35.305,107.566,42.784,26.002,7.07,8.73,6.59,60.4,20706.0,50911.0,250.5702,15.9103
8/1/1979,5934.384,5250.9,34.175,566199.443,76799.24805,51.3658,54.9938,53.0981,65.9692,46.0867,75.0318,29.3823,46.854,28.0684,85.6463,49.6567,59.5502,69.6925,82.9951,4923.0,0.778955696,105096.0,98776.0,6.0,10.6,3296.0,1820.0,1203.0,669.0,534.0,393750,90300.0,25059.0,929.6,4634.0,19406.0,12200.0,7206.0,65241.0,18281.0,4473.1,10141.3,4885.0,16229.0,39.9,3.2,40.1,1778.0,181.0,374.0,770.0,453.0,1591.0,152.0,297.0,640.0,502.0,,72497.98295,24174.18809,268534.4107,423524.4676,1.487682119,378.8,1446.6,1962.8,148.6,40.7,39.6,270.6452,230.9436,284513.99,134.7641105,107.4,5.077588454,7.865681995,10.94,10.42,9.52,9.49,9.98,9.06,9.03,9.23,10.35,-0.52,-1.42,-1.45,-0.96,-1.88,-1.91,-1.71,-0.59,112.1810074,1.657,217.9257,2.2368,1.1706,78.2,78.3,79.8,85.5,26.5,107.7,73.7,85.0,72.7,68.2,77.9,76.1,68.5,72.4,75.3,74.0,35.575,107.995,43.117,26.225,7.11,8.77,6.63,64.5,21063.0,51512.0,251.101,13.4994
9/1/1979,5934.022,5254.8,34.259,563003.163,77557.80386,51.3623,55.3637,53.7427,66.3243,47.6824,74.5542,30.0986,46.5251,27.9324,84.7813,49.7072,59.0965,68.6204,82.8572,5052.0,0.816155089,105530.0,99340.0,5.9,10.5,2946.0,2054.0,1172.0,640.0,532.0,385800,90327.0,25088.0,933.8,4625.0,19442.0,12265.0,7177.0,65239.0,18316.0,4475.1,10174.7,4884.0,16128.0,39.8,3.3,40.1,1832.0,137.0,379.0,771.0,545.0,1638.0,201.0,303.0,660.0,474.0,,75138.993,24654.33876,272079.6681,425348.8807,1.487682119,379.3,1454.1,1954.4,149.6,41.1,39.7,274.3761,233.9281,287373.54,134.93616,108.6,5.073664825,7.792059655,11.43,11.63,10.26,10.2,10.84,9.41,9.33,9.44,10.54,0.2,-1.17,-1.23,-0.59,-2.02,-2.1,-1.99,-0.89,112.1643211,1.6113,222.4137,2.1966,1.1653,79.5,79.8,81.1,87.9,28.5,108.5,74.4,85.6,73.5,68.7,78.6,76.4,69.2,73.1,75.9,74.8,35.889,108.518,43.602,26.447,7.16,8.86,6.67,66.7,21681.0,52697.0,254.9396,19.6579
10/1/1979,5934.119,5253.6,34.142,561320.91,77001.46253,51.7175,55.5471,53.7842,66.5397,47.4368,75.0602,29.827,47.0188,28.1323,85.3332,49.9649,59.449,67.9553,83.0737,5133.0,0.815279543,105700.0,99404.0,6.0,10.5,3039.0,2011.0,1219.0,689.0,530.0,402250,90481.0,25038.0,939.3,4620.0,19390.0,12192.0,7198.0,65443.0,18390.0,4490.4,10229.6,4903.0,16136.0,39.9,3.2,40.2,1681.0,180.0,295.0,761.0,445.0,1481.0,142.0,263.0,643.0,433.0,,74529.52914,25549.37692,274002.5195,430580.7955,1.487682119,380.8,1460.4,1942.0,151.5,42.3,40.3,276.1506,236.8872,290070.61,135.0987891,104.5,5.31738756,7.36536494,13.77,13.23,11.7,11.66,12.44,10.63,10.3,10.13,11.4,-0.54,-2.07,-2.11,-1.33,-3.14,-3.47,-3.64,-2.37,113.8396978,1.6309,230.4845,2.1438,1.1754,80.4,80.6,82.4,88.8,29.0,112.9,75.2,86.1,74.0,69.2,79.3,76.9,70.1,73.9,76.4,75.5,36.182,109.203,43.952,26.677,7.19,8.85,6.71,62.1,21802.0,53311.0,255.6111,22.983
11/1/1979,5953.221,5270.2,34.229,561533.595,78028.6316,51.6341,55.5024,53.7024,66.3649,46.6556,75.2952,29.7721,46.9037,27.9181,85.329,49.8089,61.2737,66.8153,82.6126,4810.0,0.771080475,105812.0,99574.0,5.9,10.6,3030.0,1883.0,1239.0,688.0,551.0,413250,90573.0,24947.0,942.1,4617.0,19299.0,12117.0,7182.0,65626.0,18454.0,4505.8,10270.0,4920.0,16173.0,39.8,3.1,40.1,1524.0,223.0,243.0,692.0,366.0,1276.0,151.0,203.0,554.0,368.0,,73058.53922,24464.37624,275784.2093,433631.1369,1.487682119,380.8,1465.9,1928.8,153.8,43.0,41.1,277.2382,239.268,292474.39,134.8491816,103.7,5.40340405,7.180161576,13.18,13.57,11.79,11.82,12.39,10.93,10.65,10.76,11.99,0.39,-1.39,-1.36,-0.79,-2.25,-2.53,-2.42,-1.19,115.5051337,1.6429,244.9842,2.1352,1.1797,81.4,81.8,83.2,90.0,31.0,113.3,76.0,86.6,74.7,69.8,80.0,77.9,71.1,74.8,77.1,76.3,36.433,109.992,44.316,26.838,7.24,8.93,6.74,63.3,22337.0,54551.0,256.9973,20.2129
12/1/1979,5968.38,5283.1,34.127,559893.399,78251.97296,51.6694,55.6795,53.908,66.3913,46.5451,75.4111,29.9806,46.816,27.9513,85.9169,49.9447,59.7829,67.1632,82.6455,4776.0,0.755098814,106258.0,99933.0,6.0,10.8,3013.0,2033.0,1277.0,733.0,544.0,428200,90672.0,24970.0,949.4,4630.0,19301.0,12126.0,7175.0,65702.0,18438.0,4492.2,10271.9,4933.0,16180.0,39.8,3.1,40.1,1498.0,150.0,310.0,632.0,406.0,1254.0,152.0,224.0,517.0,361.0,,73861.75238,24881.59455,277860.6218,436806.9671,1.498013245,381.8,1473.7,1916.4,156.7,44.0,42.5,279.7257,241.6747,294992.67,134.5339855,107.8,5.241187384,7.336093073,13.78,13.24,12.04,11.84,11.98,10.42,10.39,10.74,12.06,-0.54,-1.74,-1.94,-1.8,-3.36,-3.39,-3.04,-1.72,113.5477465,1.599,240.3745,2.2007,1.17,82.2,82.6,84.0,91.2,32.5,116.2,76.9,87.3,75.8,70.6,80.8,78.6,72.0,75.7,77.8,77.2,36.739,110.722,44.744,27.056,7.3,8.98,6.8,61.0,22809.0,55445.0,257.8062,14.5291
1/1/1980,5976.816,5277.0,34.401,564633.747,79909.93048,51.944,55.825,54.174,66.1569,45.6138,75.6505,30.5093,47.1925,28.0682,86.333,50.1973,56.6863,68.4704,82.8789,4661.0,0.697441269,106562.0,99879.0,6.3,10.4,3215.0,2063.0,1353.0,805.0,548.0,414250,90800.0,24949.0,953.1,4625.0,19282.0,12103.0,7179.0,65851.0,18456.0,4513.2,10273.9,4956.0,16201.0,39.6,3.0,40.0,1341.0,161.0,199.0,627.0,354.0,1280.0,126.0,232.0,563.0,359.0,,77922.02317,27516.5962,281761.6449,441063.931,1.467019868,385.8,1482.7,1900.9,156.0,45.2,43.9,281.8501,244.1149,296725.93,133.7326167,110.9,5.139765555,7.402949823,13.82,13.04,12.0,11.84,12.06,10.74,10.8,11.09,12.42,-0.78,-1.82,-1.98,-1.76,-3.08,-3.02,-2.73,-1.4,112.510355,1.5953,237.8886,2.2641,1.164,83.4,83.9,86.0,90.9,32.5,117.4,78.0,88.1,78.0,71.4,82.0,79.5,73.1,76.9,78.9,78.4,37.124,111.883,45.465,27.245,7.29,8.88,6.82,67.0,23311.0,56865.0,257.0602,21.0903
2/1/1980,5949.587,5256.5,34.114,559322.634,79245.94264,51.9633,55.9768,54.467,66.3416,45.2644,76.1768,30.667,47.0983,28.0358,85.2896,50.1437,59.8354,67.3034,82.6129,4557.0,0.679946285,106697.0,99995.0,6.3,10.6,3134.0,2200.0,1358.0,850.0,508.0,418000,90883.0,24874.0,959.4,4605.0,19219.0,12094.0,7125.0,66009.0,18491.0,4531.9,10297.9,4969.0,16226.0,39.7,3.0,40.1,1350.0,90.0,239.0,689.0,332.0,1199.0,131.0,191.0,529.0,348.0,,78328.3324,24908.39907,284440.8561,445021.6525,1.467019868,390.1,1494.6,1891.9,153.9,43.2,41.5,285.6731,247.048,298927.1,133.8919197,115.3,4.98699046,7.564531995,14.13,13.78,12.86,12.86,13.92,12.6,12.41,12.38,13.57,-0.35,-1.27,-1.27,-0.21,-1.53,-1.72,-1.75,-0.56,113.4053803,1.6406,244.35,2.2891,1.1555,84.6,85.2,87.6,92.6,37.0,124.8,79.0,88.7,79.8,72.3,82.8,80.1,74.1,78.0,79.8,79.3,37.526,113.26,45.936,27.538,7.38,9.06,6.88,66.9,24006.0,57461.0,259.9302,22.2919
3/1/1980,5918.133,5238.5,33.836,546586.779,78053.78265,51.7454,55.5878,54.0968,65.8297,44.4571,75.892,30.4017,47.0311,27.8893,84.5975,49.7176,62.7888,64.1347,81.74,4491.0,0.667409719,106442.0,99713.0,6.3,11.0,3097.0,2272.0,1457.0,835.0,622.0,433800,90994.0,24818.0,965.5,4548.0,19217.0,12093.0,7124.0,66176.0,18495.0,4535.5,10303.5,4987.0,16296.0,39.5,3.0,39.9,1047.0,115.0,175.0,496.0,261.0,988.0,123.0,131.0,462.0,272.0,,75582.92346,25043.58713,287041.8561,449104.8628,1.508344371,388.4,1499.8,1872.4,155.0,43.1,40.3,289.3844,248.9923,298903.04,132.9580713,104.7,5.539637058,6.754015062,17.19,16.81,15.2,15.03,15.82,13.47,12.75,12.96,14.45,-0.38,-1.99,-2.16,-1.37,-3.72,-4.44,-4.23,-2.74,117.0893866,1.7643,248.4786,2.2045,1.1731,85.5,86.1,88.2,90.8,38.0,118.5,80.1,89.7,81.8,73.0,83.9,80.8,75.4,79.3,81.0,80.5,37.987,114.446,46.727,27.805,7.44,9.14,6.95,56.5,24759.0,58074.0,261.5307,29.2535
4/1/1980,5911.122,5228.0,33.405,534885.508,77018.56525,50.7197,54.7221,53.427,64.7653,42.5563,75.4458,30.0929,45.8993,26.9799,83.1716,48.7074,62.4733,61.8324,79.9156,3965.0,0.538869258,106591.0,99233.0,6.9,11.4,3374.0,2388.0,1694.0,1003.0,691.0,529750,90849.0,24507.0,974.7,4473.0,18973.0,11874.0,7099.0,66342.0,18395.0,4519.6,10240.4,4993.0,16583.0,39.5,2.8,39.8,1051.0,122.0,160.0,509.0,260.0,808.0,89.0,125.0,393.0,201.0,,70669.59138,25016.7826,287252.6449,455543.4,1.549668874,383.8,1502.2,1856.9,157.9,44.9,42.4,290.6018,250.6829,297327.17,131.7238924,103.0,5.676378641,6.569557502,17.61,15.78,13.2,12.88,13.3,11.84,11.47,12.04,14.19,-1.83,-4.41,-4.73,-4.31,-5.77,-6.14,-5.57,-3.42,118.1272515,1.7614,250.275,2.2094,1.1861,86.2,86.7,88.5,88.3,39.5,114.8,80.9,90.1,82.2,73.6,84.4,81.1,76.6,80.1,81.5,81.3,38.185,115.204,46.934,27.955,7.48,9.21,6.97,52.7,25804.0,58906.0,263.1218,24.9285
5/1/1980,5892.81,5206.0,33.242,528037.538,77064.84319,49.4766,53.6477,52.5156,63.401,39.8311,75.065,29.6253,44.5504,25.6621,80.7297,47.2768,60.3531,60.6221,77.4097,3646.0,0.456663327,106929.0,98945.0,7.5,10.9,3754.0,2608.0,1740.0,1021.0,719.0,615800,90420.0,24234.0,987.8,4434.0,18726.0,11655.0,7071.0,66186.0,18356.0,4510.9,10224.1,5004.0,16454.0,39.1,2.5,39.3,927.0,114.0,131.0,470.0,212.0,861.0,105.0,135.0,403.0,218.0,,64884.38741,21672.04366,284085.0904,458400.6819,1.570331126,384.8,1512.3,1851.0,157.9,44.0,42.9,287.8784,251.3254,294661.72,129.9385809,107.7,5.471987001,6.814684294,10.98,9.49,8.58,8.65,9.39,9.95,10.18,10.99,13.17,-1.49,-2.4,-2.33,-1.59,-1.03,-0.8,0.01,2.19,112.9150868,1.6631,228.6286,2.302,1.1741,86.6,87.1,89.0,89.5,39.5,112.7,81.7,90.3,82.8,74.2,84.9,81.8,77.6,80.9,82.1,82.1,38.482,115.812,47.184,28.231,7.54,9.27,7.02,51.7,26457.0,59211.0,266.6796,20.0009
6/1/1980,5906.964,5214.4,33.398,526517.502,78125.21165,48.8383,53.1883,52.1694,63.0352,39.1577,74.9257,29.2625,43.781,24.9748,79.6959,46.5301,61.4673,60.4915,76.0282,3696.0,0.45640899,106780.0,98682.0,7.6,11.3,3409.0,2879.0,1760.0,987.0,773.0,607000,90101.0,23968.0,997.6,4395.0,18490.0,11465.0,7025.0,66133.0,18306.0,4501.2,10209.8,5016.0,16441.0,39.2,2.4,39.2,1196.0,133.0,186.0,628.0,249.0,1118.0,120.0,161.0,545.0,292.0,,67182.10376,22999.45051,283392.635,460659.479,1.580662252,389.1,1529.2,1853.6,158.9,43.5,43.1,287.0378,252.0475,292912.84,128.049329,114.6,5.183246073,7.198093535,9.47,8.27,7.07,7.3,8.16,9.21,9.78,10.58,12.71,-1.2,-2.4,-2.17,-1.31,-0.26,0.31,1.11,3.24,110.2390048,1.6339,217.9176,2.3359,1.1516,87.3,87.9,89.8,90.1,39.5,111.8,82.5,90.6,82.7,74.7,85.3,82.2,79.0,81.8,82.5,82.9,38.725,116.59,47.387,28.442,7.63,9.34,7.1,58.7,27118.0,62901.5,270.2152,19.5831
7/1/1980,5950.966,5196.7,33.685,533161.199,79758.01811,48.4907,53.24,52.2375,63.0502,39.1162,74.9775,29.2631,43.1114,24.2384,78.1839,46.0714,64.0103,59.6538,75.1189,3709.0,0.443501136,107159.0,98796.0,7.8,11.8,3458.0,2817.0,1995.0,1111.0,884.0,559250,89840.0,23698.0,983.2,4351.0,18276.0,11317.0,6959.0,66142.0,18285.0,4498.0,10199.6,5027.0,16418.0,39.0,2.6,39.1,1269.0,120.0,192.0,669.0,288.0,1259.0,118.0,217.0,584.0,340.0,,72772.6179,25436.33174,287008.4732,464134.5516,1.549668874,394.0,1545.5,1871.1,159.9,42.9,42.5,288.0583,253.6243,293019.76,126.1710989,119.8,4.994432387,7.566330392,9.03,8.41,8.06,8.06,8.65,9.53,10.25,11.07,12.65,-0.62,-0.97,-0.97,-0.38,0.5,1.22,2.04,3.62,110.0355738,1.6078,221.1364,2.3732,1.1523,88.7,89.4,90.5,94.6,39.5,114.4,82.6,90.9,83.1,75.2,85.9,82.4,78.5,81.7,83.1,83.0,39.026,116.883,47.758,28.695,7.68,9.39,7.16,62.3,27692.0,63341.54,275.3527,18.4314
8/1/1980,5963.437,5215.0,33.725,537003.945,80550.77935,48.6456,53.4089,52.3422,63.2847,39.4831,75.1097,29.2009,43.2502,24.4636,79.4899,46.3881,65.4075,58.1242,75.4695,3726.0,0.449945659,107105.0,98824.0,7.7,12.4,3415.0,2658.0,2162.0,1232.0,930.0,528200,90099.0,23860.0,980.7,4377.0,18414.0,11401.0,7013.0,66239.0,18318.0,4512.2,10218.6,5039.0,16410.0,39.2,2.7,39.5,1436.0,131.0,213.0,711.0,381.0,1367.0,122.0,221.0,632.0,392.0,,71616.70574,23082.19492,288764.4105,466644.3262,1.529006623,399.2,1561.5,1876.8,158.4,40.4,39.7,291.4491,255.0428,293131.9,124.9123876,123.5,4.879894737,7.793923264,9.61,9.57,9.13,9.41,10.24,10.84,11.1,11.64,13.15,-0.04,-0.48,-0.2,0.63,1.23,1.49,2.03,3.54,111.4385257,1.6522,223.9138,2.3704,1.1592,89.7,90.5,91.5,99.0,38.0,117.0,83.2,91.4,83.7,75.6,86.9,83.6,78.5,82.1,83.8,83.5,39.351,117.996,48.192,28.914,7.76,9.48,7.24,67.3,28069.0,63472.72,280.7822,21.257
9/1/1980,5989.16,5232.4,33.732,548314.693,80810.33823,49.4578,54.1399,52.9933,63.9052,41.2937,74.9037,29.7955,44.1052,24.9332,80.9274,47.1663,64.592,59.123,76.5621,3891.0,0.485101608,107098.0,99077.0,7.5,12.9,3150.0,2613.0,2309.0,1343.0,966.0,482750,90213.0,23931.0,997.2,4401.0,18445.0,11442.0,7003.0,66282.0,18343.0,4525.2,10231.3,5051.0,16330.0,39.4,2.7,39.6,1471.0,159.0,296.0,670.0,346.0,1484.0,136.0,239.0,722.0,387.0,,78118.59407,24647.34628,292532.856,469713.9736,1.498013245,404.8,1574.0,1876.0,159.4,41.2,39.9,294.7925,256.2875,293771.86,123.5062053,126.5,4.798418972,7.980883506,10.87,10.97,10.27,10.57,11.52,11.62,11.51,12.02,13.7,0.1,-0.6,-0.3,0.65,0.75,0.64,1.15,2.83,110.2507207,1.6391,214.4167,2.4012,1.1647,90.1,90.8,91.9,100.4,36.0,115.7,83.9,92.0,84.6,76.3,87.8,84.8,79.0,82.8,84.7,84.3,39.715,119.063,48.552,29.213,7.82,9.53,7.3,73.7,28453.0,63564.43,284.3096,24.6892
10/1/1980,6040.861,5292.9,34.153,559766.028,82693.64919,50.0861,54.7406,53.631,64.3642,42.0136,75.1613,30.3555,44.7375,25.8922,81.6804,48.0101,63.4557,58.1588,77.7499,3903.0,0.482566766,107405.0,99317.0,7.5,13.1,3236.0,2544.0,2306.0,1246.0,1060.0,438000,90490.0,24012.0,1008.1,4411.0,18506.0,11496.0,7010.0,66478.0,18363.0,4532.8,10238.5,5071.0,16386.0,39.6,2.8,39.8,1523.0,113.0,270.0,791.0,349.0,1366.0,135.0,240.0,631.0,360.0,,80493.43394,25759.15149,296032.3313,472542.2966,1.467019868,409.0,1584.8,1871.1,160.9,41.7,40.4,299.9573,258.4035,295240.42,122.0859364,130.2,4.685099846,8.216020467,12.81,12.52,11.62,11.63,12.49,11.86,11.75,12.31,14.23,-0.29,-1.19,-1.18,-0.32,-0.95,-1.06,-0.5,1.42,110.5906008,1.6619,209.3227,2.4165,1.1691,90.8,91.3,92.8,102.2,36.0,118.4,84.7,92.7,85.3,76.9,88.5,85.7,80.0,83.7,85.2,85.1,40.033,119.345,48.869,29.511,7.9,9.61,7.38,75.0,28981.0,63690.2,286.9044,22.4744
11/1/1980,6055.398,5317.8,34.058,560138.527,83370.71558,50.9209,55.3431,54.1595,64.65,43.0501,74.9321,30.8274,45.7366,26.8046,83.1599,48.8585,62.5029,59.2441,78.9331,4075.0,0.507914745,107568.0,99545.0,7.5,13.6,3146.0,2498.0,2329.0,1196.0,1133.0,412600,90747.0,24123.0,1026.1,4409.0,18601.0,11587.0,7014.0,66624.0,18391.0,4543.6,10257.4,5085.0,16391.0,39.7,2.9,39.9,1510.0,114.0,300.0,727.0,369.0,1383.0,127.0,221.0,654.0,381.0,,77859.94814,23451.63124,296926.9913,475167.9069,1.467019868,410.7,1595.8,1864.3,162.0,41.2,39.2,307.3743,260.6068,295558.63,120.9372847,135.7,4.517317612,8.577970574,15.85,15.18,13.73,13.5,14.15,12.83,12.68,12.97,14.64,-0.67,-2.12,-2.35,-1.7,-3.02,-3.17,-2.88,-1.21,113.1884583,1.726,213.1059,2.3941,1.1864,91.4,92.0,93.5,103.5,36.0,117.2,85.6,93.1,86.1,77.3,89.2,86.6,81.1,84.5,85.9,86.0,40.359,120.169,49.211,29.781,7.98,9.69,7.47,76.7,29022.0,63393.9,291.5538,23.1573
12/1/1980,6084.759,5339.5,34.299,561521.579,83472.32584,51.257,55.5132,54.2297,64.6704,42.4802,75.3412,30.9576,46.1977,26.9203,84.4084,49.0618,63.2005,60.1679,79.0663,3919.0,0.507774035,107352.0,99634.0,7.2,13.7,3097.0,2234.0,2406.0,1259.0,1147.0,410000,90943.0,24182.0,1041.5,4415.0,18640.0,11621.0,7019.0,66761.0,18429.0,4556.2,10277.1,5100.0,16373.0,39.8,3.1,40.1,1482.0,132.0,258.0,781.0,311.0,1249.0,114.0,211.0,621.0,303.0,,81089.73037,25899.0012,300638.2091,491259.4235,1.508344371,408.5,1599.8,1851.6,163.4,40.7,39.0,312.0383,262.2834,296950.0,120.1399846,133.5,4.61423221,8.444890385,18.9,18.07,15.49,14.64,14.88,13.25,12.84,13.21,15.14,-0.83,-3.41,-4.26,-4.02,-5.65,-6.06,-5.69,-3.76,114.3401688,1.7854,209.4886,2.3459,1.1968,91.8,92.4,94.4,102.7,37.0,114.3,86.4,93.3,86.8,77.8,89.7,86.9,82.2,85.4,86.5,86.8,40.621,120.494,49.546,29.995,8.04,9.75,7.52,64.5,29375.0,63968.13,293.4282,24.7951
1/1/1981,6065.141,5324.9,34.308,564940.157,85439.13831,50.9328,55.4846,54.2172,64.6711,42.258,75.4887,30.9845,45.6447,26.6159,83.6379,48.8479,62.7168,64.6367,78.5238,3832.0,0.474786272,108026.0,99955.0,7.5,14.3,3318.0,2334.0,2389.0,1126.0,1263.0,413000,91033.0,24152.0,1055.1,4374.0,18639.0,11629.0,7010.0,66881.0,18462.0,4563.6,10294.6,5116.0,16360.0,40.0,3.0,40.1,1547.0,153.0,296.0,799.0,299.0,1221.0,111.0,199.0,608.0,303.0,,77656.79352,27793.96479,301432.7207,494280.806,1.487682119,411.3,1606.9,1842.8,161.1,41.6,40.2,312.4522,263.7707,297538.14,119.6181314,133.0,4.661654135,8.429998268,19.08,16.58,15.02,14.08,14.08,12.77,12.57,12.81,15.03,-2.5,-4.06,-5.0,-5.0,-6.31,-6.51,-6.27,-4.05,113.6400538,1.8224,202.3667,2.4029,1.1909,92.8,93.3,95.6,103.4,38.0,113.2,87.2,93.4,88.5,78.6,90.4,87.2,83.0,86.2,87.4,87.6,41.011,121.056,50.015,30.321,8.11,9.84,7.58,71.4,29789.0,64051.58,295.7386,20.3014
2/1/1981,6048.204,5309.3,34.222,562611.438,86550.81492,50.7237,55.1668,53.9485,64.5393,42.1456,75.3518,30.6274,45.5305,26.4781,83.2469,48.5996,61.205,62.7577,77.9256,3896.0,0.483915042,108242.0,100191.0,7.4,14.1,3287.0,2412.0,2344.0,1099.0,1245.0,428750,91105.0,24118.0,1064.7,4357.0,18613.0,11601.0,7012.0,66987.0,18506.0,4573.6,10325.0,5128.0,16346.0,39.4,2.9,39.8,1246.0,97.0,198.0,683.0,268.0,1199.0,120.0,179.0,603.0,297.0,,77910.7368,23783.77431,301789.4401,498904.5831,1.498013245,414.8,1618.7,1839.4,159.0,39.9,38.6,313.117,265.1531,298933.64,119.3109719,128.4,4.859813084,8.142736385,15.93,15.49,14.79,14.05,14.57,13.41,13.19,13.35,15.37,-0.44,-1.14,-1.88,-1.36,-2.52,-2.74,-2.58,-0.56,117.3000365,1.9422,205.7167,2.2941,1.1984,93.6,94.1,96.1,104.2,38.0,111.0,88.0,93.9,90.7,79.2,91.4,87.4,83.7,87.1,88.6,88.5,41.426,121.657,50.759,30.579,8.14,9.89,7.62,66.9,30284.0,64252.27,297.931,20.9195
3/1/1981,6067.35,5324.6,34.322,556799.255,87076.97498,50.9806,55.3831,54.2134,64.4942,42.717,74.9015,30.9336,45.8121,26.5406,83.72,48.7523,60.0977,61.0768,77.9687,3888.0,0.487095966,108553.0,100571.0,7.4,14.0,3328.0,2428.0,2276.0,1059.0,1217.0,407500,91210.0,24203.0,1078.1,4396.0,18647.0,11629.0,7018.0,67007.0,18527.0,4579.9,10335.3,5137.0,16292.0,39.8,2.9,40.0,1306.0,131.0,231.0,677.0,267.0,1183.0,126.0,196.0,565.0,296.0,,79861.39735,26684.49041,302698.4071,501636.3762,1.508344371,419.0,1636.6,1847.2,159.8,39.7,38.7,314.3933,266.8392,300844.92,118.8640537,133.2,4.714714715,8.48921714,14.7,13.94,13.36,12.81,13.71,13.41,13.12,13.33,15.34,-0.76,-1.34,-1.89,-0.99,-1.29,-1.58,-1.37,0.64,117.709502,1.9219,208.7918,2.2319,1.1914,94.7,95.3,97.1,103.8,38.0,110.6,88.6,94.3,91.8,79.9,91.9,87.4,84.4,87.8,89.3,89.1,41.715,121.87,51.216,30.793,8.22,9.94,7.68,66.5,31552.0,65151.81,299.6832,21.8588
4/1/1981,6056.169,5320.2,34.199,557110.472,86515.60344,50.7661,55.648,54.5719,64.6686,43.2579,74.8226,31.2896,45.2213,26.7278,83.8902,49.0227,60.2268,60.1334,78.1977,3883.0,0.493455331,108925.0,101056.0,7.2,13.9,3185.0,2436.0,2231.0,1099.0,1132.0,410250,91283.0,24151.0,941.2,4414.0,18711.0,11683.0,7028.0,67132.0,18580.0,4595.6,10372.3,5151.0,16260.0,39.8,2.7,40.1,1360.0,123.0,202.0,717.0,318.0,1190.0,129.0,164.0,575.0,322.0,,81975.71023,27578.36315,304432.4071,502630.6331,1.498013245,427.4,1659.2,1862.2,162.4,40.3,39.0,318.5024,268.6235,302007.54,119.0224403,134.4,4.699903274,8.613852453,15.72,14.56,13.69,13.45,14.32,13.99,13.68,13.88,15.56,-1.16,-2.03,-2.27,-1.4,-1.73,-2.04,-1.84,-0.16,120.1499638,1.974,214.9759,2.1753,1.191,95.7,96.4,98.3,104.2,38.0,111.7,89.1,94.7,91.7,80.7,92.0,87.5,85.3,88.3,89.7,89.5,41.897,122.934,51.185,30.987,8.27,9.99,7.76,72.4,32153.0,65660.17,301.8538,16.5479
5/1/1981,6074.295,5337.2,34.215,553170.395,85879.78478,51.0552,56.0111,54.8973,65.3141,43.9602,75.3905,31.2881,45.4422,26.8433,84.4021,49.2599,61.7949,59.3243,78.3713,3837.0,0.469415219,109222.0,101048.0,7.5,13.6,3409.0,2594.0,2221.0,1072.0,1149.0,416400,91296.0,24148.0,953.7,4343.0,18766.0,11718.0,7048.0,67148.0,18595.0,4599.7,10386.2,5160.0,16198.0,39.8,3.0,40.2,1140.0,120.0,176.0,582.0,262.0,1173.0,111.0,145.0,578.0,339.0,,81921.15946,25281.33164,305585.5457,506366.3361,1.518675497,424.7,1664.2,1855.3,163.2,40.5,38.3,324.08,271.2572,303465.64,118.708199,131.7,4.824092635,8.463943183,18.52,17.56,16.3,15.29,16.2,14.63,14.1,14.32,15.95,-0.96,-2.22,-3.23,-2.32,-3.89,-4.42,-4.2,-2.57,124.0166911,2.0662,220.6285,2.0884,1.201,96.0,96.6,98.7,103.8,38.0,112.3,89.7,94.8,92.2,81.4,92.4,88.5,86.4,89.1,90.1,90.1,42.085,123.96,51.132,31.2,8.31,10.06,7.81,76.3,32580.0,66099.6,303.459,17.2474
6/1/1981,6107.73,5370.9,34.447,551710.44,86666.50977,51.3214,55.7916,54.6073,64.8493,43.5703,74.9053,31.1589,46.0858,26.7478,84.114,49.0344,63.084,57.8728,77.8094,3864.0,0.477154853,108396.0,100298.0,7.5,13.7,3340.0,2403.0,2250.0,1127.0,1123.0,433000,91490.0,24290.0,1107.4,4311.0,18789.0,11733.0,7056.0,67200.0,18619.0,4607.1,10397.5,5163.0,16159.0,39.6,2.9,40.0,1045.0,101.0,158.0,543.0,243.0,976.0,109.0,137.0,466.0,264.0,,82009.56934,25697.38453,305947.0342,509976.5504,1.529006623,425.2,1670.3,1845.6,163.9,40.4,38.4,328.1726,273.4038,304001.45,117.7980587,132.3,4.829931973,8.503136551,19.1,16.32,14.73,14.09,14.86,13.95,13.47,13.75,15.8,-2.78,-4.37,-5.01,-4.24,-5.15,-5.63,-5.35,-3.3,126.6727732,2.0742,224.1805,1.9738,1.2041,96.5,97.0,99.0,104.9,36.0,111.6,90.5,95.0,92.7,82.3,92.9,89.3,87.5,89.8,90.6,90.9,42.253,124.561,51.178,31.375,8.38,10.18,7.85,73.1,33311.0,66583.2,305.1963,17.5724
7/1/1981,6199.452,5427.8,34.376,552979.339,87341.56407,51.6555,56.1875,54.9973,65.3225,43.8184,75.4986,31.2107,46.3601,26.6526,84.2537,49.1316,64.4068,58.2077,77.7628,3832.0,0.487345797,108556.0,100693.0,7.2,13.8,3307.0,2408.0,2166.0,1080.0,1086.0,430750,91601.0,24302.0,1136.0,4299.0,18785.0,11720.0,7065.0,67299.0,18639.0,4612.2,10405.6,5174.0,16175.0,39.7,3.0,39.9,1041.0,150.0,165.0,495.0,231.0,935.0,118.0,121.0,469.0,227.0,,81990.75872,26188.02394,307265.1794,514339.697,1.529006623,426.9,1681.9,1838.1,166.0,41.0,39.3,331.8571,274.7618,305633.03,115.9765605,129.1,4.983214562,8.266975438,19.04,17.0,14.95,14.74,15.72,14.79,14.28,14.38,16.17,-2.04,-4.09,-4.3,-3.32,-4.25,-4.76,-4.66,-2.87,129.7574923,2.0981,232.3261,1.8737,1.2107,96.7,97.1,99.2,105.0,36.0,112.2,91.5,95.4,93.5,83.4,93.6,90.2,88.9,90.9,91.3,91.9,42.508,125.122,51.369,31.619,8.44,10.29,7.89,74.1,34125.0,67266.39,304.7839,17.6461
8/1/1981,6222.937,5454.8,34.594,550764.774,88726.88416,51.5903,56.1218,55.0194,65.3096,43.5179,75.6779,31.1532,46.2974,26.7092,83.6827,49.1186,61.6042,61.5393,77.5446,3801.0,0.472996516,108725.0,100689.0,7.4,14.4,3320.0,2487.0,2241.0,1077.0,1164.0,450200,91565.0,24258.0,1151.9,4278.0,18748.0,11696.0,7052.0,67307.0,18648.0,4614.8,10412.7,5181.0,16110.0,39.7,2.9,40.0,940.0,105.0,144.0,478.0,213.0,889.0,115.0,114.0,439.0,221.0,,80006.23907,25947.9486,306945.6579,517428.6504,1.539337748,426.9,1694.3,1837.6,166.1,41.0,39.6,336.523,277.0577,305855.27,114.9054287,129.6,4.997430556,8.295386549,17.82,17.23,15.51,15.52,16.72,15.56,14.94,14.89,16.34,-0.59,-2.31,-2.3,-1.1,-2.26,-2.88,-2.93,-1.48,131.7812697,2.1698,233.3262,1.8203,1.2232,96.8,97.1,99.7,104.0,36.0,115.6,92.2,95.9,93.9,84.3,94.0,91.0,89.9,91.7,91.9,92.6,42.774,125.628,51.561,31.878,8.51,10.36,7.97,77.2,35777.0,67750.32,304.6128,20.7847
9/1/1981,6213.748,5449.5,34.367,546976.1,88359.67876,51.3429,56.0328,54.8982,64.8621,42.5116,75.6297,31.1797,45.9326,26.4366,83.3707,48.9461,59.5651,61.0365,77.0783,3599.0,0.437302552,108294.0,100064.0,7.6,13.6,3493.0,2524.0,2261.0,1147.0,1114.0,473250,91477.0,24210.0,1162.2,4254.0,18712.0,11668.0,7044.0,67267.0,18633.0,4611.7,10407.0,5184.0,16031.0,39.4,2.6,39.6,911.0,113.0,124.0,476.0,198.0,847.0,95.0,110.0,428.0,214.0,,79065.70843,24716.10572,307283.3015,521347.76,1.56,427.0,1706.0,1832.4,164.7,40.6,39.1,338.1155,278.7288,309400.99,115.7071765,118.3,5.511411665,7.545232416,15.87,16.09,14.7,14.92,16.52,15.93,15.32,15.49,16.92,0.22,-1.17,-0.95,0.65,0.06,-0.55,-0.38,1.05,128.2550142,2.0223,229.481,1.8146,1.2008,97.2,97.5,99.7,102.7,36.0,115.5,93.1,96.1,94.6,85.1,94.6,91.7,91.2,92.7,92.5,93.5,43.033,126.197,51.775,32.119,8.57,10.42,8.03,73.1,37925.0,70827.88,305.4807,24.4207
10/1/1981,6190.074,5430.4,34.183,539542.946,87165.50669,50.9463,55.9501,55.0668,65.1629,42.2932,76.2576,31.0915,45.3002,25.8332,81.9878,48.4502,62.8167,60.6737,76.1081,3398.0,0.393014111,109024.0,100378.0,7.9,13.5,3656.0,2654.0,2303.0,1169.0,1134.0,492800,91380.0,24051.0,1166.3,4238.0,18566.0,11558.0,7008.0,67329.0,18611.0,4614.0,10393.7,5183.0,16069.0,39.5,2.6,39.6,873.0,112.0,150.0,389.0,222.0,731.0,105.0,100.0,343.0,183.0,,75590.4477,24839.63963,305387.1563,523519.6804,1.590993378,428.4,1721.8,1843.5,165.0,40.7,39.5,341.1989,280.1515,309829.36,115.7894312,119.8,5.473013356,7.664194589,15.08,14.85,13.54,13.82,15.38,15.41,15.15,15.4,17.11,-0.23,-1.54,-1.26,0.3,0.33,0.07,0.32,2.03,127.4758463,1.8845,231.519,1.8407,1.2029,97.6,97.8,99.8,101.2,35.0,113.6,93.4,96.4,95.5,85.9,94.7,91.4,91.7,93.0,93.0,93.8,43.228,126.829,51.839,32.322,8.63,10.52,8.06,70.3,38786.0,71261.65,306.9417,22.1293
11/1/1981,6197.172,5433.5,34.118,535372.16,87026.67287,50.3546,55.6417,54.8114,65.0415,41.5528,76.5566,30.5816,44.5031,25.0922,80.8207,47.8404,62.7659,61.0835,74.9664,3386.0,0.375013844,109236.0,100207.0,8.3,13.1,3812.0,2810.0,2345.0,1202.0,1143.0,511750,91171.0,23875.0,1176.0,4209.0,18409.0,11425.0,6984.0,67296.0,18568.0,4612.3,10358.0,5184.0,16078.0,39.5,2.4,39.4,837.0,89.0,126.0,459.0,163.0,748.0,87.0,100.0,395.0,166.0,,74316.02868,24361.81978,303280.2223,528664.7183,1.611655629,431.3,1736.1,1850.9,167.2,40.9,40.3,345.5088,281.6173,311002.55,115.4726729,122.9,5.364792514,7.874741124,13.31,12.16,10.86,11.3,12.41,13.38,13.39,14.22,16.39,-1.15,-2.45,-2.01,-0.9,0.07,0.08,0.91,3.08,124.8698231,1.7859,223.1267,1.9025,1.1872,97.9,98.0,99.9,99.7,36.0,112.0,93.8,96.4,96.2,86.8,94.9,91.5,92.5,93.5,93.5,94.2,43.46,127.341,51.902,32.583,8.68,10.63,8.08,62.5,39220.0,71918.67,306.826,19.9716
12/1/1981,6193.277,5430.3,34.328,528441.278,87398.90848,49.8086,55.1773,54.3208,64.3745,39.762,76.6809,30.1501,43.91,24.4163,78.2568,47.0469,63.3336,60.8549,73.5468,3226.0,0.348116974,108912.0,99645.0,8.5,13.1,3949.0,2989.0,2374.0,1203.0,1171.0,551000,90895.0,23656.0,1177.4,4177.0,18223.0,11275.0,6948.0,67239.0,18517.0,4604.8,10332.2,5188.0,16073.0,39.2,2.4,39.2,910.0,112.0,132.0,485.0,181.0,796.0,90.0,103.0,431.0,172.0,,71457.75606,21579.97593,300166.0804,526849.9582,1.632317881,436.7,1755.5,1865.6,170.7,41.9,41.3,350.3077,283.5867,310373.44,114.9573836,123.8,5.355411955,7.942954271,12.37,12.12,10.85,11.52,12.85,13.6,13.72,14.23,16.55,-0.25,-1.52,-0.85,0.48,1.23,1.35,1.86,4.18,124.8075749,1.8152,218.9545,1.9033,1.1851,98.3,98.4,100.0,98.8,35.0,109.5,94.1,96.7,96.4,87.5,95.1,91.9,93.0,93.8,93.9,94.4,43.594,127.685,51.985,32.714,8.7,10.66,8.09,64.3,39320.0,71933.23,306.8428,16.2739
1/1/1982,6179.452,5419.4,34.267,525660.755,86452.22278,48.7877,53.8503,52.9753,63.1923,38.6305,75.5417,28.9496,43.1652,23.6872,78.1613,45.8777,64.9206,59.5945,71.5518,3212.0,0.341811216,109089.0,99692.0,8.6,13.4,3924.0,3074.0,2409.0,1223.0,1186.0,535200,90565.0,23362.0,1171.6,4069.0,18047.0,11159.0,6888.0,67203.0,18492.0,4594.7,10329.8,5190.0,16041.0,37.2,2.3,37.3,843.0,66.0,111.0,503.0,163.0,794.0,72.0,79.0,472.0,171.0,,74934.89785,24973.66227,300747.8956,563965.6637,1.745960265,442.7,1770.4,1875.4,169.8,43.2,41.7,354.8455,285.4002,313971.26,115.8608288,117.3,5.677749361,7.533484463,13.22,13.09,12.28,12.83,14.32,14.65,14.59,15.18,17.1,-0.13,-0.94,-0.39,1.1,1.43,1.37,1.96,3.88,126.7958495,1.8442,224.805,1.886,1.1926,98.9,99.0,100.4,99.7,33.85,107.6,94.4,96.7,96.7,88.2,95.2,92.1,93.5,94.1,94.3,94.7,43.853,128.166,52.113,32.989,8.89,11.02,8.26,71.0,39071.0,73049.68,305.9089,24.5585
2/1/1982,6205.602,5439.4,34.578,534051.592,88736.94458,49.7839,55.4509,54.6025,64.9671,40.0764,77.4219,29.998,43.6479,24.0614,80.4423,47.1871,64.9892,58.5235,73.4248,3091.0,0.318495621,109467.0,99762.0,8.9,14.1,3808.0,3122.0,2758.0,1479.0,1279.0,533750,90563.0,23361.0,1173.1,4131.0,17981.0,11100.0,6881.0,67202.0,18497.0,4587.0,10351.1,5192.0,16011.0,39.5,2.4,39.6,866.0,104.0,80.0,534.0,148.0,808.0,87.0,77.0,473.0,171.0,,74892.57397,24374.63934,299435.4732,560355.4494,1.704635762,441.9,1774.5,1873.8,167.5,41.3,39.5,360.7137,287.5623,314908.25,115.3721378,114.5,5.84279476,7.361861483,14.78,14.53,13.48,13.61,14.73,14.54,14.43,15.27,17.18,-0.25,-1.3,-1.17,-0.05,-0.24,-0.35,0.49,2.4,130.6818666,1.8909,235.3056,1.847,1.214,98.8,99.0,100.3,100.0,31.56,106.7,94.7,97.0,96.2,88.8,95.4,92.7,93.9,94.3,94.6,95.0,43.985,128.403,52.225,33.113,8.82,10.79,8.21,66.5,39098.0,72792.33,308.5292,21.5562
3/1/1982,6201.39,5435.0,34.54,534478.163,87929.09271,49.4477,55.0434,54.2322,64.6031,39.9212,76.9425,29.6505,43.3789,23.845,79.6589,46.8455,63.2119,58.7703,72.7311,3000.0,0.303183426,109567.0,99672.0,9.0,14.1,3896.0,3107.0,2965.0,1607.0,1358.0,556500,90434.0,23214.0,1175.0,4108.0,17857.0,11014.0,6843.0,67220.0,18491.0,4583.5,10356.7,5199.0,16024.0,39.2,2.3,39.1,931.0,113.0,101.0,527.0,190.0,891.0,95.0,101.0,492.0,203.0,,77399.08813,24756.89522,300506.5854,561214.5646,1.714966887,442.7,1786.5,1886.5,166.2,39.2,37.7,363.9746,290.207,315260.16,115.2814422,110.8,6.064981949,7.161594188,14.68,13.8,12.68,12.77,13.95,13.98,13.86,14.58,16.82,-0.88,-2.0,-1.91,-0.73,-0.7,-0.82,-0.1,2.14,132.9244595,1.8886,241.2283,1.8053,1.2205,98.8,98.8,99.9,99.7,28.48,102.3,94.7,97.3,95.8,89.6,95.3,92.8,94.0,94.3,94.7,94.9,44.098,128.496,52.11,33.301,8.87,10.85,8.24,62.0,39655.0,73096.66,309.6805,20.2845
4/1/1982,6244.64,5466.4,34.56,535081.371,88335.53375,48.9913,54.7027,53.8981,64.549,40.6732,76.3488,29.1955,42.8449,23.6502,78.8062,46.4824,64.8635,59.4591,72.014,2875.0,0.280652089,109820.0,99576.0,9.3,14.5,3951.0,3227.0,3086.0,1585.0,1501.0,587000,90150.0,22996.0,1155.3,4083.0,17683.0,10880.0,6803.0,67154.0,18465.0,4569.6,10363.6,5198.0,16010.0,39.0,2.2,39.1,917.0,100.0,162.0,494.0,161.0,888.0,98.0,108.0,502.0,180.0,,75578.22081,24254.60167,300068.7933,563048.6307,1.725298013,447.1,1803.9,1898.8,168.7,39.6,38.0,371.0565,291.8256,316379.45,114.8341077,116.3,5.803955288,7.516110207,14.94,14.06,12.7,12.8,13.98,14.0,13.87,14.46,16.78,-0.88,-2.24,-2.14,-0.96,-0.94,-1.07,-0.48,1.84,134.4890675,1.9624,244.1068,1.772,1.2252,99.0,98.9,99.7,100.2,33.45,101.1,95.0,97.5,94.5,90.5,95.1,93.3,94.9,94.6,94.7,95.2,44.12,128.821,51.752,33.441,8.89,10.86,8.28,65.5,40694.0,73704.22,313.8077,18.5347
5/1/1982,6244.365,5468.1,34.664,537835.459,89306.36445,48.6669,54.6134,53.8289,64.5948,40.6801,76.4178,29.0068,42.3438,23.4183,77.7598,46.3922,61.5551,61.4901,71.728,2853.0,0.27605225,110451.0,100116.0,9.4,14.9,3885.0,3295.0,3276.0,1659.0,1617.0,583800,90107.0,22884.0,1129.3,4092.0,17588.0,10804.0,6784.0,67223.0,18494.0,4566.0,10391.7,5202.0,16003.0,39.1,2.3,39.1,1025.0,123.0,144.0,570.0,188.0,953.0,114.0,145.0,490.0,204.0,,72945.67554,20839.93788,296023.7471,558559.9953,1.694304636,446.7,1815.4,1893.0,170.0,39.5,38.4,375.9823,293.82,317589.6,114.595367,116.4,5.824742268,7.49570233,14.45,13.42,12.09,12.16,13.34,13.75,13.62,14.26,16.64,-1.03,-2.36,-2.29,-1.11,-0.7,-0.83,-0.19,2.19,131.9873042,1.95,236.9635,1.8104,1.2336,99.0,98.8,99.7,101.9,35.93,100.5,95.9,97.6,95.1,91.3,96.0,94.7,95.7,95.5,95.3,96.1,44.382,129.452,52.041,33.653,8.96,10.99,8.33,67.5,42070.0,75149.98,313.8559,16.9138
6/1/1982,6223.394,5445.2,34.476,530210.047,87878.7906,48.5415,54.4844,53.6997,65.0377,40.9818,76.9257,28.4771,42.2251,23.291,77.9922,46.3581,60.8147,62.4152,71.5368,2692.0,0.255456443,110081.0,99543.0,9.6,15.7,3606.0,3413.0,3451.0,1667.0,1784.0,599500,89865.0,22643.0,1107.0,4030.0,17430.0,10682.0,6748.0,67222.0,18475.0,4550.7,10397.6,5209.0,16016.0,39.0,2.3,39.2,902.0,93.0,152.0,461.0,196.0,913.0,101.0,116.0,492.0,204.0,,72741.58039,20962.30637,292675.9253,561060.1169,1.714966887,447.5,1826.0,1882.5,171.7,39.6,38.4,380.5642,295.6466,318500.2,114.4819381,109.7,6.207839562,7.032586226,14.15,13.96,12.47,12.7,14.07,14.43,14.3,14.81,16.92,-0.19,-1.68,-1.45,-0.08,0.28,0.15,0.66,2.77,138.4470369,2.0789,251.1977,1.7563,1.2756,99.8,99.8,99.8,101.8,35.07,96.0,97.0,97.7,97.2,92.2,97.4,95.9,96.5,96.7,96.3,97.2,44.704,129.789,52.647,33.85,8.99,11.0,8.37,65.7,43108.0,75943.5,315.6734,19.7058
7/1/1982,6223.874,5425.2,34.678,528166.11,89436.14389,48.3775,54.5056,53.7431,65.2081,41.2257,77.0335,28.3982,41.9189,23.0842,77.7386,46.3007,61.719,62.4355,71.3197,2565.0,0.236427321,110342.0,99493.0,9.8,15.4,3929.0,3300.0,3555.0,1739.0,1816.0,576000,89521.0,22434.0,1078.7,4001.0,17278.0,10579.0,6699.0,67087.0,18453.0,4538.7,10405.8,5211.0,15890.0,39.1,2.4,39.2,1166.0,107.0,152.0,709.0,198.0,1044.0,97.0,152.0,540.0,255.0,,73775.22356,22070.61534,290329.5887,563203.0783,1.725298013,448.0,1831.5,1878.5,173.4,40.0,39.3,384.0437,295.9582,318106.43,113.6581499,109.4,6.237047532,7.048948977,12.59,12.94,11.35,11.88,13.24,14.07,13.95,14.61,16.8,0.35,-1.24,-0.71,0.65,1.48,1.36,2.02,4.21,140.0278579,2.096,255.031,1.7354,1.27,100.2,100.1,100.0,100.7,34.16,97.2,97.5,98.1,98.1,93.0,97.9,96.3,97.0,97.2,96.8,97.7,44.969,130.033,52.883,34.108,9.04,11.08,8.4,65.4,42977.0,75787.96,316.846,17.062
8/1/1982,6236.193,5436.7,34.703,523323.625,88998.51555,47.9382,54.0627,53.1707,65.0223,40.6276,77.1358,27.6749,41.4966,22.6833,78.3982,45.8822,61.4808,59.6441,70.5585,2493.0,0.229114971,110514.0,99633.0,9.8,16.2,3895.0,3354.0,3696.0,1830.0,1866.0,629500,89363.0,22268.0,1054.6,3977.0,17160.0,10449.0,6711.0,67095.0,18427.0,4527.8,10405.0,5211.0,15930.0,38.9,2.3,39.0,1046.0,118.0,161.0,572.0,195.0,926.0,109.0,114.0,509.0,194.0,,70369.56211,20084.74943,286333.1861,562035.0678,1.745960265,451.4,1845.2,1888.6,174.0,40.2,39.7,385.8593,297.0876,318058.26,113.0672805,109.7,6.232151322,7.134345892,10.12,10.15,8.68,9.88,11.43,13.0,13.06,13.71,16.32,0.03,-1.44,-0.24,1.31,2.88,2.94,3.59,6.2,140.3975603,2.1119,259.0455,1.725,1.2452,100.6,100.5,99.9,99.8,33.95,97.3,97.7,98.1,98.2,93.9,97.9,96.3,97.6,97.5,96.9,97.9,45.108,129.661,52.795,34.347,9.07,11.11,8.43,65.4,42975.0,75781.77,318.6176,32.4415
9/1/1982,6233.608,5425.8,35.015,524334.178,90211.80242,47.8139,54.0439,53.0957,65.0036,40.0598,77.4849,27.5563,41.2923,22.3995,78.7287,45.8032,61.4489,60.9867,70.333,2364.0,0.210751538,110721.0,99504.0,10.1,16.6,3966.0,3494.0,3889.0,1871.0,2018.0,660750,89183.0,22146.0,1033.5,3962.0,17074.0,10376.0,6698.0,67037.0,18386.0,4510.2,10391.0,5216.0,15923.0,39.0,2.2,39.0,1144.0,149.0,140.0,627.0,228.0,1042.0,113.0,141.0,558.0,230.0,,72451.89695,21212.87044,284893.9089,561658.6016,1.735629139,456.9,1858.4,1902.1,173.4,40.0,39.0,391.0385,297.9524,319214.09,113.2125443,122.4,5.596405229,8.044668,10.31,10.36,7.92,9.37,10.85,12.25,12.34,12.94,15.63,0.05,-2.39,-0.94,0.54,1.94,2.03,2.63,5.32,141.4703362,2.1418,263.2857,1.712,1.2348,100.7,100.7,100.0,99.2,35.63,98.4,97.7,98.1,98.0,94.7,97.8,96.2,97.6,97.5,97.2,97.8,45.233,129.752,52.78,34.516,9.08,11.07,8.45,69.3,42916.0,75840.41,321.6921,22.7534
10/1/1982,6229.736,5415.4,35.169,518937.752,91260.09837,47.3575,53.6532,52.7098,65.0231,39.5058,77.8844,26.9239,40.7986,21.6481,78.9854,45.2346,62.5362,61.5736,69.3689,2365.0,0.205134877,110744.0,99215.0,10.4,17.2,3873.0,3471.0,4185.0,1939.0,2246.0,652400,88907.0,21879.0,1010.6,3940.0,16853.0,10172.0,6681.0,67028.0,18351.0,4496.4,10379.0,5217.0,15956.0,38.7,2.2,38.9,1173.0,108.0,164.0,642.0,259.0,1149.0,127.0,141.0,615.0,266.0,,71517.95002,22831.63085,285152.3874,560616.0799,1.756291391,464.5,1869.7,1905.9,175.0,40.6,40.1,392.3917,298.668,319521.05,112.7575431,132.7,5.167045968,8.814718258,9.71,9.2,7.71,8.29,9.32,10.8,10.91,12.12,14.73,-0.51,-2.0,-1.42,-0.39,1.09,1.2,2.41,5.02,143.8434611,2.1737,271.615,1.6962,1.2301,101.0,101.0,99.9,98.7,35.68,97.8,98.1,98.3,98.2,95.5,98.2,96.6,97.9,97.9,97.7,98.2,45.487,130.299,52.878,34.791,9.1,11.21,8.44,73.4,42710.0,75410.23,325.3587,32.8212
11/1/1982,6253.827,5419.9,35.452,520350.844,92675.59972,47.2078,53.5182,52.5724,64.911,39.484,77.7155,26.8248,40.6421,21.3735,78.7315,44.9928,63.3579,60.4911,68.9198,2371.0,0.198609482,111050.0,99112.0,10.8,17.1,3974.0,3518.0,4485.0,2147.0,2338.0,594250,88786.0,21736.0,991.2,3947.0,16722.0,10067.0,6655.0,67050.0,18315.0,4484.9,10363.3,5224.0,15977.0,38.9,2.3,39.0,1372.0,152.0,185.0,791.0,244.0,1229.0,133.0,144.0,661.0,291.0,,69247.50905,20715.23855,283488.9683,556445.9928,1.735629139,471.5,1883.7,1922.1,177.5,41.2,40.6,391.9751,299.2424,321126.34,112.5495374,138.1,4.969826213,9.338587398,9.2,8.69,8.07,8.34,9.16,10.38,10.55,11.68,14.3,-0.51,-1.13,-0.86,-0.04,1.18,1.35,2.48,5.1,143.858964,2.1931,264.0879,1.6321,1.2262,101.4,101.4,100.1,99.2,34.15,98.3,98.0,98.3,98.2,96.5,98.3,96.8,97.7,97.9,97.9,98.1,45.624,130.078,52.899,34.979,9.11,11.16,8.46,72.1,43511.0,76379.13,327.2638,32.3959
12/1/1982,6286.221,5451.9,35.603,518920.929,92691.69639,46.8713,53.2334,52.2836,64.0813,39.4852,76.3811,27.1172,40.2756,21.548,77.7506,44.8608,61.531,60.26,68.651,2468.0,0.204796283,111083.0,99032.0,10.8,18.1,3939.0,3425.0,4662.0,2098.0,2564.0,523750,88771.0,21688.0,974.2,3948.0,16690.0,10046.0,6644.0,67083.0,18307.0,4474.7,10371.4,5229.0,15981.0,38.9,2.3,39.0,1303.0,128.0,155.0,718.0,302.0,1351.0,114.0,163.0,745.0,329.0,,74553.98294,21120.80271,286899.7406,553994.1361,1.725298013,474.8,1905.9,1950.8,180.7,41.9,41.2,392.0419,299.653,323500.44,112.6237432,139.4,4.928263989,9.632686532,8.95,8.51,7.94,8.16,8.91,10.22,10.54,11.83,14.14,-0.44,-1.01,-0.79,-0.04,1.27,1.59,2.88,5.19,138.9759102,2.0501,241.9413,1.616,1.2385,101.8,101.7,100.1,98.8,31.72,96.9,97.7,98.2,97.7,97.2,98.3,97.3,96.9,97.5,98.0,97.6,45.693,130.199,52.77,35.111,9.16,11.32,8.49,71.9,44121.0,77319.25,333.8293,23.5713
1/1/1983,6279.297,5458.2,35.639,528823.39,92073.98649,47.7398,54.0194,52.9865,65.4726,41.1852,77.4754,27.1328,41.1813,22.2636,80.2328,45.8943,60.6329,58.53,70.1756,2497.0,0.216490376,110695.0,99161.0,10.4,19.4,3654.0,3312.0,4668.0,2001.0,2667.0,501000,88990.0,21757.0,955.1,4021.0,16705.0,10057.0,6648.0,67233.0,18342.0,4469.2,10430.7,5242.0,16023.0,39.4,2.3,39.3,1586.0,140.0,203.0,948.0,295.0,1426.0,148.0,181.0,765.0,332.0,,78023.60048,22328.17189,290492.6877,549592.3775,1.68397351,477.2,1959.4,2001.4,178.9,41.9,41.3,393.1864,302.0905,325101.49,112.7806459,144.3,4.77015246,10.14413969,8.68,8.17,7.86,7.93,8.62,10.03,10.46,11.79,13.94,-0.51,-0.82,-0.75,-0.06,1.35,1.78,3.11,5.26,136.9063342,1.9679,232.731,1.5756,1.2287,101.0,100.8,99.8,98.8,31.19,99.2,97.9,98.6,97.6,97.9,98.3,97.7,97.5,97.9,98.2,97.9,45.906,130.796,52.789,35.357,9.2,11.3,8.52,70.4,44428.0,77668.34,339.7161,26.1745
2/1/1983,6283.89,5458.5,35.63,526595.607,92328.51517,47.4484,53.5508,52.4212,64.6406,41.0485,76.2312,27.0338,41.0404,22.5108,81.029,45.8633,59.778,57.8066,70.0808,2496.0,0.216197488,110634.0,99089.0,10.4,19.2,3717.0,3177.0,4641.0,1925.0,2716.0,488750,88917.0,21676.0,929.6,3964.0,16706.0,10062.0,6644.0,67241.0,18339.0,4467.9,10439.8,5256.0,16004.0,39.0,2.3,39.3,1699.0,243.0,253.0,864.0,339.0,1471.0,184.0,164.0,792.0,331.0,,73130.96008,18836.59076,289284.229,548839.4451,1.694304636,484.3,1996.8,2037.6,177.0,39.8,39.2,393.3556,303.1623,325604.76,112.681603,146.8,4.698004087,10.50462607,8.51,8.34,8.11,8.23,8.92,10.26,10.72,12.01,13.95,-0.17,-0.4,-0.28,0.41,1.75,2.21,3.5,5.44,138.6401721,2.018,236.1211,1.5329,1.2277,101.1,100.8,100.0,100.0,28.95,101.7,98.0,99.1,96.9,98.8,98.1,97.9,97.9,97.9,98.2,97.9,45.984,131.156,52.627,35.497,9.25,11.39,8.59,74.6,44684.0,77656.47,345.6982,22.4658
3/1/1983,6314.258,5480.2,36.005,535427.434,94788.2883,47.8426,53.9532,52.708,64.9144,41.6511,76.2678,27.3195,41.4152,22.9015,81.4868,46.2885,61.5883,57.538,70.6911,2571.0,0.225368163,110587.0,99179.0,10.3,19.4,3502.0,3150.0,4612.0,1866.0,2746.0,480250,89090.0,21649.0,920.4,3942.0,16711.0,10059.0,6652.0,67441.0,18384.0,4464.7,10478.3,5267.0,16005.0,39.3,2.6,39.6,1606.0,207.0,203.0,850.0,346.0,1475.0,143.0,177.0,843.0,312.0,,75945.96829,20698.92275,289940.4402,545296.8017,1.652980133,490.6,2015.2,2054.2,177.3,38.0,37.2,393.8048,304.3282,328041.51,112.8337323,151.9,4.549045425,11.06910754,8.77,8.52,8.35,8.37,9.04,10.08,10.51,11.73,13.61,-0.25,-0.42,-0.4,0.27,1.31,1.74,2.96,4.84,140.0151952,2.0663,238.2543,1.49,1.2263,101.0,100.7,99.7,100.5,28.82,101.7,98.1,99.1,96.5,99.0,98.2,98.4,98.1,97.9,98.4,98.0,46.043,131.41,52.69,35.54,9.24,11.38,8.59,80.8,46149.0,79276.76,354.4036,19.5048
4/1/1983,6319.274,5489.2,36.226,535378.168,95049.85927,48.4483,54.6501,53.3906,66.2484,42.5861,77.7804,27.3799,41.9287,23.3047,82.643,46.8593,65.8637,59.8886,71.5296,2634.0,0.233759318,110828.0,99560.0,10.2,19.5,3539.0,3112.0,4370.0,1660.0,2710.0,496000,89364.0,21729.0,906.5,3948.0,16794.0,10125.0,6669.0,67635.0,18441.0,4478.5,10509.0,5289.0,15990.0,39.4,2.7,39.7,1472.0,157.0,199.0,798.0,318.0,1566.0,157.0,176.0,860.0,373.0,,78412.98016,22254.75079,291964.394,545798.7566,1.652980133,493.2,2028.6,2053.2,180.0,38.7,37.6,392.4259,306.2567,330023.37,112.9095658,157.7,4.38807863,11.61635637,8.8,8.53,8.21,8.3,8.98,10.02,10.4,11.51,13.29,-0.27,-0.59,-0.5,0.18,1.22,1.6,2.71,4.49,140.6101036,2.0587,237.7467,1.5361,1.2325,101.1,100.7,99.5,101.2,30.61,102.1,98.8,99.3,97.8,99.4,98.9,98.3,98.7,98.7,99.0,98.7,46.253,131.561,53.102,35.668,9.25,11.37,8.61,89.1,46982.0,79870.5,363.3154,18.6576
5/1/1983,6351.636,5514.5,36.441,543698.11,96642.42404,48.747,54.9542,53.6774,66.4681,43.4208,77.5811,27.7099,42.2135,23.8367,83.7251,47.4026,63.4405,61.5583,72.3293,2862.0,0.256589564,110796.0,99642.0,10.1,20.5,3531.0,2979.0,4538.0,1788.0,2750.0,468000,89644.0,21829.0,901.9,3960.0,16885.0,10198.0,6687.0,67815.0,18496.0,4491.5,10541.3,5302.0,16005.0,39.7,2.8,40.0,1776.0,168.0,223.0,986.0,399.0,1669.0,155.0,194.0,915.0,405.0,,78231.45775,21879.4874,292528.0871,547526.6399,1.632317881,500.0,2043.1,2059.6,181.4,38.3,37.3,391.4906,308.3139,331068.19,112.3750687,164.1,4.223034735,12.21632897,8.63,8.33,8.19,8.22,8.9,10.03,10.38,11.46,13.09,-0.3,-0.44,-0.41,0.27,1.4,1.75,2.83,4.46,140.1072658,2.0572,234.7557,1.5722,1.2292,101.4,101.0,99.8,100.9,30.0,103.3,99.2,99.9,98.6,99.9,99.5,98.5,98.9,99.1,99.4,99.1,46.384,131.505,53.443,35.729,9.26,11.31,8.64,93.3,47703.0,80624.04,371.7129,18.0774
6/1/1983,6360.3,5529.9,36.792,557666.817,98871.81351,49.0434,55.2288,53.8811,66.7138,44.2046,77.4591,27.9026,42.5177,24.1314,83.9375,47.7773,60.6248,62.1367,72.8725,2871.0,0.25529077,111879.0,100633.0,10.1,20.8,3686.0,2926.0,4470.0,1585.0,2885.0,444250,90021.0,21949.0,899.0,4006.0,16960.0,10248.0,6712.0,68072.0,18572.0,4510.1,10590.3,5313.0,16020.0,39.8,2.9,40.1,1733.0,162.0,208.0,939.0,424.0,1769.0,183.0,201.0,945.0,440.0,,83720.39457,23556.51853,295960.7966,548907.016,1.580662252,504.0,2053.5,2065.9,183.3,38.4,36.8,393.8395,310.8249,334551.8,112.9784547,166.4,4.170673077,12.53374163,8.98,9.0,8.79,8.89,9.66,10.63,10.85,11.74,13.37,0.02,-0.19,-0.09,0.68,1.65,1.87,2.76,4.39,142.7406261,2.1123,240.0314,1.548,1.2323,101.6,101.3,100.2,100.5,31.0,102.4,99.4,100.3,99.0,100.4,99.8,99.0,99.2,99.4,99.7,99.4,46.557,131.759,53.541,35.912,9.28,11.32,8.66,92.2,49041.0,82235.8,380.4759,18.9343
7/1/1983,6378.268,5562.4,37.042,557370.019,99451.29381,49.7739,55.9938,54.6073,67.593,45.2633,78.1692,28.4706,43.197,24.5937,84.6041,48.4543,63.0715,62.922,73.8752,3041.0,0.2883011,111756.0,101208.0,9.4,21.2,3459.0,2821.0,4329.0,1735.0,2594.0,408000,90437.0,22103.0,904.7,4055.0,17059.0,10333.0,6726.0,68334.0,18658.0,4521.3,10660.5,5340.0,16011.0,39.9,3.0,40.3,1785.0,173.0,233.0,954.0,425.0,1795.0,187.0,188.0,1000.0,420.0,,82955.74316,21835.20166,298321.4402,550953.4476,1.580662252,507.8,2064.8,2068.9,185.3,38.9,37.5,397.7945,314.1926,337934.87,113.1617286,167.0,4.167664671,12.68343264,9.37,9.25,9.08,9.26,10.2,11.21,11.38,12.15,13.39,-0.12,-0.29,-0.11,0.83,1.84,2.01,2.78,4.02,143.7812129,2.1184,240.516,1.5273,1.2323,101.6,101.3,100.5,99.5,31.66,103.3,99.8,100.9,99.6,100.8,100.2,99.7,99.6,99.9,100.0,99.8,46.82,132.11,53.724,36.18,9.32,11.32,8.71,92.8,49861.0,83125.53,381.4581,23.1521
8/1/1983,6369.041,5555.9,37.14,556459.2,97970.39972,50.364,56.5056,55.1135,68.1937,46.1235,78.5671,28.7535,43.8301,24.9126,85.3405,48.875,66.2034,62.2882,74.4808,3092.0,0.291066554,112231.0,101608.0,9.5,20.0,3632.0,3035.0,4070.0,1540.0,2530.0,435750,90129.0,22207.0,902.7,4100.0,17118.0,10378.0,6740.0,67922.0,18690.0,4533.0,10693.2,5362.0,16016.0,40.0,3.1,40.3,1910.0,194.0,237.0,1043.0,436.0,1713.0,187.0,207.0,917.0,402.0,,83331.01489,22981.9693,300282.4434,555104.2287,1.590993378,510.5,2074.0,2071.9,185.4,38.7,37.1,401.5866,317.2201,341427.64,114.0106321,162.4,4.298029557,12.41371787,9.56,9.54,9.34,9.51,10.53,11.63,11.85,12.51,13.64,-0.02,-0.22,-0.05,0.97,2.07,2.29,2.95,4.08,146.1261722,2.1632,244.4613,1.5026,1.2338,101.9,101.6,100.9,102.2,31.91,103.8,100.1,101.0,100.4,101.4,100.5,100.2,99.8,100.3,100.4,100.1,47.02,132.27,53.797,36.416,9.33,11.34,8.71,90.9,50393.0,84053.01,382.582,18.4316
9/1/1983,6412.175,5604.1,37.24,564975.004,99840.63214,51.0937,57.4114,55.9997,69.0485,46.9331,79.4037,29.5325,44.3963,25.5723,86.3271,49.7687,67.1406,63.0849,75.7976,3152.0,0.306555145,112298.0,102016.0,9.2,20.2,3768.0,2774.0,3854.0,1413.0,2441.0,408750,91247.0,22381.0,901.9,4138.0,17255.0,10485.0,6770.0,68866.0,18839.0,4560.1,10760.6,5387.0,16042.0,40.1,3.3,40.6,1710.0,143.0,225.0,954.0,388.0,1585.0,174.0,189.0,821.0,401.0,,87136.40187,25097.19618,303742.8131,559592.8641,1.570331126,512.8,2083.2,2074.9,184.9,37.9,36.5,402.529,320.6919,344257.06,113.7814186,167.2,4.186602871,12.80297663,9.45,9.24,9.0,9.15,10.16,11.43,11.65,12.37,13.55,-0.21,-0.45,-0.3,0.71,1.98,2.2,2.92,4.1,145.8106707,2.1623,242.3462,1.4986,1.2326,102.2,101.8,101.6,103.3,31.11,103.9,100.4,100.8,100.7,101.8,100.7,101.1,100.2,100.6,100.6,100.4,47.185,132.604,53.772,36.626,9.38,11.39,8.76,89.9,50244.0,84386.48,387.217,17.7212
10/1/1983,6473.198,5668.5,37.538,571165.694,101388.9311,51.4902,57.5525,56.0462,68.6487,47.5689,78.3607,29.8711,44.9828,26.0691,87.285,50.2878,62.9376,61.5124,76.5312,3450.0,0.348943057,111926.0,102039.0,8.8,20.2,3491.0,2736.0,3648.0,1371.0,2277.0,402200,91520.0,22546.0,913.4,4178.0,17367.0,10575.0,6792.0,68974.0,18903.0,4578.1,10803.2,5397.0,15986.0,40.1,3.3,40.6,1715.0,157.0,203.0,970.0,385.0,1716.0,171.0,202.0,926.0,417.0,,91495.76139,26672.83627,310871.4797,561600.6838,1.56,517.2,2099.2,2082.5,186.4,38.1,37.3,405.7486,324.0551,348650.84,113.9530788,167.7,4.192009541,12.85626606,9.48,8.99,8.64,8.83,9.81,11.28,11.54,12.25,13.46,-0.49,-0.84,-0.65,0.33,1.8,2.06,2.77,3.98,143.2980199,2.1122,232.8855,1.4969,1.232,102.2,101.9,101.7,103.2,30.41,103.1,100.8,100.6,101.1,102.3,101.0,101.7,100.7,100.9,101.0,100.7,47.265,132.799,53.779,36.72,9.41,11.41,8.8,89.3,50285.0,85136.83,392.5156,18.0928
11/1/1983,6524.235,5703.9,37.623,577027.144,102708.8584,51.721,57.7561,56.2509,68.7676,47.6043,78.5293,30.1971,45.2279,26.2914,87.0503,50.5449,62.0564,62.6903,76.8517,3459.0,0.364143594,112228.0,102729.0,8.5,19.7,3347.0,2644.0,3535.0,1368.0,2167.0,392500,91875.0,22698.0,914.1,4217.0,17479.0,10666.0,6813.0,69177.0,18969.0,4601.1,10853.2,5416.0,15997.0,40.1,3.3,40.6,1785.0,158.0,220.0,979.0,428.0,1668.0,158.0,192.0,910.0,408.0,,91461.90229,23903.81198,315689.1001,565896.2596,1.56,519.0,2112.3,2089.3,189.1,38.1,37.2,409.6174,327.3763,353190.44,114.3714388,165.2,4.273607748,12.64668278,9.34,9.1,8.76,8.93,9.94,11.41,11.69,12.41,13.61,-0.24,-0.58,-0.41,0.6,2.07,2.35,3.07,4.27,145.2938684,2.1701,235.03,1.4766,1.2367,102.0,101.5,101.8,102.3,29.84,103.3,101.1,100.9,101.5,102.8,101.1,102.5,101.3,101.3,101.3,101.0,47.332,133.284,53.713,36.803,9.44,11.4,8.84,91.1,50320.0,85925.41,395.8671,16.5206
12/1/1983,6581.287,5755.7,38.036,587714.256,103354.7375,51.9769,58.0864,56.6465,68.8527,48.7314,77.945,30.5015,45.4167,26.5778,86.143,50.6791,63.7637,58.7752,76.9708,3598.0,0.385596399,112327.0,102996.0,8.3,19.2,3455.0,2521.0,3379.0,1318.0,2061.0,368800,92230.0,22803.0,917.1,4248.0,17551.0,10727.0,6824.0,69427.0,19050.0,4624.0,10903.1,5436.0,16008.0,40.0,3.4,40.5,1688.0,151.0,202.0,956.0,379.0,1627.0,179.0,180.0,823.0,445.0,,91984.83733,23902.64656,317722.5918,569805.7162,1.539337748,521.4,2123.5,2094.2,192.2,38.9,38.1,413.9404,330.3526,358041.61,114.8747465,164.4,4.312652068,12.5396373,9.47,9.53,9.0,9.17,10.11,11.54,11.83,12.57,13.75,0.06,-0.47,-0.3,0.64,2.07,2.36,3.1,4.28,147.1446289,2.1983,234.4624,1.4338,1.2469,102.3,101.9,101.9,103.5,29.24,103.3,101.4,101.1,101.5,103.4,101.2,103.0,101.6,101.5,101.5,101.2,47.358,133.371,53.726,36.827,9.47,11.44,8.87,94.2,49810.0,86381.48,398.1128,14.2712
1/1/1984,6603.03,5777.9,38.277,591512.542,105699.8218,53.0088,59.1899,57.8074,70.2245,49.843,79.4117,31.1618,46.3581,27.2527,87.3757,51.5859,67.7524,60.0136,78.2461,3691.0,0.409746892,112209.0,103201.0,8.0,20.4,3309.0,2532.0,3254.0,1214.0,2040.0,351000,92673.0,22942.0,919.9,4305.0,17630.0,10789.0,6841.0,69731.0,19201.0,4652.0,10980.8,5452.0,16010.0,40.2,3.4,40.6,1897.0,179.0,276.0,903.0,539.0,1816.0,175.0,246.0,890.0,505.0,,93999.45396,27415.20516,322110.0506,572344.4497,1.529006623,525.1,2138.2,2094.2,191.3,40.1,39.4,415.6054,333.7075,362877.19,115.5402267,166.4,4.278846154,12.54482728,9.56,9.2,8.9,9.01,9.9,11.37,11.67,12.2,13.65,-0.36,-0.66,-0.55,0.34,1.81,2.11,2.64,4.09,148.3484102,2.238,233.8,1.4076,1.2484,103.0,102.7,102.1,104.6,29.69,102.6,102.1,101.5,102.0,104.0,101.9,103.0,102.1,102.0,102.2,101.8,47.564,133.186,54.16,36.967,9.53,11.52,8.91,100.1,49476.0,86214.52,398.5507,16.2294
2/1/1984,6639.713,5819.3,37.772,591194.116,105575.0726,53.2486,59.4253,57.9396,70.0759,50.016,79.0699,31.4242,46.5939,27.8204,87.9494,52.1467,64.7422,65.269,78.9769,3859.0,0.438971676,112615.0,103824.0,7.8,19.0,3327.0,2485.0,2991.0,1157.0,1834.0,339250,93157.0,23146.0,920.3,4410.0,17728.0,10867.0,6861.0,70011.0,19291.0,4679.7,11024.8,5472.0,16025.0,40.7,3.4,41.1,2260.0,263.0,307.0,1187.0,503.0,1987.0,229.0,292.0,952.0,514.0,,95220.26273,27266.03213,327120.3376,579922.0385,1.549668874,527.5,2158.2,2103.5,186.8,36.3,35.8,423.5808,337.6043,371202.54,116.7523872,157.3,4.545454545,11.7018894,9.59,9.32,9.09,9.18,10.04,11.54,11.84,12.08,13.59,-0.27,-0.5,-0.41,0.45,1.95,2.25,2.49,4.0,146.2922069,2.205,233.5963,1.4417,1.248,103.4,103.1,102.5,103.8,30.145,103.6,102.6,101.2,102.2,105.0,102.4,102.9,102.6,102.5,102.8,102.3,47.884,133.129,54.45,37.304,9.54,11.45,8.92,97.4,49155.0,86186.27,399.016,22.0363
3/1/1984,6679.057,5856.2,38.087,591699.993,104832.6134,53.5028,59.7199,58.2474,70.339,50.1314,79.4163,31.7341,46.808,27.9661,88.395,52.3793,66.0038,63.4548,79.1923,3863.0,0.441687629,112713.0,103967.0,7.8,19.1,3335.0,2501.0,2881.0,1101.0,1780.0,345800,93429.0,23209.0,922.8,4393.0,17806.0,10929.0,6877.0,70220.0,19360.0,4696.0,11061.5,5492.0,16030.0,40.2,3.5,40.7,1663.0,161.0,224.0,839.0,439.0,1725.0,188.0,195.0,831.0,511.0,,99542.94157,27619.15265,336365.4762,586505.3704,1.549668874,531.4,2175.2,2113.9,189.1,36.2,35.3,430.9463,342.0163,373493.07,116.4001215,157.4,4.561626429,11.55877915,9.91,9.83,9.52,9.66,10.59,12.02,12.32,12.57,13.99,-0.08,-0.39,-0.25,0.68,2.11,2.41,2.66,4.08,143.6670122,2.149,225.2664,1.4557,1.2697,103.8,103.6,103.0,105.7,30.761,105.9,102.9,101.3,102.9,105.2,102.6,103.5,103.0,102.8,103.0,102.6,48.041,133.254,54.486,37.497,9.56,11.5,8.96,101.0,49269.0,86691.44,402.6643,18.9248
4/1/1984,6721.247,5896.5,38.348,594977.983,106778.299,53.8233,60.034,58.6142,70.5129,50.0337,79.7564,32.0069,47.1232,28.1215,88.7074,52.6383,66.9262,62.1789,79.4302,4032.0,0.460168911,113098.0,104336.0,7.7,18.9,3362.0,2459.0,2858.0,1094.0,1764.0,369250,93792.0,23305.0,922.3,4423.0,17872.0,10980.0,6892.0,70487.0,19436.0,4715.0,11105.5,5503.0,16075.0,40.4,3.5,40.8,1851.0,190.0,234.0,953.0,474.0,1776.0,194.0,231.0,872.0,479.0,,92079.83092,26677.49793,338131.9052,594150.53,1.56,535.0,2191.7,2121.7,192.2,37.1,35.9,437.8374,346.1789,377814.15,116.5625366,157.6,4.583331218,11.36133779,10.29,10.18,9.69,9.84,10.9,12.37,12.63,12.81,14.31,-0.11,-0.6,-0.45,0.61,2.08,2.34,2.52,4.02,145.1894902,2.1913,225.2,1.421,1.2796,103.9,103.5,103.2,105.2,30.618,106.6,103.3,101.2,103.3,105.8,102.9,104.4,103.5,103.3,103.3,103.0,48.224,133.951,54.482,37.701,9.59,11.53,8.98,96.1,49386.0,87348.14,403.4311,18.1372
5/1/1984,6735.713,5912.7,38.564,599678.678,107475.4863,54.1104,60.2399,58.6612,70.2705,49.6064,79.6464,32.1693,47.4658,28.3276,88.6059,52.7985,67.6599,62.6136,79.5019,4090.0,0.483680227,113649.0,105193.0,7.4,18.8,3167.0,2387.0,2884.0,1193.0,1691.0,360250,94098.0,23389.0,928.4,4456.0,17916.0,11022.0,6894.0,70709.0,19487.0,4727.7,11128.5,5522.0,16103.0,40.3,3.4,40.7,1774.0,182.0,243.0,893.0,456.0,1741.0,211.0,211.0,849.0,470.0,,94538.37802,29591.03359,341743.9283,600955.8804,1.570331126,536.7,2204.1,2129.6,192.8,36.5,33.5,446.3183,349.7492,385354.23,118.4866802,156.6,4.640274585,11.08815416,10.32,10.65,9.83,10.31,11.66,13.17,13.41,13.28,14.74,0.33,-0.49,-0.01,1.34,2.85,3.09,2.96,4.42,148.6400064,2.268,230.4777,1.3894,1.2944,103.8,103.5,103.4,104.5,30.52,104.5,103.5,101.4,103.7,106.2,103.0,105.2,103.9,103.6,103.5,103.2,48.285,133.99,54.354,37.827,9.62,11.56,8.99,98.1,49982.0,88665.8,402.1905,16.0238
6/1/1984,6785.832,5961.8,38.824,605012.621,109012.7187,54.3075,60.541,58.9208,70.261,49.7778,79.5267,32.504,47.5737,28.4917,88.2337,53.0473,65.7195,62.5074,79.6898,4175.0,0.507537078,113817.0,105591.0,7.2,18.1,3261.0,2273.0,2612.0,1036.0,1576.0,361400,94479.0,23497.0,933.6,4507.0,17967.0,11074.0,6893.0,70982.0,19584.0,4743.1,11186.8,5540.0,16127.0,40.3,3.4,40.6,1843.0,220.0,280.0,921.0,422.0,1814.0,194.0,221.0,894.0,505.0,,91641.54364,27847.57385,341398.6544,603407.7372,1.56,540.2,2215.1,2136.1,195.7,37.5,34.2,450.9723,353.7386,391575.58,119.2955094,153.1,4.774657087,10.63189366,11.06,10.98,9.87,10.51,12.08,13.48,13.56,13.55,15.05,-0.08,-1.19,-0.55,1.02,2.42,2.5,2.49,3.99,149.6955044,2.2832,233.5657,1.377,1.304,103.8,103.4,103.6,103.3,29.967,104.0,103.7,101.3,103.9,106.7,103.1,105.5,104.2,103.8,103.7,103.4,48.371,134.111,54.361,37.935,9.66,11.57,9.03,95.5,50741.0,90271.35,401.8066,20.6305
7/1/1984,6800.935,5978.9,38.669,601781.494,107299.4289,54.4587,60.7014,59.1043,70.2385,50.3013,79.1659,32.9581,47.7126,28.7802,87.959,53.2622,64.0875,60.8933,79.8127,4239.0,0.496544454,113972.0,105435.0,7.5,18.0,3392.0,2472.0,2638.0,1048.0,1590.0,360500,94789.0,23571.0,935.3,4534.0,18013.0,11119.0,6894.0,71218.0,19664.0,4767.2,11242.5,5556.0,16172.0,40.3,3.4,40.6,1732.0,195.0,235.0,884.0,418.0,1605.0,187.0,215.0,777.0,426.0,,95379.21241,28677.34881,344161.7996,608379.0215,1.580662252,540.9,2223.5,2135.9,197.5,37.5,31.5,455.8009,357.1593,396763.13,120.180266,151.1,4.853295831,10.26972445,11.23,11.19,10.12,10.52,12.03,13.27,13.36,13.44,15.15,-0.04,-1.11,-0.71,0.8,2.04,2.13,2.21,3.92,154.7315752,2.4115,243.0676,1.32,1.3238,104.0,103.6,103.4,104.0,28.752,102.6,104.1,101.9,103.7,107.2,103.2,105.7,104.9,104.2,104.0,103.7,48.544,134.059,54.419,38.155,9.67,11.58,9.05,96.6,51399.0,91681.03,400.6605,16.8056
8/1/1984,6845.315,6019.6,38.822,601630.092,106704.8579,54.5239,60.8776,59.2891,69.8916,50.6265,78.4192,33.2841,47.6869,28.7513,87.7729,53.3761,63.3084,60.9886,79.7724,4091.0,0.480220683,113682.0,105163.0,7.5,17.3,3567.0,2415.0,2604.0,1089.0,1515.0,389500,95032.0,23608.0,938.4,4547.0,18034.0,11150.0,6884.0,71424.0,19721.0,4781.8,11271.4,5574.0,16224.0,40.2,3.4,40.5,1586.0,186.0,221.0,776.0,403.0,1530.0,186.0,190.0,741.0,413.0,,94536.49696,27168.13733,344792.2583,615580.1441,1.601324503,541.0,2230.4,2136.4,196.7,37.3,29.2,458.7925,360.6726,401685.95,120.5106054,164.4,4.474860097,10.94773789,11.64,11.18,10.47,10.61,11.82,12.68,12.72,12.87,14.63,-0.46,-1.17,-1.03,0.18,1.04,1.08,1.23,2.99,154.5090911,2.415,242.2609,1.3132,1.3035,103.8,103.3,103.2,103.3,29.25,101.3,104.4,102.5,103.8,107.7,103.4,106.0,105.4,104.5,104.3,104.1,48.693,134.252,54.551,38.299,9.7,11.58,9.09,99.1,51995.0,92928.71,400.4849,23.754
9/1/1984,6897.723,6075.2,39.103,600888.699,108218.9514,54.3696,60.8548,59.2851,69.6597,49.9065,78.5026,33.3354,47.4322,28.4127,87.8937,53.1832,63.5429,61.7295,79.266,4196.0,0.501493964,113857.0,105490.0,7.3,17.0,3325.0,2558.0,2538.0,1087.0,1451.0,395400,95344.0,23617.0,934.6,4576.0,18019.0,11160.0,6859.0,71727.0,19800.0,4798.8,11324.1,5595.0,16255.0,40.2,3.3,40.5,1698.0,203.0,243.0,814.0,438.0,1523.0,206.0,181.0,734.0,402.0,,91308.59579,26747.42278,344759.8293,619528.2127,1.611655629,543.1,2244.4,2143.6,197.9,38.0,30.8,461.9148,364.7314,404024.49,120.1274017,166.1,4.443106562,10.83888861,11.3,11.04,10.37,10.47,11.58,12.53,12.52,12.66,14.35,-0.26,-0.93,-0.83,0.28,1.23,1.22,1.36,3.05,158.4854036,2.5049,245.4568,1.2563,1.3145,103.8,103.2,103.1,102.8,29.311,99.9,104.7,102.7,104.1,108.1,103.6,106.4,105.9,104.9,104.6,104.4,48.759,134.538,54.597,38.353,9.73,11.58,9.12,100.9,51989.0,93421.26,401.7244,17.6627
10/1/1984,6877.638,6049.7,38.973,603409.675,108743.0994,54.3474,61.2876,59.8087,70.2794,49.5166,79.7166,33.6076,47.0455,28.6244,87.3342,53.4777,64.0568,62.3404,79.4795,4221.0,0.503639184,114019.0,105638.0,7.4,16.7,3423.0,2392.0,2526.0,1099.0,1427.0,419250,95629.0,23626.0,925.1,4590.0,18024.0,11165.0,6859.0,72003.0,19890.0,4811.9,11390.8,5620.0,16274.0,40.0,3.2,40.5,1590.0,211.0,226.0,749.0,404.0,1490.0,192.0,188.0,710.0,400.0,,91887.96267,27595.84437,342798.826,622771.6137,1.621986755,543.7,2258.9,2149.3,198.1,38.5,32.5,466.3545,367.6312,408425.54,121.5045933,164.8,4.508495146,10.56869986,9.99,10.12,9.74,9.87,10.9,12.06,12.16,12.63,13.94,0.13,-0.25,-0.12,0.91,2.07,2.17,2.64,3.95,159.919953,2.5245,246.7545,1.2196,1.319,103.6,103.1,103.2,101.5,28.765,97.6,105.1,103.0,104.8,108.7,103.9,106.3,106.3,105.3,105.0,104.7,48.874,134.409,54.748,38.466,9.75,11.57,9.15,96.3,52386.0,94183.33,400.8403,18.4005
11/1/1984,6913.808,6083.4,39.535,608766.448,110818.5644,54.529,61.4961,60.0374,70.491,50.2563,79.5942,33.8886,47.1994,28.7706,87.1851,53.6147,65.1469,63.3366,79.4531,4168.0,0.508416687,114170.0,105972.0,7.2,17.0,3392.0,2356.0,2438.0,1016.0,1422.0,407000,95982.0,23639.0,920.0,4617.0,18016.0,11165.0,6851.0,72343.0,20015.0,4822.4,11502.7,5641.0,16311.0,40.2,3.3,40.4,1689.0,255.0,245.0,746.0,443.0,1643.0,227.0,220.0,751.0,445.0,,96255.78697,27377.9119,344404.0636,625648.2015,1.611655629,547.5,2281.4,2166.6,200.6,39.2,34.6,470.9618,372.3966,412018.18,121.7619777,166.3,4.49789537,10.52612848,9.43,9.03,8.61,8.81,9.82,11.33,11.57,12.29,13.48,-0.4,-0.82,-0.62,0.39,1.9,2.14,2.86,4.05,157.8425664,2.47,243.6305,1.2392,1.3168,104.0,103.4,103.3,101.9,28.098,99.5,105.3,103.0,104.9,109.3,103.9,106.2,106.7,105.5,105.1,104.9,48.943,134.666,54.691,38.562,9.79,11.57,9.19,95.7,52334.0,94896.62,400.9217,17.5582
12/1/1984,6960.651,6112.7,39.596,609494.624,110350.7548,54.5556,61.7336,60.3928,70.8168,50.8241,79.7571,34.0963,47.0549,28.6879,86.7729,53.7513,64.1477,61.2564,79.424,4341.0,0.519382627,114581.0,106223.0,7.3,16.8,3371.0,2578.0,2401.0,1008.0,1393.0,385600,96107.0,23673.0,910.7,4652.0,18023.0,11177.0,6846.0,72434.0,20030.0,4834.8,11499.2,5661.0,16282.0,40.2,3.3,40.5,1612.0,233.0,230.0,810.0,339.0,1626.0,237.0,214.0,746.0,429.0,,93387.16851,26141.40737,343033.4596,627231.2902,1.611655629,551.6,2306.4,2186.2,204.8,40.7,37.5,473.3524,376.2431,416893.35,122.0270899,164.5,4.577507599,10.28910501,8.38,8.44,8.06,8.28,9.33,11.07,11.5,12.13,13.4,0.06,-0.32,-0.1,0.95,2.69,3.12,3.75,5.02,161.1289414,2.5602,247.964,1.1861,1.3201,104.0,103.5,103.2,101.4,25.429,98.1,105.5,103.1,104.7,109.8,103.9,106.1,107.1,105.6,105.2,105.1,49.081,134.514,54.722,38.75,9.83,11.64,9.22,92.9,51914.0,95750.68,401.1131,18.4975
1/1/1985,6953.088,6106.5,39.951,607972.185,111183.7577,54.527,61.483,60.1472,70.4068,50.2188,79.4843,34.0368,47.2057,28.7231,86.7606,53.6486,63.3499,59.6322,79.0412,4228.0,0.501958922,114725.0,106302.0,7.3,15.9,3667.0,2536.0,2284.0,969.0,1315.0,370750,96372.0,23672.0,908.6,4668.0,18009.0,11171.0,6838.0,72700.0,20073.0,4846.5,11521.9,5684.0,16336.0,40.0,3.3,40.3,1711.0,218.0,236.0,760.0,497.0,1660.0,285.0,189.0,723.0,463.0,,97618.61587,27097.04706,347031.7699,628293.1179,1.621986755,557.0,2332.4,2206.6,203.2,41.1,39.7,472.9868,379.017,421137.53,122.7913608,171.6,4.413362471,10.59925952,8.35,8.03,7.76,8.0,9.02,10.93,11.38,12.08,13.26,-0.32,-0.59,-0.35,0.67,2.58,3.03,3.73,4.91,164.456973,2.659,254.1829,1.1271,1.324,104.0,103.4,103.1,99.9,25.641,96.7,105.7,103.2,105.1,110.2,104.1,106.1,107.4,105.9,105.5,105.5,49.326,134.641,54.868,39.026,9.88,11.7,9.27,96.0,52074.0,95976.23,401.2418,19.2737
2/1/1985,6958.565,6111.5,40.1,610042.557,112375.9177,54.6871,61.6944,60.2792,70.8053,49.7426,80.3941,33.7962,47.3188,28.4503,86.6246,53.4376,69.3172,60.6122,78.5025,4253.0,0.511116452,114876.0,106555.0,7.2,15.9,3471.0,2452.0,2389.0,1045.0,1344.0,391750,96503.0,23621.0,906.3,4662.0,17966.0,11142.0,6824.0,72882.0,20110.0,4847.4,11548.3,5705.0,16349.0,39.9,3.3,40.1,1632.0,225.0,157.0,779.0,471.0,1662.0,272.0,191.0,688.0,511.0,,94339.92605,30623.59063,347875.8788,630947.6872,1.621986755,563.6,2354.1,2214.6,200.2,40.2,38.9,476.2564,383.206,427107.96,123.8604414,180.9,4.210431177,11.02977957,8.5,8.54,8.27,8.39,9.29,11.13,11.51,12.13,13.23,0.04,-0.23,-0.11,0.79,2.63,3.01,3.63,4.73,169.8565924,2.8045,260.4778,1.0931,1.3547,104.1,103.4,102.8,99.4,27.271,97.3,106.3,104.1,105.6,110.8,104.7,106.8,107.9,106.5,105.9,106.1,49.555,135.402,55.105,39.204,9.92,11.75,9.29,93.7,52163.0,96536.02,406.5996,16.7049
3/1/1985,6988.108,6140.2,40.06,615382.508,112947.3497,54.7673,61.9871,60.5085,70.7498,50.2832,79.9812,34.1659,47.2238,28.6961,86.8343,53.8511,65.0293,60.4352,78.8855,4369.0,0.523923732,115328.0,106989.0,7.2,16.1,3519.0,2443.0,2394.0,1045.0,1349.0,380800,96842.0,23661.0,905.9,4730.0,17939.0,11125.0,6814.0,73181.0,20198.0,4862.8,11631.6,5730.0,16395.0,40.2,3.3,40.4,1800.0,240.0,274.0,831.0,455.0,1727.0,266.0,235.0,762.0,464.0,,93357.07153,29019.9806,346473.7996,631024.911,1.611655629,566.6,2366.2,2215.5,202.7,40.4,38.8,480.0977,387.216,433806.83,124.7826348,179.4,4.269788183,10.83656646,8.58,8.9,8.52,8.9,9.86,11.52,11.86,12.56,13.69,0.32,-0.06,0.32,1.28,2.94,3.28,3.98,5.11,170.3020341,2.8033,257.9205,1.1253,1.384,104.1,103.3,102.7,97.6,28.238,97.2,106.8,104.5,106.3,111.4,105.1,107.2,108.4,107.0,106.4,106.5,49.749,135.601,55.334,39.375,9.93,11.7,9.32,93.7,53684.0,98452.74,409.9065,16.2834
4/1/1985,6975.177,6128.2,40.169,614751.664,114407.1169,54.6467,61.7422,60.132,70.3478,49.5652,79.7851,33.8538,47.2073,28.4771,86.7972,53.6528,64.5834,61.2464,78.3797,4250.0,0.506253723,115331.0,106936.0,7.3,16.4,3499.0,2495.0,2393.0,1015.0,1378.0,398250,97038.0,23644.0,910.6,4764.0,17886.0,11090.0,6796.0,73394.0,20253.0,4865.7,11668.9,5751.0,16430.0,40.2,3.1,40.5,1821.0,273.0,237.0,821.0,490.0,1664.0,259.0,228.0,729.0,448.0,,92653.55461,26537.64822,345283.4629,631497.907,1.611655629,570.4,2375.4,2220.0,205.5,41.6,40.3,478.6879,390.5439,439280.32,126.4079652,180.6,4.256184939,10.82724421,8.27,8.37,7.95,8.23,9.14,11.01,11.43,12.23,13.51,0.1,-0.32,-0.04,0.87,2.74,3.16,3.96,5.24,163.8953188,2.5948,251.8455,1.2377,1.3658,104.6,103.9,102.9,96.7,28.805,100.2,107.0,104.5,106.8,112.0,105.4,107.5,108.7,107.3,106.7,106.8,49.821,135.815,55.418,39.429,9.97,11.72,9.35,94.6,55570.0,100952.99,408.9347,14.0315
5/1/1985,6990.38,6144.9,40.63,621873.601,115124.425,54.7396,61.8978,60.263,70.49,49.6079,79.9798,33.9494,47.246,28.435,87.1749,53.772,64.4638,62.0421,78.3475,4346.0,0.523488316,115234.0,106932.0,7.2,15.3,3503.0,2556.0,2292.0,1057.0,1235.0,392750,97312.0,23632.0,905.3,4787.0,17855.0,11072.0,6783.0,73680.0,20326.0,4872.3,11725.8,5775.0,16474.0,40.1,3.2,40.4,1680.0,238.0,254.0,741.0,447.0,1709.0,260.0,243.0,759.0,447.0,,95538.16209,26951.37028,345381.7039,631372.4183,1.590993378,575.1,2389.5,2229.0,206.7,41.0,39.7,480.7952,394.2512,444685.77,127.3842763,184.9,4.171622499,11.04466634,7.97,7.83,7.48,7.65,8.46,10.34,10.85,11.72,13.15,-0.14,-0.49,-0.32,0.49,2.37,2.88,3.75,5.18,164.210702,2.615,251.7295,1.2483,1.3756,104.9,104.2,103.2,95.8,27.623,100.6,107.2,104.4,106.5,112.6,105.2,107.1,109.4,107.6,106.7,107.0,49.939,135.417,55.375,39.634,9.98,11.72,9.37,91.8,57923.0,104007.43,413.9824,15.6305
6/1/1985,7015.149,6171.1,40.415,611587.827,114482.57,54.711,62.0128,60.4762,70.725,49.4843,80.4172,33.9905,47.1009,28.4966,86.9174,53.7887,64.7586,61.8126,78.1769,4336.0,0.512529551,114965.0,106505.0,7.4,15.5,3538.0,2517.0,2310.0,1029.0,1281.0,392400,97459.0,23592.0,899.3,4789.0,17819.0,11045.0,6774.0,73867.0,20375.0,4878.2,11758.5,5796.0,16498.0,40.1,3.2,40.5,1676.0,270.0,237.0,734.0,435.0,1716.0,263.0,243.0,752.0,458.0,,98583.60031,28796.22106,349432.4728,633274.0552,1.621986755,582.3,2412.6,2244.3,210.2,42.4,41.2,482.3543,397.6704,448811.12,127.7644956,188.9,4.097406035,11.28674267,7.53,7.35,6.95,7.09,7.8,9.6,10.16,10.94,12.4,-0.18,-0.58,-0.44,0.27,2.07,2.63,3.41,4.87,162.3126044,2.5721,248.84,1.2808,1.3676,104.6,103.8,102.6,95.2,27.143,99.1,107.5,105.1,106.5,113.3,105.3,106.7,109.8,107.9,106.9,107.3,50.075,135.355,55.53,39.771,10.0,11.71,9.39,96.5,59130.0,105447.0,419.4961,15.8821
7/1/1985,7025.338,6169.5,40.71,612761.799,114682.7724,54.4365,61.7453,60.2268,70.508,49.5551,80.0381,33.8424,46.8287,28.2132,86.7897,53.5756,63.7048,62.0424,77.688,4309.0,0.506167039,115320.0,106807.0,7.4,15.5,3555.0,2554.0,2329.0,1062.0,1267.0,378250,97648.0,23549.0,889.9,4799.0,17776.0,11006.0,6770.0,74099.0,20391.0,4877.6,11770.5,5818.0,16620.0,40.1,3.3,40.4,1684.0,217.0,221.0,786.0,460.0,1697.0,240.0,244.0,746.0,467.0,,95979.27096,27604.00227,350350.024,633061.6897,1.611655629,589.1,2429.5,2255.8,212.3,42.8,41.7,486.9483,401.0988,453518.69,128.599413,192.5,4.038093506,11.549468,7.88,7.56,7.08,7.2,7.86,9.7,10.31,10.97,12.43,-0.32,-0.8,-0.68,-0.02,1.82,2.43,3.09,4.55,156.5783121,2.406,241.1364,1.3807,1.3526,104.7,103.8,102.3,94.9,27.329,97.9,107.7,105.2,106.6,113.9,105.3,106.4,110.3,108.2,107.1,107.5,50.198,135.22,55.558,39.94,10.03,11.74,9.42,94.0,60502.0,107683.27,419.1226,15.5221
8/1/1985,7025.068,6180.7,41.12,623898.313,116327.6514,54.6121,62.0461,60.4893,70.8215,50.0775,80.2149,33.8849,46.8961,28.5025,86.7881,53.8354,63.7417,61.625,77.9005,4328.0,0.52806247,115291.0,107095.0,7.1,15.3,3439.0,2515.0,2258.0,1036.0,1222.0,404400,97840.0,23546.0,882.9,4823.0,17756.0,10987.0,6769.0,74294.0,20426.0,4888.7,11808.6,5845.0,16619.0,40.2,3.3,40.6,1743.0,229.0,252.0,758.0,504.0,1808.0,262.0,256.0,780.0,510.0,,98367.27826,28550.31865,352057.3177,633080.9956,1.590993378,596.2,2444.0,2265.1,212.8,42.9,41.9,489.7272,405.2068,457305.61,129.2517481,188.3,4.145868295,11.35700526,7.9,7.72,7.14,7.32,8.05,9.81,10.33,11.05,12.5,-0.18,-0.76,-0.58,0.15,1.91,2.43,3.15,4.6,154.2333527,2.2962,237.4609,1.3841,1.3575,104.5,103.6,102.3,92.9,27.755,96.5,107.9,105.3,106.2,114.6,105.2,106.5,110.7,108.3,107.1,107.6,50.364,135.367,55.52,40.17,10.04,11.76,9.43,92.4,62253.0,110164.63,418.2073,14.8626
9/1/1985,7057.327,6209.5,41.685,625572.154,119606.3429,54.8147,62.1998,60.6144,71.1638,49.9986,80.7914,33.7929,47.1331,28.3916,87.874,53.8596,66.6293,58.5879,77.7866,4411.0,0.534796314,115905.0,107657.0,7.1,15.3,3494.0,2570.0,2242.0,1009.0,1233.0,408500,98045.0,23528.0,874.4,4852.0,17718.0,10952.0,6766.0,74517.0,20465.0,4892.6,11822.2,5874.0,16638.0,40.2,3.3,40.6,1676.0,244.0,234.0,720.0,478.0,1916.0,241.0,238.0,776.0,661.0,,98450.04496,30109.64294,354892.9513,633360.932,1.590993378,603.3,2456.4,2272.3,214.7,44.5,43.2,494.239,409.7705,463812.23,130.2696972,184.1,4.258555133,11.16461795,7.92,7.83,7.1,7.27,8.07,9.81,10.37,11.07,12.48,-0.09,-0.82,-0.65,0.15,1.89,2.45,3.15,4.56,155.5826955,2.3359,236.5275,1.3642,1.3703,103.8,102.9,102.2,91.8,28.289,96.2,108.1,105.5,106.2,115.2,105.4,106.6,111.0,108.6,107.3,107.8,50.449,135.31,55.58,40.272,10.06,11.8,9.44,92.1,68145.0,116530.29,420.5265,16.7649
10/1/1985,7091.229,6242.3,41.037,619804.43,116137.5094,54.6228,62.1186,60.5959,71.0677,49.7356,80.7972,33.7441,46.8545,28.3168,86.9174,53.7428,65.8713,61.6305,77.484,4340.0,0.523017595,116145.0,107847.0,7.1,15.3,3424.0,2545.0,2295.0,1096.0,1199.0,405750,98233.0,23529.0,868.7,4868.0,17708.0,10948.0,6760.0,74704.0,20494.0,4900.0,11836.7,5902.0,16654.0,40.2,3.3,40.7,1834.0,316.0,254.0,803.0,461.0,1743.0,271.0,242.0,749.0,481.0,,97196.31761,29826.44727,355434.7071,636729.8218,1.611655629,607.8,2468.0,2274.7,216.0,45.5,44.3,493.1745,414.3877,468071.4,130.6221466,186.2,4.221267454,11.35662127,7.99,7.8,7.16,7.33,8.01,9.69,10.24,11.02,12.36,-0.19,-0.83,-0.66,0.02,1.7,2.25,3.03,4.37,147.4185921,2.1692,214.6805,1.4215,1.3667,104.9,103.9,102.3,94.1,29.538,95.0,108.5,105.7,106.5,115.8,105.6,106.8,111.5,109.0,107.6,108.2,50.533,135.599,55.734,40.313,10.07,11.77,9.46,88.4,70482.0,119255.82,422.3957,16.1499
11/1/1985,7102.139,6252.6,41.146,624340.505,116697.8749,54.8123,62.4559,60.9964,71.4787,50.9515,80.7167,34.0514,46.9149,28.5323,87.3872,54.0997,65.0922,60.5171,77.8779,4420.0,0.543799213,116135.0,108007.0,7.0,15.7,3463.0,2456.0,2207.0,910.0,1297.0,393400,98443.0,23520.0,860.7,4879.0,17697.0,10938.0,6759.0,74923.0,20528.0,4903.7,11864.5,5935.0,16674.0,40.1,3.3,40.7,1698.0,239.0,215.0,792.0,452.0,1692.0,273.0,209.0,730.0,480.0,,93473.69733,26595.91893,351630.0173,638969.313,1.590993378,612.2,2477.8,2273.2,219.5,46.4,44.6,497.1682,418.6673,471931.33,131.1138884,197.5,3.989873418,12.14220787,8.05,7.77,7.24,7.3,7.88,9.28,9.78,10.55,11.99,-0.28,-0.81,-0.75,-0.17,1.23,1.73,2.5,3.94,144.7149363,2.1306,204.0737,1.4396,1.3765,105.5,104.6,102.5,95.7,30.813,92.6,109.0,106.0,107.0,116.5,106.1,106.7,112.1,109.6,108.1,108.8,50.68,135.712,55.992,40.417,10.09,11.75,9.49,90.9,70154.0,119355.96,427.9063,16.1135
12/1/1985,7145.546,6295.7,41.601,621004.838,118156.6361,55.3553,62.8403,61.3095,72.1342,51.0189,81.6922,33.9819,47.5778,28.596,87.8692,54.2813,69.096,61.2319,78.0314,4308.0,0.529368395,116354.0,108216.0,7.0,15.1,3393.0,2544.0,2208.0,1003.0,1205.0,385250,98609.0,23518.0,855.1,4887.0,17693.0,10928.0,6765.0,75091.0,20557.0,4904.2,11890.1,5959.0,16694.0,40.3,3.6,40.9,1942.0,284.0,275.0,895.0,488.0,1794.0,247.0,279.0,836.0,432.0,,98396.43471,31344.98206,354904.3969,640996.4387,1.601324503,619.8,2492.1,2275.9,224.7,48.1,46.8,498.9813,422.9035,475245.43,130.7954947,207.3,3.810902074,12.86663827,8.27,7.75,7.1,7.14,7.67,8.73,9.26,10.16,11.58,-0.52,-1.17,-1.13,-0.6,0.46,0.99,1.89,3.31,143.6734027,2.1042,202.7881,1.4447,1.3955,106.0,105.3,102.9,95.5,27.228,93.0,109.5,106.1,107.5,117.1,106.6,106.7,112.5,109.9,108.6,109.2,50.85,135.636,56.247,40.568,10.16,11.85,9.55,93.9,69688.0,120208.78,439.287,18.3427
1/1/1986,7140.925,6277.3,41.643,630338.938,119301.5121,55.6453,63.3775,61.7892,72.9785,52.2581,82.2698,34.0672,47.6504,28.9379,88.8137,54.921,67.7752,61.3538,78.8535,4300.0,0.551635664,116682.0,108887.0,6.7,14.8,3333.0,2414.0,2089.0,1002.0,1087.0,366750,98732.0,23530.0,851.7,4908.0,17686.0,10921.0,6765.0,75202.0,20566.0,4898.7,11899.3,5977.0,16715.0,40.4,3.4,40.7,1972.0,322.0,286.0,898.0,466.0,1847.0,277.0,288.0,786.0,496.0,,100733.6534,28218.17559,358003.278,641575.6174,1.580662252,621.4,2502.1,2276.7,221.7,48.0,47.3,500.4754,427.4396,478614.71,131.2028044,208.2,3.81364073,13.06705024,8.14,7.71,7.07,7.16,7.73,8.68,9.19,10.05,11.44,-0.43,-1.07,-0.98,-0.41,0.54,1.05,1.91,3.3,142.2356581,2.066,199.8905,1.4244,1.407,105.5,104.6,102.4,94.2,22.945,94.2,109.9,106.1,108.0,118.0,106.9,106.7,113.1,110.4,108.9,109.2,51.084,135.776,56.373,40.836,10.13,11.77,9.53,95.6,71574.0,121947.59,453.7518,18.1213
2/1/1986,7176.182,6310.2,41.54,626753.336,118189.8355,55.2634,62.7748,61.1761,72.35,51.8946,81.5099,33.7094,47.4675,28.9165,88.7573,54.6135,65.618,59.7225,78.3228,4287.0,0.510235658,116882.0,108480.0,7.2,15.2,3516.0,2569.0,2308.0,1125.0,1183.0,369500,98847.0,23485.0,834.4,4904.0,17663.0,10899.0,6764.0,75362.0,20569.0,4896.7,11906.5,6010.0,16759.0,40.0,3.3,40.7,1848.0,338.0,280.0,747.0,483.0,1767.0,253.0,288.0,754.0,472.0,,98719.97725,29404.56731,360260.9117,642232.02,1.611655629,625.2,2512.9,2290.7,217.8,46.6,45.7,501.4284,432.1652,481880.73,131.4495022,219.4,3.637192343,13.99962713,7.86,7.63,7.06,7.11,7.61,8.34,8.7,9.67,11.11,-0.23,-0.8,-0.75,-0.25,0.48,0.84,1.81,3.25,136.9416003,1.9547,184.8516,1.4297,1.4043,104.1,102.8,101.2,90.5,15.442,94.4,109.7,105.4,107.0,118.8,106.0,106.3,113.5,110.1,108.6,108.9,51.084,135.59,55.865,41.025,10.14,11.8,9.56,95.9,72508.0,123145.2,453.642,20.6242
3/1/1986,7243.924,6369.7,41.682,627364.955,117369.9111,54.8728,62.5569,60.9637,72.0798,51.8556,81.1141,33.6802,46.9374,28.7724,88.3905,54.4218,66.2569,58.3152,77.9655,4259.0,0.50805201,117220.0,108837.0,7.2,14.6,3540.0,2586.0,2261.0,1088.0,1173.0,381200,98934.0,23428.0,807.9,4914.0,17624.0,10867.0,6757.0,75506.0,20609.0,4887.1,11964.0,6036.0,16755.0,40.0,3.4,40.7,1876.0,285.0,316.0,782.0,493.0,1780.0,265.0,272.0,717.0,526.0,,97702.3231,28219.341,363473.2945,644307.4106,1.642649007,633.5,2533.1,2321.8,221.4,47.3,46.5,505.219,437.0756,483198.63,130.8630241,232.3,3.4524322,15.08630584,7.48,7.2,6.56,6.57,7.03,7.46,7.78,9.0,10.5,-0.28,-0.92,-0.91,-0.45,-0.02,0.3,1.52,3.02,134.0614956,1.915,178.6938,1.4674,1.4009,102.8,101.0,99.9,88.2,12.618,95.2,109.1,105.0,103.6,119.7,104.5,106.3,114.1,109.4,107.7,108.3,50.972,135.673,54.891,41.204,10.15,11.73,9.58,95.1,73685.0,124352.56,450.2044,23.564
4/1/1986,7267.821,6390.2,41.939,639997.472,118118.4065,54.935,62.7804,61.0553,72.5688,51.8112,81.8974,33.4629,46.8582,28.8105,88.6824,54.6781,64.8016,59.3348,78.2537,4283.0,0.512075562,117316.0,108952.0,7.1,14.7,3598.0,2666.0,2162.0,988.0,1174.0,385750,99121.0,23427.0,779.2,4950.0,17616.0,10863.0,6753.0,75694.0,20651.0,4897.9,11994.3,6066.0,16765.0,40.0,3.3,40.5,1933.0,310.0,349.0,761.0,513.0,1858.0,299.0,314.0,728.0,517.0,,95902.14745,26890.76874,361146.9876,644809.3655,1.621986755,641.0,2557.8,2353.1,225.1,48.9,48.0,507.336,441.9111,487617.38,131.8954233,238.0,3.380953782,15.67494469,6.99,6.6,6.06,6.08,6.44,7.05,7.3,8.79,10.19,-0.39,-0.93,-0.91,-0.55,0.06,0.31,1.8,3.2,132.8076554,1.9016,175.0918,1.4985,1.3879,102.3,100.3,98.9,85.6,12.847,94.7,108.7,105.0,101.0,120.4,103.3,106.2,114.6,108.9,107.0,107.8,50.868,135.803,54.24,41.279,10.16,11.81,9.56,96.2,75484.0,126113.75,455.0943,23.0154
5/1/1986,7275.711,6394.4,42.191,633859.653,119833.7084,55.0399,62.9901,61.1877,72.9635,51.9063,82.4525,33.4082,46.8695,28.6713,89.0289,54.757,65.9094,61.4865,78.2858,4210.0,0.498874274,117528.0,109089.0,7.2,14.7,3586.0,2670.0,2232.0,1064.0,1168.0,386000,99248.0,23349.0,750.2,4924.0,17593.0,10840.0,6753.0,75899.0,20711.0,4903.0,12039.7,6091.0,16790.0,40.1,3.4,40.7,1854.0,274.0,252.0,799.0,529.0,1797.0,285.0,296.0,698.0,518.0,,94916.47134,27053.92673,359815.4892,642801.5458,1.621986755,652.0,2584.8,2371.4,226.4,48.5,47.6,507.9494,446.5504,492220.85,132.7528049,238.5,3.385044025,15.82118176,6.85,6.62,6.15,6.19,6.65,7.52,7.71,9.09,10.29,-0.23,-0.7,-0.66,-0.2,0.67,0.86,2.24,3.44,129.6725223,1.8538,167.0314,1.5211,1.3757,102.8,101.0,98.7,86.5,15.444,94.6,109.0,104.9,101.4,121.2,103.5,106.3,114.8,109.1,107.2,108.0,50.961,136.286,54.357,41.331,10.18,11.86,9.59,94.8,78416.0,129109.91,458.4568,18.8928
6/1/1986,7277.787,6395.7,42.096,637925.898,119960.4697,54.826,62.8237,60.9402,72.9584,52.5082,82.0903,33.0662,46.6184,28.4053,89.5297,54.5254,67.2878,59.6727,77.8686,4474.0,0.525858016,118084.0,109576.0,7.2,15.2,3489.0,2705.0,2320.0,1040.0,1280.0,370500,99155.0,23263.0,733.2,4917.0,17530.0,10778.0,6752.0,75892.0,20699.0,4872.1,12055.5,6118.0,16779.0,40.0,3.3,40.7,1847.0,286.0,294.0,768.0,499.0,1790.0,284.0,289.0,724.0,493.0,,95684.88487,27400.05477,358182.5916,642984.9524,1.611655629,660.6,2605.0,2381.2,230.1,49.9,49.1,511.2815,451.2823,495646.39,133.1416418,245.3,3.302079087,16.31477475,6.92,6.71,6.21,6.27,6.73,7.64,7.8,9.13,10.34,-0.21,-0.71,-0.65,-0.19,0.72,0.88,2.21,3.42,130.5380803,1.8406,167.5419,1.5085,1.3899,103.1,101.2,98.6,86.2,13.469,95.6,109.4,104.9,102.3,121.8,103.8,106.6,115.5,109.6,107.7,108.5,51.151,136.825,54.544,41.487,10.18,11.89,9.58,99.3,81518.0,132412.2,462.3485,18.598
7/1/1986,7312.343,6416.9,42.373,641695.346,120369.9289,55.167,63.1652,61.3296,73.4108,53.1696,82.4017,33.3041,46.952,28.6831,89.3409,54.8285,69.2708,59.2417,78.2063,4292.0,0.515927395,118129.0,109810.0,7.0,15.2,3446.0,2548.0,2269.0,1056.0,1213.0,362000,99473.0,23235.0,726.6,4930.0,17497.0,10755.0,6742.0,76238.0,20805.0,4911.5,12106.9,6149.0,16779.0,40.0,3.4,40.6,1782.0,272.0,325.0,712.0,473.0,1780.0,302.0,297.0,701.0,480.0,,97306.3597,26897.76122,357904.0833,645050.69,1.611655629,670.3,2626.6,2398.7,233.0,51.0,50.2,512.8867,457.1023,499489.88,133.5070377,240.2,3.390228976,16.08035506,6.56,6.33,5.83,5.86,6.27,7.06,7.3,8.88,10.16,-0.23,-0.73,-0.7,-0.29,0.5,0.74,2.32,3.6,127.0544281,1.7445,158.6059,1.5071,1.3808,102.3,100.2,98.0,86.4,11.575,96.1,109.5,105.5,101.1,122.5,103.7,106.5,115.7,109.4,107.7,108.5,51.164,137.163,54.452,41.511,10.2,11.89,9.6,97.7,84639.0,135678.3,472.1307,19.639
8/1/1986,7327.756,6441.9,42.576,642607.368,121601.3245,55.0726,63.1918,61.2898,73.3466,53.3805,82.178,33.2892,46.752,28.6744,90.333,54.962,68.1138,60.9892,78.289,4334.0,0.53275968,118150.0,110015.0,6.9,15.5,3439.0,2398.0,2276.0,1084.0,1192.0,407400,99588.0,23225.0,707.6,4943.0,17489.0,10755.0,6734.0,76363.0,20851.0,4902.6,12154.4,6173.0,16800.0,40.1,3.4,40.7,1807.0,330.0,311.0,708.0,458.0,1726.0,284.0,304.0,662.0,476.0,,94226.12185,26598.24976,356130.9777,644539.0821,1.611655629,678.7,2646.5,2414.7,233.2,51.3,50.4,514.9309,463.3032,502045.82,133.739796,245.0,3.341497959,16.46093979,6.17,5.92,5.53,5.55,5.93,6.8,7.17,8.72,10.18,-0.25,-0.64,-0.62,-0.24,0.63,1.0,2.55,4.01,124.8889946,1.6616,154.1771,1.4861,1.3885,102.7,100.7,98.0,86.7,15.092,95.8,109.6,106.4,100.1,123.2,103.6,106.7,116.1,109.4,107.8,108.6,51.228,137.484,54.472,41.569,10.22,11.94,9.61,94.9,86588.0,137861.36,481.3767,18.6381
9/1/1986,7334.44,6448.0,43.509,657852.183,128746.2361,55.2237,63.3029,61.3938,73.4682,53.848,82.0912,33.3741,46.9354,28.9411,89.8884,55.1152,67.7499,60.036,78.3858,4383.0,0.527436823,118395.0,110085.0,7.0,15.4,3405.0,2642.0,2318.0,1081.0,1237.0,395500,99934.0,23216.0,692.5,4939.0,17498.0,10741.0,6757.0,76718.0,20899.0,4901.9,12197.8,6197.0,16910.0,40.2,3.4,40.7,1687.0,295.0,269.0,698.0,425.0,1686.0,304.0,273.0,631.0,478.0,,99009.66069,27714.71662,358370.4892,641681.8002,1.56,687.4,2667.8,2425.3,235.1,53.2,52.2,517.5387,469.3258,508775.79,134.9681107,238.3,3.453629878,16.00941119,5.89,5.68,5.21,5.35,5.77,6.92,7.45,8.89,10.2,-0.21,-0.68,-0.54,-0.12,1.03,1.56,3.0,4.31,124.7729005,1.6537,154.7314,1.4698,1.3873,102.9,100.9,98.5,86.6,14.913,96.3,110.0,106.9,100.6,124.0,104.0,106.9,116.5,109.9,108.1,109.0,51.396,137.682,54.639,41.728,10.22,11.96,9.6,91.9,93467.0,144729.69,491.063,22.7052
10/1/1986,7336.284,6448.9,42.862,648561.341,123357.8742,55.4589,63.4925,61.549,73.7585,53.8591,82.5343,33.2833,47.2064,28.9838,91.0505,55.3212,67.7598,59.226,78.5421,4367.0,0.529782846,118516.0,110273.0,7.0,15.2,3416.0,2599.0,2188.0,974.0,1214.0,383250,100121.0,23208.0,690.3,4954.0,17477.0,10713.0,6764.0,76913.0,20919.0,4901.0,12212.0,6215.0,16969.0,40.0,3.4,40.6,1681.0,281.0,263.0,683.0,454.0,1675.0,273.0,264.0,633.0,505.0,,96849.26181,28792.72482,357428.1394,644712.8357,1.590993378,694.9,2687.4,2438.7,237.0,54.6,53.8,517.528,473.9503,514880.75,136.3092023,237.4,3.473744735,15.99243334,5.85,5.68,5.18,5.26,5.72,6.83,7.43,8.86,10.24,-0.17,-0.67,-0.59,-0.13,0.98,1.58,3.01,4.39,124.8566871,1.6433,156.4723,1.4264,1.3885,103.5,101.5,98.3,87.4,14.852,97.3,110.2,106.6,100.5,124.7,104.0,106.8,116.9,110.0,108.1,109.1,51.488,137.836,54.541,41.878,10.25,12.04,9.62,95.6,96198.0,147567.97,490.6013,22.5239
11/1/1986,7347.933,6461.9,42.72,646573.879,122785.4362,55.6763,63.7195,61.8375,74.2559,54.6108,82.862,33.2791,47.4105,29.0978,91.2178,55.5197,67.6486,60.2997,78.6724,4556.0,0.558401765,118634.0,110475.0,6.9,15.0,3343.0,2630.0,2202.0,1037.0,1165.0,363200,100308.0,23204.0,685.4,4960.0,17472.0,10705.0,6767.0,77104.0,20946.0,4903.3,12226.6,6236.0,17005.0,40.0,3.4,40.7,1623.0,271.0,271.0,610.0,471.0,1644.0,265.0,295.0,607.0,477.0,,96970.59026,28066.67173,358169.2384,644317.0635,1.590993378,705.4,2701.3,2446.8,242.0,56.3,55.6,523.9441,479.2824,513804.18,135.5648083,245.1,3.371411669,16.54427224,6.04,5.76,5.35,5.41,5.8,6.76,7.25,8.68,10.07,-0.28,-0.69,-0.63,-0.24,0.72,1.21,2.64,4.03,126.7434237,1.6858,162.8494,1.4238,1.3863,103.4,101.4,98.3,87.6,15.207,97.3,110.4,106.9,100.8,125.5,104.2,106.8,117.2,110.2,108.4,109.3,51.58,138.229,54.585,41.96,10.28,12.13,9.64,91.4,94197.0,145824.85,492.77,18.6315
12/1/1986,7373.793,6485.2,43.662,660110.007,128331.7467,56.2078,64.3893,62.4518,75.0196,55.6435,83.4369,33.6504,47.8078,29.3481,92.3259,56.0627,68.8698,60.4356,79.2764,4310.0,0.546746163,118611.0,110728.0,6.6,15.0,3297.0,2397.0,2161.0,1011.0,1150.0,358250,100509.0,23237.0,679.8,4993.0,17478.0,10701.0,6777.0,77272.0,20962.0,4907.4,12235.9,6264.0,17021.0,40.1,3.5,40.8,1833.0,312.0,365.0,615.0,541.0,1903.0,292.0,313.0,591.0,707.0,,100527.6772,29614.34187,359293.7632,639741.5513,1.539337748,724.7,2728.0,2462.1,248.6,59.4,58.5,539.3086,490.7832,513682.08,134.874253,248.6,3.330651649,16.80349479,6.91,6.1,5.53,5.55,5.87,6.67,7.11,8.49,9.97,-0.81,-1.38,-1.36,-1.04,-0.24,0.2,1.58,3.06,125.5633109,1.6647,162.0523,1.4393,1.3801,103.6,101.5,98.5,86.9,16.076,97.0,110.8,107.2,101.1,126.2,104.5,106.8,117.5,110.5,108.7,109.6,51.651,138.598,54.795,41.956,10.3,12.15,9.66,89.1,92926.0,145381.83,497.6239,19.7586
1/1/1987,7361.633,6473.4,42.566,639270.499,120049.0014,55.9911,64.0448,62.061,74.2019,55.1907,82.4371,33.6833,47.709,29.2827,91.6947,55.8574,65.9402,60.7621,78.8108,4257.0,0.539406994,118845.0,110953.0,6.6,14.9,3390.0,2399.0,2168.0,1028.0,1140.0,345600,100678.0,23232.0,675.9,5007.0,17465.0,10688.0,6777.0,77446.0,20964.0,4917.8,12225.2,6282.0,17045.0,40.4,3.5,40.8,1774.0,302.0,423.0,609.0,440.0,1690.0,286.0,351.0,570.0,483.0,,95803.39173,28599.26605,357879.2846,644934.8542,1.601324503,730.2,2743.9,2463.1,247.0,59.6,59.1,548.8817,502.8988,512159.61,134.0661772,264.5,3.137996219,17.79478063,6.43,5.84,5.43,5.44,5.78,6.64,7.08,8.36,9.72,-0.59,-1.0,-0.99,-0.65,0.21,0.65,1.93,3.29,120.5264117,1.5616,154.8295,1.5054,1.3606,104.1,102.1,99.0,89.3,18.656,96.9,111.4,108.0,102.6,126.7,105.5,106.9,117.9,111.3,109.5,110.4,51.894,139.16,55.457,42.022,10.29,12.03,9.67,90.4,91854.0,143101.22,499.7143,20.7666
2/1/1987,7383.378,6493.4,43.374,662329.379,126030.9283,56.7373,64.9492,62.9813,75.1931,56.1894,83.383,34.447,48.2987,29.9196,92.6542,56.6952,67.4825,60.5309,79.8043,4513.0,0.57380801,119122.0,111257.0,6.6,14.7,3323.0,2415.0,2117.0,1004.0,1113.0,348750,100919.0,23296.0,674.6,5038.0,17499.0,10714.0,6785.0,77623.0,21018.0,4929.0,12256.7,6303.0,17036.0,40.7,3.7,41.2,1784.0,262.0,360.0,661.0,501.0,1689.0,306.0,371.0,603.0,409.0,,99606.89765,28116.78454,357008.4695,646933.0209,1.539337748,730.7,2747.5,2457.5,242.5,57.0,56.5,547.3783,508.5312,510108.35,132.6679714,280.9,2.961908152,18.84160179,6.1,6.05,5.59,5.59,5.96,6.79,7.25,8.38,9.65,-0.05,-0.51,-0.51,-0.14,0.69,1.15,2.28,3.55,118.6941127,1.5403,153.4068,1.528,1.334,104.4,102.5,99.8,90.2,17.726,95.9,111.8,108.6,103.5,127.2,106.1,106.7,118.3,111.8,110.0,110.9,52.076,139.32,55.977,42.083,10.29,11.99,9.69,90.2,90918.0,142077.83,501.0789,23.4463
3/1/1987,7400.008,6511.4,43.426,662965.03,126886.0641,56.8136,65.0362,63.0361,75.3597,55.9421,83.788,34.4075,48.3633,29.9637,92.5098,56.7317,68.0975,61.593,79.6594,4703.0,0.598193844,119270.0,111408.0,6.6,14.9,3386.0,2393.0,2070.0,949.0,1121.0,333250,101164.0,23307.0,675.8,5039.0,17507.0,10713.0,6794.0,77857.0,21081.0,4933.4,12308.2,6327.0,17064.0,40.4,3.7,41.0,1726.0,292.0,333.0,628.0,473.0,1704.0,317.0,319.0,625.0,443.0,,102326.9123,27250.88175,358402.9183,650581.8471,1.549668874,733.8,2753.7,2454.3,244.8,57.1,56.5,548.1938,516.5617,508095.94,131.501615,292.5,2.851282051,19.52811941,6.13,6.16,5.59,5.6,6.03,6.79,7.25,8.36,9.61,0.03,-0.54,-0.53,-0.1,0.66,1.12,2.23,3.48,117.5241774,1.5391,151.4332,1.5923,1.3194,104.5,102.6,99.9,90.5,18.305,98.1,112.2,109.2,103.8,127.8,106.5,107.1,118.6,112.1,110.4,111.2,52.214,139.678,56.141,42.19,10.33,12.12,9.71,90.8,91405.0,142083.71,503.0872,21.8372
4/1/1987,7394.617,6507.7,43.632,661061.681,127925.3057,57.185,65.283,63.1537,75.2746,55.6079,83.8536,34.7042,48.8391,30.2342,93.6682,57.0719,69.227,62.4349,79.936,4665.0,0.618536197,119336.0,111794.0,6.3,14.8,3162.0,2236.0,2091.0,1012.0,1079.0,336250,101499.0,23342.0,678.6,5053.0,17525.0,10715.0,6810.0,78157.0,21159.0,4945.0,12356.7,6358.0,17109.0,40.2,3.3,40.8,1614.0,258.0,290.0,662.0,404.0,1601.0,287.0,298.0,604.0,412.0,,103413.2252,28987.349,362130.3506,652734.4615,1.549668874,743.9,2767.7,2455.8,249.6,59.4,58.4,549.3757,524.8461,510909.57,131.8340223,289.3,2.903560318,19.19674157,6.37,6.45,5.64,5.9,6.5,7.57,8.02,8.85,10.04,0.08,-0.73,-0.47,0.13,1.2,1.65,2.48,3.67,114.6417058,1.4959,142.8986,1.6313,1.3192,105.1,103.3,100.3,92.5,18.643,98.7,112.7,109.8,104.3,128.6,106.9,107.7,119.2,112.7,110.8,111.7,52.409,140.162,56.306,42.364,10.33,12.1,9.71,92.8,92433.0,143609.7,507.7231,26.8814
5/1/1987,7439.064,6542.1,43.658,659958.604,127902.1667,57.5424,65.8033,63.5996,75.8585,56.0292,84.5096,34.998,49.0431,30.3728,94.298,57.4695,69.0844,62.7436,80.2905,4794.0,0.632954846,120008.0,112434.0,6.3,14.9,3315.0,2100.0,2104.0,992.0,1112.0,331000,101728.0,23390.0,681.6,5080.0,17542.0,10724.0,6818.0,78338.0,21188.0,4948.6,12375.6,6376.0,17112.0,40.5,3.7,41.0,1628.0,302.0,306.0,629.0,391.0,1500.0,267.0,278.0,576.0,379.0,,104167.5307,31244.75643,367216.9413,658140.1299,1.56,745.8,2772.9,2453.9,250.6,58.3,57.3,551.5846,532.0211,511163.53,130.7791869,289.1,2.926323072,19.1432067,6.85,6.93,5.66,6.05,7.0,8.26,8.61,9.33,10.51,0.08,-1.19,-0.8,0.15,1.41,1.76,2.48,3.66,113.8578042,1.4705,140.479,1.6666,1.3411,105.2,103.4,100.8,93.8,19.415,104.2,113.0,110.3,104.4,129.2,107.2,107.9,119.6,113.0,111.1,112.0,52.542,140.437,56.422,42.486,10.36,12.14,9.73,91.1,93028.0,144035.46,512.0857,25.4115
6/1/1987,7432.017,6546.4,43.841,663252.215,129669.7828,57.8502,66.0378,63.8073,76.0614,55.4991,85.1363,35.2239,49.4106,30.5665,94.7713,57.7094,70.1553,63.3704,80.4265,4780.0,0.646120573,119644.0,112246.0,6.2,14.9,3167.0,2173.0,2087.0,1012.0,1075.0,322250,101900.0,23390.0,682.1,5086.0,17537.0,10721.0,6816.0,78510.0,21244.0,4953.2,12413.9,6388.0,17124.0,40.3,3.6,40.9,1594.0,259.0,293.0,602.0,440.0,1522.0,272.0,268.0,587.0,395.0,,105536.0028,31165.50826,372213.8753,661470.4078,1.549668874,743.2,2774.6,2444.6,252.9,58.8,58.0,554.5518,541.9196,513063.7,130.8936143,301.4,2.826808228,19.949519,6.73,6.92,5.67,5.99,6.8,8.02,8.4,9.32,10.52,0.19,-1.06,-0.74,0.07,1.29,1.67,2.59,3.79,115.6800441,1.5085,144.5495,1.6288,1.3387,105.5,103.8,101.4,94.5,20.034,105.1,113.5,110.3,105.1,130.0,107.7,108.2,120.0,113.4,111.6,112.5,52.741,140.836,56.69,42.639,10.38,12.19,9.74,91.5,94647.0,146151.8,512.7781,21.6245
7/1/1987,7457.261,6570.7,44.054,669004.318,130524.9187,58.2421,66.4966,64.2645,76.5884,55.4098,86.0044,35.523,49.7347,30.7415,96.2323,58.1539,70.7117,64.0433,80.856,4790.0,0.659053385,119902.0,112634.0,6.1,14.2,3217.0,2146.0,1921.0,938.0,983.0,319250,102247.0,23455.0,684.2,5092.0,17593.0,10725.0,6868.0,78792.0,21298.0,4962.4,12452.5,6408.0,17160.0,40.4,3.7,41.0,1575.0,267.0,244.0,636.0,428.0,1516.0,279.0,266.0,553.0,418.0,,107757.5362,32903.14093,377642.8785,662889.3958,1.539337748,743.0,2779.0,2442.0,254.8,58.9,58.2,553.2904,549.5953,515262.37,130.7075848,310.1,2.76255079,20.56510757,6.58,6.65,5.69,5.76,6.68,8.01,8.45,9.42,10.61,0.07,-0.89,-0.82,0.1,1.43,1.87,2.84,4.03,117.5032308,1.5365,150.2939,1.609,1.3262,105.7,104.0,101.9,95.6,21.355,109.8,113.8,110.3,105.9,130.6,108.0,108.6,120.3,113.7,111.9,112.7,52.863,141.149,56.788,42.748,10.36,12.13,9.74,93.7,96347.0,148545.88,514.6645,17.8009
8/1/1987,7496.646,6613.8,44.391,666054.367,132962.5589,58.6784,66.9838,64.7993,76.9736,55.9305,86.2943,36.028,50.117,31.0864,96.018,58.4668,73.1402,63.463,81.1151,5014.0,0.690538493,120318.0,113057.0,6.0,14.4,3191.0,2155.0,1878.0,833.0,1045.0,325600,102420.0,23506.0,688.5,5102.0,17630.0,10781.0,6849.0,78914.0,21336.0,4975.7,12462.6,6419.0,17172.0,40.4,3.7,40.9,1605.0,264.0,290.0,632.0,419.0,1511.0,259.0,252.0,598.0,402.0,,102857.3716,29632.9885,380742.7135,663343.0858,1.539337748,744.9,2788.2,2439.4,254.6,58.3,57.7,553.955,556.1897,518353.94,130.2855125,329.4,2.614854281,21.78297608,6.73,6.71,6.04,6.15,7.03,8.32,8.76,9.67,10.8,-0.02,-0.69,-0.58,0.3,1.59,2.03,2.94,4.07,117.0457181,1.5364,147.3343,1.5996,1.3256,105.9,104.2,102.4,96.5,20.274,112.7,114.3,111.0,106.6,131.2,108.5,108.9,120.9,114.3,112.4,113.3,53.072,141.446,57.067,42.92,10.41,12.17,9.8,94.4,98268.0,151045.16,517.5176,20.849
9/1/1987,7503.262,6622.5,44.182,673394.998,131210.0334,58.9088,67.2278,65.0057,76.7806,56.4577,85.6871,36.5954,50.3307,31.2662,96.6237,58.8814,68.459,64.5253,81.53,4981.0,0.701351732,120011.0,112909.0,5.9,14.2,3224.0,2031.0,1866.0,877.0,989.0,309750,102647.0,23566.0,693.6,5096.0,17691.0,10815.0,6876.0,79081.0,21399.0,4987.0,12493.0,6427.0,17135.0,40.1,3.6,40.8,1695.0,263.0,310.0,706.0,416.0,1514.0,248.0,284.0,577.0,405.0,,104792.9836,29684.26673,381825.2713,665611.5359,1.529006623,747.6,2799.5,2440.7,256.3,59.8,58.8,561.1577,562.9884,519750.26,130.0806537,318.7,2.717288987,20.97208388,7.22,7.37,6.4,6.64,7.67,8.94,9.42,10.18,11.31,0.15,-0.82,-0.58,0.45,1.72,2.2,2.96,4.09,114.5893984,1.5029,143.291,1.6446,1.3154,106.2,104.5,102.6,96.0,19.526,117.2,114.7,111.6,106.9,131.9,108.8,108.9,121.4,114.7,112.7,113.6,53.251,141.854,57.175,43.098,10.44,12.16,9.85,93.6,100573.0,153804.29,520.5101,22.8938
10/1/1987,7552.866,6670.6,44.155,672618.758,130762.3446,59.7008,68.1725,66.0571,78.0867,58.2435,86.6632,37.3356,50.9706,32.0678,96.764,59.7258,70.6898,64.9214,82.5556,5043.0,0.697799917,120509.0,113282.0,6.0,14.0,3241.0,2162.0,1794.0,838.0,956.0,300000,103138.0,23655.0,699.8,5142.0,17729.0,10843.0,6886.0,79483.0,21489.0,5001.2,12559.2,6442.0,17269.0,40.5,3.8,41.1,1515.0,264.0,248.0,612.0,391.0,1447.0,244.0,279.0,554.0,370.0,,107128.3212,31165.50826,384775.3603,674086.8518,1.539337748,756.2,2814.8,2447.7,258.1,61.1,60.1,563.0739,570.5011,523110.13,129.6527945,280.2,3.108493933,18.35405882,7.29,7.89,6.13,6.69,7.59,9.08,9.52,10.52,11.62,0.6,-1.16,-0.6,0.3,1.79,2.23,3.23,4.33,114.1323591,1.494,143.32,1.662,1.3097,106.0,104.4,103.1,95.8,19.848,124.2,115.0,112.3,107.0,132.4,109.0,109.0,121.8,115.1,112.9,114.0,53.42,142.104,57.299,43.268,10.45,12.19,9.84,89.3,100996.0,154432.73,519.8706,40.7977
11/1/1987,7589.74,6709.9,44.207,670755.062,131257.3174,59.9956,68.2587,66.179,78.1046,58.1521,86.7428,37.5772,51.4471,32.4087,97.691,60.0492,68.973,65.6454,82.8781,5106.0,0.725799574,120540.0,113505.0,5.8,14.0,3172.0,2083.0,1797.0,871.0,926.0,306750,103372.0,23711.0,697.0,5152.0,17775.0,10867.0,6908.0,79661.0,21531.0,5011.8,12582.8,6441.0,17299.0,40.4,3.8,41.0,1656.0,263.0,333.0,639.0,421.0,1457.0,270.0,267.0,542.0,378.0,,107355.9296,31487.1626,387191.324,678942.3004,1.549668874,753.2,2818.9,2442.7,262.4,61.2,60.6,562.6052,577.5012,526691.09,129.659804,245.0,3.575510204,15.94630531,6.69,7.17,5.69,6.19,6.96,8.35,8.86,10.01,11.23,0.48,-1.0,-0.5,0.27,1.66,2.17,3.32,4.54,109.4812569,1.3825,135.3974,1.7754,1.3167,106.0,104.3,103.5,95.1,18.92,128.2,115.4,113.0,107.3,133.0,109.3,109.3,122.2,115.5,113.3,114.3,53.521,142.167,57.388,43.373,10.5,12.3,9.87,83.1,99825.0,153689.48,521.4512,49.4365
12/1/1987,7675.619,6793.8,44.545,676438.674,132895.1541,60.3246,68.6222,66.5558,78.2865,57.6985,87.284,38.015,51.7389,32.7253,98.5115,60.4414,68.9715,66.2295,83.314,4886.0,0.7044406,120729.0,113793.0,5.7,14.2,3178.0,1979.0,1767.0,867.0,900.0,318750,103661.0,23772.0,696.1,5180.0,17809.0,10895.0,6914.0,79889.0,21557.0,5027.0,12590.9,6451.0,17347.0,40.5,3.9,41.0,1400.0,234.0,269.0,577.0,320.0,1345.0,254.0,232.0,479.0,380.0,,108420.6103,34190.92369,389804.7233,685216.7369,1.549668874,750.2,2826.4,2445.0,266.9,62.1,61.4,565.2319,585.5876,525464.86,127.6732658,241.0,3.65560166,15.54359491,6.77,7.61,5.77,6.36,7.17,8.45,8.99,10.11,11.29,0.84,-1.0,-0.41,0.4,1.68,2.22,3.34,4.52,106.1277816,1.3304,128.2418,1.8288,1.3075,105.8,104.1,103.8,94.9,17.241,134.9,115.6,112.7,107.2,133.5,109.3,109.1,122.6,115.7,113.4,114.5,53.62,141.906,57.414,43.518,10.49,12.2,9.89,86.8,98963.0,153728.13,525.0417,41.764
1/1/1988,7669.267,6765.9,44.927,674894.606,133343.8489,60.309,68.7972,66.8454,78.5776,57.3925,87.9073,38.0604,51.5529,32.6416,97.3431,60.2979,72.9957,66.2844,83.0311,4770.0,0.686034805,120969.0,114016.0,5.7,14.2,3086.0,2151.0,1714.0,845.0,869.0,335600,103753.0,23668.0,692.4,5094.0,17790.0,10867.0,6923.0,80085.0,21564.0,5020.6,12581.6,6466.0,17365.0,40.3,3.9,41.1,1271.0,263.0,205.0,437.0,366.0,1244.0,255.0,221.0,422.0,346.0,,110222.667,36349.27091,394917.0665,688006.4479,1.56,756.2,2847.4,2454.7,266.3,62.6,61.5,567.18,591.3069,527589.06,127.8012354,250.5,3.535596806,15.91106641,6.83,6.87,5.81,6.25,6.99,8.18,8.67,9.88,11.07,0.04,-1.02,-0.58,0.16,1.35,1.84,3.05,4.24,106.0561844,1.3466,127.6853,1.8009,1.2855,106.4,104.6,104.1,94.2,17.16,135.8,116.0,113.2,107.0,134.4,109.5,108.9,123.0,116.0,113.6,114.8,53.828,141.681,57.615,43.752,10.55,12.44,9.91,90.8,98813.0,154462.4,527.1681,38.3365
2/1/1988,7703.832,6800.9,44.969,682522.421,134244.2566,60.6122,69.1528,67.1257,78.9401,57.3354,88.4966,38.3626,51.8036,32.6545,97.9271,60.4916,74.6534,67.3037,83.2306,4840.0,0.698513494,121156.0,114227.0,5.7,14.4,3057.0,2110.0,1738.0,850.0,888.0,318750,104214.0,23769.0,691.6,5162.0,17823.0,10890.0,6933.0,80445.0,21693.0,5044.1,12676.4,6472.0,17389.0,40.4,3.7,41.1,1473.0,278.0,253.0,580.0,362.0,1438.0,248.0,256.0,568.0,366.0,,111399.2708,35561.45087,399796.6837,693383.1574,1.549668874,757.7,2870.4,2470.2,260.7,60.0,59.6,568.4762,595.8447,530429.96,127.722119,258.1,3.44956606,16.13091917,6.58,6.58,5.66,5.93,6.64,7.71,8.21,9.4,10.62,0.0,-0.92,-0.65,0.06,1.13,1.63,2.82,4.04,107.1854098,1.3916,129.1665,1.7582,1.2682,106.3,104.4,104.4,95.2,16.765,130.9,116.2,112.1,107.0,135.2,109.5,109.1,123.5,116.2,113.7,115.0,53.908,141.633,57.467,43.913,10.53,12.32,9.92,91.6,98926.0,154581.83,527.4792,33.674
3/1/1988,7724.295,6808.8,45.359,693454.661,136556.1416,60.7452,69.2375,67.2288,78.8198,57.7474,88.0755,38.7813,51.9775,32.7641,98.236,60.6431,72.7581,67.4552,83.3868,4956.0,0.720767888,120913.0,114037.0,5.7,13.7,3042.0,2087.0,1744.0,896.0,848.0,305500,104489.0,23824.0,690.6,5201.0,17844.0,10906.0,6938.0,80665.0,21750.0,5061.6,12707.5,6483.0,17447.0,40.4,3.7,40.9,1532.0,294.0,247.0,580.0,411.0,1525.0,298.0,277.0,551.0,399.0,,110590.4145,33386.78785,401296.05,697418.1028,1.539337748,761.8,2890.7,2481.3,263.4,60.0,58.3,571.2544,601.5206,533175.3,127.6057966,265.7,3.36846067,16.30148132,6.58,6.62,5.7,5.91,6.71,7.83,8.37,9.39,10.57,0.04,-0.88,-0.67,0.13,1.25,1.79,2.81,3.99,105.4129921,1.3863,127.1139,1.833,1.2492,106.6,104.7,104.8,94.1,16.217,132.8,116.5,113.4,107.0,135.8,109.8,109.5,123.9,116.7,114.1,115.3,54.093,142.121,57.576,44.094,10.56,12.31,9.94,94.6,99283.0,155360.81,531.2142,29.3569
4/1/1988,7744.299,6839.6,45.173,689735.681,135939.4377,61.108,69.6231,67.7416,79.4719,59.0795,88.3169,39.2251,52.3131,33.1891,98.8024,61.1888,71.2184,67.6823,84.0971,4928.0,0.746553553,121251.0,114650.0,5.4,13.3,3107.0,1930.0,1563.0,753.0,810.0,312200,104732.0,23880.0,690.0,5227.0,17874.0,10936.0,6938.0,80852.0,21805.0,5078.4,12739.2,6489.0,17452.0,40.4,3.9,41.0,1573.0,255.0,327.0,602.0,389.0,1429.0,244.0,268.0,518.0,399.0,,110716.4456,34613.96907,402961.3767,701308.2534,1.539337748,768.1,2910.7,2483.5,268.4,62.0,59.0,577.398,609.1402,536777.32,127.5156955,262.6,3.443766184,15.79476414,6.87,6.86,5.91,6.21,7.01,8.19,8.72,9.67,10.9,-0.01,-0.96,-0.66,0.14,1.32,1.85,2.8,4.03,104.1352467,1.3823,124.8976,1.8782,1.2353,107.0,105.2,105.5,95.4,17.875,141.3,117.2,115.1,107.5,136.7,110.5,109.7,124.4,117.3,114.8,116.0,54.356,142.345,58.002,44.295,10.62,12.43,9.99,91.2,99596.0,156356.33,536.611,27.405
5/1/1988,7751.91,6848.1,45.466,691900.981,137150.7125,60.9843,69.3959,67.5777,79.0326,59.0562,87.6557,39.3895,52.2844,33.3444,97.7242,61.024,71.253,66.4085,83.837,5025.0,0.741259773,121071.0,114292.0,5.6,13.8,3095.0,2036.0,1647.0,801.0,846.0,313750,104962.0,23896.0,688.3,5228.0,17892.0,10946.0,6946.0,81066.0,21872.0,5094.5,12779.9,6490.0,17481.0,40.5,3.9,41.0,1421.0,205.0,275.0,570.0,371.0,1444.0,241.0,268.0,533.0,402.0,,112257.9753,32422.99025,404950.9939,705323.8928,1.539337748,771.7,2926.0,2490.2,268.8,60.6,58.1,583.868,616.4305,539296.28,127.6169053,256.1,3.567618118,15.03760925,7.09,7.19,6.26,6.56,7.4,8.58,9.09,9.9,11.04,0.1,-0.83,-0.53,0.31,1.49,2.0,2.81,3.95,104.5412803,1.4111,124.7871,1.8695,1.2373,107.2,105.4,106.2,95.8,17.438,146.9,117.5,115.1,107.9,137.6,110.7,109.9,124.8,117.6,115.1,116.3,54.514,142.537,58.106,44.462,10.65,12.45,10.02,94.8,99817.0,157239.08,540.218,25.7166
6/1/1988,7779.471,6876.1,45.615,698684.064,137808.6641,61.1615,69.5004,67.7062,79.0441,59.3384,87.5131,39.7159,52.5233,33.332,98.4743,61.149,71.1666,65.3212,83.9766,4895.0,0.747784907,121473.0,114927.0,5.4,13.1,3101.0,1924.0,1531.0,726.0,805.0,308250,105326.0,23951.0,686.0,5261.0,17916.0,10969.0,6947.0,81375.0,21954.0,5115.4,12829.3,6499.0,17515.0,40.5,3.9,41.1,1478.0,249.0,268.0,576.0,385.0,1485.0,235.0,278.0,564.0,408.0,,115183.0256,35598.74412,408088.9806,712747.0339,1.529006623,778.3,2938.4,2490.2,273.1,62.0,58.9,588.9893,623.0213,540226.01,126.8463711,270.7,3.409678611,15.41812297,7.51,7.49,6.46,6.71,7.49,8.49,8.92,9.86,11.0,-0.02,-1.05,-0.8,-0.02,0.98,1.41,2.35,3.49,106.480206,1.4629,127.4655,1.7768,1.2176,107.5,105.7,107.4,97.0,16.53,148.5,118.0,115.5,108.3,138.3,111.2,110.2,125.4,118.0,115.6,116.7,54.746,142.909,58.287,44.691,10.68,12.49,10.04,94.7,100739.0,158830.55,545.1392,25.2709
7/1/1988,7814.33,6911.5,45.725,695850.67,138199.0084,61.171,69.4468,67.5662,78.9992,58.0394,88.1755,39.3693,52.5893,33.3663,98.7029,61.1039,72.8908,65.9817,83.8802,4986.0,0.754882665,121665.0,115060.0,5.4,13.4,2998.0,2067.0,1601.0,805.0,796.0,321600,105550.0,23966.0,683.4,5270.0,17926.0,10988.0,6938.0,81584.0,22019.0,5128.4,12868.8,6507.0,17494.0,40.5,3.8,41.1,1467.0,255.0,283.0,562.0,367.0,1439.0,229.0,257.0,552.0,401.0,,114621.5288,37281.60232,410991.38,716096.6178,1.539337748,781.4,2947.2,2487.1,275.8,62.6,59.2,593.791,629.9484,542093.75,126.1035056,269.1,3.458442958,14.79340586,7.75,7.82,6.73,6.99,7.75,8.66,9.06,9.96,11.11,0.07,-1.02,-0.76,0.0,0.91,1.31,2.21,3.36,109.8016104,1.5343,133.0215,1.7051,1.2075,108.4,106.6,108.3,96.7,15.498,149.8,118.5,115.9,108.8,139.1,111.9,110.5,125.8,118.5,116.2,117.3,55.012,143.171,58.768,44.875,10.71,12.56,10.05,93.4,100973.0,159497.38,545.0378,23.644
8/1/1988,7834.98,6929.8,45.934,696253.209,138992.7757,61.4771,69.7767,67.8948,79.5161,58.4309,88.745,39.5366,52.868,33.3879,98.9425,61.1953,77.3146,66.5384,83.9632,5005.0,0.731404355,122125.0,115282.0,5.6,13.6,3172.0,1973.0,1639.0,844.0,795.0,314750,105674.0,23926.0,680.8,5268.0,17891.0,10975.0,6916.0,81748.0,22066.0,5140.1,12899.0,6505.0,17544.0,40.3,3.7,40.9,1493.0,230.0,251.0,580.0,432.0,1460.0,216.0,248.0,556.0,440.0,,115782.1436,40147.356,415233.8618,723239.8225,1.549668874,783.3,2952.0,2480.7,274.8,61.9,58.7,594.3887,637.1985,545666.66,126.2240713,263.7,3.558335229,14.01771859,8.01,8.26,7.06,7.39,8.17,8.94,9.26,10.11,11.21,0.25,-0.95,-0.62,0.16,0.93,1.25,2.1,3.2,111.2539112,1.5837,133.7661,1.6965,1.2237,108.8,107.1,108.5,97.0,15.524,152.0,119.0,114.5,109.7,139.8,112.2,110.8,126.4,118.8,116.6,117.7,55.175,143.467,58.812,45.06,10.72,12.56,10.07,97.4,101428.0,160392.33,544.5781,23.7073
9/1/1988,7850.303,6946.2,45.806,699007.297,138539.0507,61.2785,69.6368,67.8181,79.0184,59.5011,87.3774,39.9343,52.6211,33.6625,98.8366,61.3859,71.7663,65.2186,84.1706,4788.0,0.725015142,121960.0,115356.0,5.4,13.6,3152.0,1880.0,1569.0,756.0,813.0,304500,106013.0,23942.0,675.0,5270.0,17914.0,10992.0,6922.0,82071.0,22099.0,5153.1,12913.2,6509.0,17634.0,40.3,3.8,41.0,1492.0,216.0,263.0,591.0,422.0,1436.0,190.0,259.0,542.0,445.0,,115720.0686,36990.24875,417041.304,728288.3306,1.549668874,783.7,2956.9,2474.4,275.2,62.2,59.3,595.3106,644.0378,545467.57,125.3228191,268.0,3.529850746,13.76231473,8.19,8.17,7.24,7.43,8.09,8.69,8.98,9.82,10.9,-0.02,-0.95,-0.76,-0.1,0.5,0.79,1.63,2.71,111.289769,1.5764,134.3176,1.684,1.2267,109.0,107.3,108.7,97.0,14.467,153.8,119.5,116.3,109.9,140.5,112.8,111.2,126.9,119.4,117.2,118.3,55.444,144.198,59.118,45.271,10.76,12.61,10.12,97.3,101407.0,160481.91,543.8274,19.5242
10/1/1988,7894.044,6989.1,46.181,704433.764,141456.573,61.5488,70.0664,68.2832,79.6343,60.1048,87.9785,40.1863,52.7437,33.8036,99.2539,61.6515,73.8867,66.1294,84.4663,5051.0,0.769031669,122206.0,115638.0,5.4,13.4,3106.0,1864.0,1562.0,794.0,768.0,291400,106276.0,23987.0,671.9,5262.0,17966.0,11026.0,6940.0,82289.0,22118.0,5166.1,12907.4,6517.0,17670.0,40.6,3.9,41.1,1522.0,192.0,270.0,585.0,475.0,1516.0,218.0,260.0,568.0,470.0,,117029.2873,35455.39817,420454.9377,728616.5319,1.529006623,783.3,2965.3,2473.1,275.4,61.9,59.6,599.0389,651.2575,546273.18,124.4046321,277.4,3.442682048,13.83020334,8.3,8.24,7.35,7.5,8.11,8.51,8.8,9.51,10.41,-0.06,-0.95,-0.8,-0.19,0.21,0.5,1.21,2.11,108.0388969,1.5372,128.6805,1.7388,1.2055,109.2,107.5,108.6,96.6,13.798,159.9,119.9,117.5,110.0,141.4,113.0,111.3,127.5,119.8,117.6,118.6,55.625,144.531,59.227,45.456,10.81,12.63,10.16,94.1,101189.0,160707.0,544.7443,20.4819
11/1/1988,7896.3,6988.0,46.298,707153.006,142635.6545,61.7049,70.1977,68.4022,79.7898,60.8459,87.7958,40.2835,52.919,34.1236,99.2292,61.8785,73.7239,65.7676,84.6922,4899.0,0.749426342,122637.0,116100.0,5.3,12.6,3097.0,1967.0,1468.0,765.0,703.0,290500,106617.0,24030.0,665.7,5273.0,18003.0,11052.0,6951.0,82587.0,22152.0,5177.1,12914.2,6526.0,17746.0,40.5,3.9,41.1,1569.0,211.0,274.0,624.0,460.0,1508.0,199.0,249.0,575.0,485.0,,116003.1683,36646.45155,421979.1027,732149.5224,1.529006623,784.9,2980.2,2477.3,279.2,62.4,59.5,601.1266,656.8418,546648.97,124.1678524,271.0,3.557195572,13.17318312,8.35,8.66,7.76,7.86,8.48,8.79,8.96,9.45,10.48,0.31,-0.59,-0.49,0.13,0.44,0.61,1.1,2.13,105.0896801,1.4675,123.202,1.8085,1.2186,109.6,107.9,108.8,95.2,13.977,167.3,120.3,117.7,110.2,142.0,113.3,111.5,127.9,120.2,117.9,119.0,55.754,144.684,59.286,45.601,10.83,12.64,10.19,93.0,99951.0,160531.33,546.8218,21.659
12/1/1988,7936.204,7026.0,46.55,716370.55,143656.7873,61.9851,70.4922,68.7226,80.2032,61.552,88.0278,40.4414,53.1809,34.1662,99.9734,62.1779,73.2984,66.106,85.0001,5004.0,0.76772016,122622.0,116104.0,5.3,12.9,2972.0,2023.0,1490.0,751.0,739.0,293200,106898.0,24054.0,663.3,5277.0,18025.0,11071.0,6954.0,82844.0,22208.0,5195.3,12928.1,6533.0,17736.0,40.3,3.8,40.9,1563.0,214.0,343.0,597.0,409.0,1501.0,201.0,347.0,545.0,408.0,,127335.622,40397.92006,431258.5778,740595.8793,1.518675497,786.7,2988.2,2475.7,283.8,63.7,62.0,604.8488,663.0402,547324.64,123.3101969,276.5,3.518987342,13.11313833,8.76,9.11,8.07,8.22,8.99,9.09,9.11,9.57,10.65,0.35,-0.69,-0.54,0.23,0.33,0.35,0.81,1.89,104.661043,1.4799,123.6076,1.8258,1.1962,110.0,108.3,109.4,98.1,16.266,176.1,120.7,118.2,110.4,142.7,113.5,111.9,128.4,120.6,118.3,119.3,55.928,144.824,59.484,45.762,10.85,12.68,10.2,91.9,98338.0,161319.13,549.3431,17.7542
1/1/1989,8007.589,7072.7,46.633,717188.846,144708.1014,62.1677,70.7105,68.9033,80.247,62.9458,87.3002,40.8354,53.3279,34.6445,100.2473,62.6659,68.3043,66.4709,85.5472,4866.0,0.728225082,123390.0,116708.0,5.4,12.6,3146.0,2010.0,1480.0,748.0,732.0,289750,107161.0,24097.0,663.1,5289.0,18057.0,11092.0,6965.0,83064.0,22250.0,5219.0,12964.8,6529.0,17774.0,40.4,3.9,41.1,1621.0,266.0,288.0,647.0,420.0,1466.0,234.0,280.0,556.0,396.0,,123686.3632,40449.19829,436220.2214,747362.6178,1.518675497,785.7,2991.7,2468.4,282.2,63.4,61.7,606.3592,676.3011,563300.01,125.136068,285.4,3.438447793,13.18283165,9.12,9.04,8.27,8.36,9.05,9.15,9.09,9.62,10.65,-0.08,-0.85,-0.76,-0.07,0.03,-0.03,0.5,1.53,107.1591377,1.5619,127.3625,1.7737,1.1913,111.1,109.5,110.8,102.0,17.983,177.4,121.2,118.4,110.9,143.8,114.1,112.0,128.9,121.1,118.9,119.8,56.215,145.485,59.851,45.983,10.88,12.77,10.23,97.9,88044.0,169842.91,548.0491,17.758
2/1/1989,8030.962,7093.0,46.535,709350.749,142771.4702,61.8916,70.5504,68.8098,80.263,62.3109,87.6874,40.6626,52.9534,33.8547,99.6445,62.0577,73.4302,65.9537,84.5811,4856.0,0.763642082,123135.0,116776.0,5.2,12.4,3194.0,1877.0,1304.0,669.0,635.0,303750,107427.0,24080.0,658.4,5278.0,18055.0,11083.0,6972.0,83347.0,22343.0,5239.3,13006.3,6542.0,17812.0,40.4,3.9,41.2,1425.0,215.0,261.0,551.0,398.0,1383.0,198.0,268.0,518.0,399.0,,119982.5535,38034.45993,439299.0728,753173.7113,1.549668874,783.8,2992.2,2460.7,275.3,60.6,59.1,617.125,683.0534,565278.2,124.7964942,294.0,3.366214286,13.24569907,9.36,9.37,8.53,8.55,9.25,9.27,9.17,9.64,10.61,0.01,-0.83,-0.81,-0.11,-0.09,-0.19,0.28,1.25,107.6579519,1.574,127.7374,1.7534,1.1891,111.9,110.5,111.3,101.7,17.826,172.3,121.6,117.1,111.7,144.9,114.5,112.2,129.4,121.4,119.3,120.2,56.402,145.629,60.099,46.145,10.91,12.79,10.26,95.4,86842.0,169567.2,547.2839,18.3126
3/1/1989,8072.817,7121.5,46.505,705128.294,143589.3824,62.0508,70.6452,68.7533,80.4029,61.3841,88.4331,40.4655,53.1671,33.8132,100.5839,62.0039,78.8872,65.0637,84.3546,4732.0,0.762610798,123227.0,117022.0,5.0,12.3,3042.0,1850.0,1353.0,683.0,670.0,322000,107621.0,24069.0,662.4,5260.0,18060.0,11077.0,6983.0,83552.0,22422.0,5260.1,13083.2,6547.0,17822.0,40.5,4.0,41.1,1422.0,163.0,308.0,557.0,394.0,1214.0,178.0,243.0,441.0,352.0,,119791.6258,37723.29433,443729.4523,757556.1639,1.56,783.0,2999.7,2454.7,278.8,60.1,58.3,616.3839,688.9637,569094.25,124.5228327,292.7,3.409634438,12.84858332,9.85,9.95,8.82,8.85,9.57,9.51,9.36,9.8,10.67,0.1,-1.03,-1.0,-0.28,-0.34,-0.49,-0.05,0.82,109.2268202,1.611,130.5504,1.7134,1.1954,112.3,110.9,111.9,102.9,19.445,170.7,122.2,118.1,112.4,145.8,115.1,111.9,130.0,122.0,119.9,120.8,56.612,145.123,60.484,46.34,10.95,12.85,10.29,94.3,87199.0,169843.38,550.3852,17.4754
4/1/1989,8041.025,7099.5,46.781,711559.307,146274.509,62.0289,70.7326,69.0115,80.2175,61.828,87.8928,41.0632,53.0479,33.8453,100.1406,62.0884,74.9457,64.9903,84.3002,4979.0,0.769789734,123565.0,117097.0,5.2,12.5,3110.0,1984.0,1397.0,680.0,717.0,311800,107791.0,24100.0,663.7,5295.0,18055.0,11075.0,6980.0,83691.0,22440.0,5252.5,13096.5,6549.0,17840.0,40.5,3.9,41.1,1339.0,211.0,255.0,528.0,345.0,1376.0,202.0,253.0,525.0,396.0,,120829.0311,39572.80676,447522.6965,763811.2945,1.549668874,779.2,3006.0,2441.9,281.6,61.2,59.0,619.1666,698.3095,571570.85,124.7290453,302.3,3.336652332,12.92630938,9.84,9.81,8.65,8.65,9.36,9.3,9.18,9.79,10.61,-0.03,-1.19,-1.19,-0.48,-0.54,-0.66,-0.05,0.77,109.5945108,1.6469,132.0365,1.7008,1.1888,113.1,111.9,112.5,104.1,21.04,169.6,123.1,118.6,115.0,146.6,116.5,111.9,130.5,122.9,121.0,121.7,56.989,145.452,61.47,46.505,10.96,12.92,10.28,91.5,88159.0,170832.28,552.3541,16.8875
5/1/1989,8006.298,7066.7,46.726,708387.058,147250.3699,61.6871,70.1836,68.3933,79.512,60.5733,87.5283,40.5258,52.8979,33.4986,99.8558,61.6191,73.991,64.1442,83.4798,4763.0,0.747137255,123474.0,117099.0,5.2,12.0,3052.0,1987.0,1348.0,714.0,634.0,324500,107913.0,24089.0,663.4,5299.0,18040.0,11055.0,6985.0,83824.0,22485.0,5251.9,13132.6,6554.0,17876.0,40.3,3.7,41.0,1331.0,172.0,252.0,535.0,372.0,1381.0,175.0,250.0,536.0,420.0,,114846.3156,36997.24124,446369.5579,770491.1562,1.56,775.0,3011.6,2434.6,280.6,58.9,57.1,624.3541,704.3583,574119.72,125.3700747,313.9,3.24730806,13.13926023,9.81,9.47,8.43,8.41,8.98,8.91,8.86,9.57,10.46,-0.34,-1.38,-1.4,-0.83,-0.9,-0.95,-0.24,0.65,113.0939025,1.729,137.8636,1.6307,1.1925,114.0,112.9,112.6,104.5,20.032,161.5,123.7,118.9,115.8,147.5,117.1,111.9,131.1,123.5,121.6,122.3,57.197,145.497,61.853,46.658,10.98,12.91,10.3,90.7,89427.0,172536.1,554.6924,17.435
6/1/1989,8028.717,7084.0,46.818,706202.533,147294.6358,61.6857,70.4364,68.6561,79.5328,59.86,87.9705,41.0629,52.669,33.4005,99.9322,61.7064,73.4431,64.9242,83.4007,4569.0,0.694693629,123995.0,117418.0,5.3,11.1,3303.0,2020.0,1300.0,687.0,613.0,333000,108027.0,24052.0,653.7,5298.0,18013.0,11027.0,6986.0,83975.0,22511.0,5246.8,13158.6,6560.0,17912.0,40.3,3.7,40.9,1397.0,171.0,238.0,526.0,462.0,1322.0,176.0,241.0,507.0,398.0,,117797.7008,39628.74665,449476.0695,776601.4921,1.580662252,773.5,3027.9,2439.9,283.7,59.6,58.1,624.2126,711.9676,575543.16,125.0582678,323.7,3.181958604,13.35906371,9.53,9.11,8.15,7.93,8.44,8.29,8.28,9.1,10.03,-0.42,-1.38,-1.6,-1.09,-1.24,-1.25,-0.43,0.5,115.8811083,1.7089,143.9809,1.553,1.1986,114.0,112.7,112.5,103.2,20.005,154.2,124.1,118.7,115.7,148.6,117.2,112.1,131.6,123.8,121.9,122.6,57.322,145.642,61.87,46.812,11.0,12.93,10.33,90.6,90561.0,173961.1,555.6909,16.7322
7/1/1989,8055.26,7108.6,46.957,698959.233,148031.0587,61.0896,69.4295,67.4989,77.7722,57.8505,86.4161,40.5208,52.4518,33.1887,99.1195,60.9719,72.2532,65.3459,82.203,4654.0,0.716551193,123967.0,117472.0,5.2,11.8,3173.0,1961.0,1435.0,814.0,621.0,341600,108069.0,24027.0,643.5,5317.0,17980.0,10989.0,6991.0,84042.0,22528.0,5246.4,13163.2,6567.0,17905.0,40.4,3.8,40.9,1427.0,194.0,288.0,524.0,421.0,1283.0,165.0,234.0,483.0,401.0,,115620.3724,41806.90591,453371.3698,780974.2918,1.601324503,777.8,3052.4,2451.7,285.7,60.3,59.6,630.8649,720.4389,576731.26,124.6043556,331.9,3.140494125,13.55120548,9.24,8.68,7.88,7.61,7.89,7.83,8.02,8.93,9.87,-0.56,-1.36,-1.63,-1.35,-1.41,-1.22,-0.31,0.63,112.5579287,1.6281,140.424,1.6268,1.1891,113.8,112.4,112.2,103.5,19.644,145.7,124.5,118.3,115.4,149.6,117.3,112.0,132.3,124.2,122.1,123.0,57.459,145.857,61.912,46.969,11.06,13.01,10.36,92.0,90638.0,174825.22,555.5421,18.0565
8/1/1989,8072.841,7120.2,47.408,716702.194,150346.9678,61.6847,70.2885,68.5311,79.1285,60.0486,87.2413,41.0942,52.7995,33.3462,99.2329,61.5414,72.7592,64.5331,82.756,4618.0,0.70926125,124166.0,117655.0,5.2,11.4,3090.0,2038.0,1302.0,742.0,560.0,334500,108120.0,24048.0,667.6,5330.0,17964.0,10983.0,6981.0,84072.0,22579.0,5254.0,13190.1,6571.0,17989.0,40.4,3.7,40.9,1332.0,144.0,239.0,568.0,381.0,1334.0,179.0,261.0,514.0,380.0,,114315.8564,35060.32273,450500.4457,782740.787,1.580662252,779.4,3074.4,2469.4,283.9,59.6,58.9,635.119,730.3948,577013.9,124.3805695,346.6,3.042902481,14.05264792,8.99,8.57,7.9,7.74,8.18,8.09,8.11,8.96,9.88,-0.42,-1.09,-1.25,-0.81,-0.9,-0.88,-0.03,0.89,113.3160316,1.6605,141.4852,1.5947,1.1758,113.4,111.7,111.8,101.2,18.522,145.1,124.5,117.1,114.5,150.6,117.0,111.9,132.8,124.3,122.1,123.0,57.466,145.801,61.544,47.104,11.08,13.0,10.39,89.6,91269.0,175299.58,555.3954,19.3234
9/1/1989,8095.196,7137.5,47.319,711680.669,150200.0856,61.4794,70.1168,68.2581,78.8462,59.9975,86.8365,40.9341,52.5679,33.2774,98.7924,61.3957,74.0349,65.0038,82.3396,4589.0,0.696358118,123944.0,117354.0,5.3,11.5,3214.0,1981.0,1360.0,761.0,599.0,336000,108369.0,24000.0,669.0,5323.0,17922.0,10945.0,6977.0,84369.0,22555.0,5240.6,13176.5,6577.0,18027.0,40.3,3.7,40.8,1279.0,165.0,247.0,494.0,373.0,1314.0,171.0,248.0,504.0,391.0,,117230.5608,34808.59325,451544.8516,781794.795,1.580662252,781.0,3092.5,2478.0,284.0,60.1,59.4,637.0275,739.0035,578645.11,124.1115136,347.3,3.072271811,13.99953536,9.02,8.7,7.75,7.74,8.22,8.17,8.19,9.01,9.91,-0.32,-1.27,-1.28,-0.8,-0.85,-0.83,-0.01,0.89,114.9213495,1.6866,145.07,1.5715,1.1828,114.0,112.5,112.1,102.5,19.594,148.1,124.8,118.7,113.9,151.8,117.2,111.9,133.1,124.5,122.4,123.2,57.594,145.916,61.58,47.257,11.1,13.03,10.41,95.8,91544.0,176195.31,554.7122,16.7465
10/1/1989,8134.089,7172.8,47.287,704809.868,148540.116,61.4014,69.8473,67.8712,79.0178,58.9277,87.6997,40.36,52.6626,33.1532,99.2417,61.246,73.6124,64.2184,81.9143,4706.0,0.709803922,124211.0,117581.0,5.3,11.9,3218.0,1992.0,1392.0,746.0,646.0,363250,108476.0,23997.0,669.1,5347.0,17895.0,10917.0,6978.0,84479.0,22535.0,5239.2,13143.3,6576.0,18033.0,40.4,3.7,40.8,1410.0,169.0,280.0,554.0,407.0,1365.0,167.0,277.0,500.0,421.0,,113126.0851,34486.93891,451294.0034,784777.5656,1.601324503,786.6,3114.1,2483.3,284.2,60.4,59.8,639.3536,745.1341,580619.79,123.457323,347.4,3.107858377,13.93791622,8.84,8.53,7.64,7.62,7.99,7.97,8.01,8.92,9.81,-0.31,-1.2,-1.22,-0.85,-0.87,-0.83,0.08,0.97,112.5488163,1.6302,142.2067,1.5874,1.1749,114.6,113.1,112.2,102.7,20.091,150.5,125.4,119.6,114.5,152.8,117.8,112.3,133.7,125.2,122.9,123.8,57.819,146.205,61.922,47.429,11.13,13.09,10.43,93.9,88088.0,177115.28,562.7848,21.9509
11/1/1989,8142.33,7175.1,47.31,711113.51,149838.9165,61.6081,70.1137,68.1281,79.3456,59.3403,87.9684,40.636,52.8118,33.1244,99.163,61.3817,73.9956,64.5382,81.8681,4529.0,0.673457249,124637.0,117912.0,5.4,11.7,3247.0,2035.0,1418.0,763.0,655.0,336750,108752.0,24009.0,671.9,5364.0,17886.0,10902.0,6984.0,84743.0,22551.0,5241.0,13141.8,6584.0,18057.0,40.3,3.6,40.7,1351.0,178.0,311.0,507.0,355.0,1344.0,169.0,269.0,489.0,417.0,,120565.6825,38062.42988,456710.6074,788590.4924,1.590993378,787.9,3133.3,2488.7,287.8,60.9,60.6,639.7143,752.7636,582671.95,123.4971599,340.2,3.210846561,13.64769672,8.55,8.35,7.69,7.49,7.77,7.81,7.87,8.89,9.81,-0.2,-0.86,-1.06,-0.78,-0.74,-0.68,0.34,1.26,112.1685815,1.6189,143.5343,1.5726,1.1697,114.8,113.2,112.0,103.5,19.82,144.4,125.9,120.0,114.4,154.1,118.1,112.7,134.3,125.5,123.3,124.2,57.945,146.56,61.922,47.574,11.17,13.16,10.44,90.9,87104.0,177110.02,566.7161,20.9323
12/1/1989,8149.087,7185.9,47.702,713463.857,150226.2427,61.9588,70.9239,69.2054,80.6216,59.9637,89.5649,41.2102,52.7449,32.9814,98.1255,61.404,82.9855,62.8443,81.6703,4674.0,0.701064947,124497.0,117830.0,5.4,11.6,3275.0,1987.0,1375.0,740.0,635.0,355200,108836.0,23949.0,672.1,5309.0,17881.0,10893.0,6988.0,84887.0,22503.0,5239.1,13070.7,6585.0,18075.0,40.0,3.5,40.5,1251.0,126.0,258.0,437.0,430.0,1422.0,169.0,233.0,526.0,494.0,,123247.1353,44220.47885,464591.8185,787161.8515,1.580662252,792.9,3152.5,2496.0,294.3,62.7,62.5,637.9449,759.9457,583382.34,123.188196,348.6,3.169822146,14.02548849,8.45,8.29,7.63,7.42,7.72,7.75,7.84,8.86,9.82,-0.16,-0.82,-1.03,-0.73,-0.7,-0.61,0.41,1.37,110.1908393,1.5686,143.685,1.5965,1.1613,115.5,114.1,112.2,105.1,21.088,135.1,126.3,119.8,114.7,154.9,118.4,113.1,134.9,126.0,123.7,124.6,58.113,146.243,62.052,47.782,11.21,13.25,10.49,90.5,84126.0,177985.05,570.4959,18.235
1/1/1990,8170.022,7184.9,47.94,707890.794,154932.508,61.6352,70.3538,68.1418,78.9231,56.6829,88.7844,40.8392,52.6478,32.9313,99.7045,61.3727,74.987,65.4198,81.4034,4615.0,0.683501185,125833.0,119081.0,5.4,11.8,3189.0,2091.0,1412.0,766.0,646.0,361000,109196.0,23981.0,675.5,5422.0,17797.0,10784.0,7013.0,85215.0,22692.0,5249.7,13251.7,6585.0,18151.0,40.4,3.9,40.5,1551.0,156.0,333.0,575.0,487.0,1748.0,193.0,462.0,656.0,437.0,,113793.8619,39286.11485,467717.406,788831.8169,1.580662252,795.4,3166.8,2483.8,293.1,62.9,62.5,635.7875,765.7269,584067.42,122.0927756,339.97,3.276759714,13.62934698,8.23,8.1,7.64,7.55,7.92,8.12,8.21,8.99,9.94,-0.13,-0.59,-0.68,-0.31,-0.11,-0.02,0.76,1.71,109.3567604,1.5175,144.9819,1.6512,1.172,117.7,116.9,113.7,106.7,22.641,133.8,127.5,119.9,117.0,156.0,120.2,113.3,135.4,127.0,125.1,125.8,58.553,146.695,63.209,47.966,11.27,13.32,10.52,93.0,83349.0,177461.19,579.3908,23.499
2/1/1990,8195.397,7210.5,47.698,718408.479,153733.3058,62.1951,70.9906,68.9914,79.897,60.1486,88.3708,41.5484,53.128,33.2554,100.5688,62.2025,68.1413,66.4294,82.2789,4416.0,0.663960307,125710.0,119059.0,5.3,11.6,3223.0,2066.0,1350.0,726.0,624.0,358250,109436.0,24069.0,675.6,5416.0,17893.0,10897.0,6996.0,85367.0,22672.0,5239.8,13226.6,6599.0,18177.0,40.1,3.9,40.6,1437.0,216.0,272.0,559.0,390.0,1329.0,183.0,281.0,455.0,410.0,,116791.333,36406.37621,467254.8152,789478.5665,1.56,798.1,3179.2,2483.8,287.7,60.6,59.1,636.5317,774.8041,582268.62,120.807631,330.45,3.398396126,13.31579726,8.24,8.14,7.74,7.7,8.11,8.42,8.47,9.22,10.14,-0.1,-0.5,-0.54,-0.13,0.18,0.23,0.98,1.9,109.4065827,1.4879,145.6932,1.6961,1.1965,117.6,116.7,112.8,106.8,22.108,128.1,128.0,122.0,117.2,157.1,120.7,113.4,136.0,127.4,125.7,126.3,58.811,147.391,63.635,48.125,11.35,13.35,10.64,89.5,81648.0,176974.8,588.866,23.3268
3/1/1990,8203.337,7216.8,47.859,722594.885,154321.8404,62.4916,71.5156,69.5854,80.4007,61.2557,88.534,42.2517,53.2146,33.6681,99.8539,62.5072,71.9389,63.1918,82.461,4398.0,0.666565626,125801.0,119203.0,5.2,11.7,3206.0,2101.0,1331.0,694.0,637.0,345200,109640.0,24021.0,675.0,5392.0,17868.0,10875.0,6993.0,85619.0,22673.0,5233.3,13225.1,6601.0,18294.0,40.2,4.0,40.6,1289.0,140.0,266.0,510.0,373.0,1246.0,150.0,250.0,459.0,387.0,,124015.5489,41580.81554,473246.5577,791206.4498,1.549668874,801.5,3190.1,2480.6,292.4,60.6,58.5,638.2437,781.7273,581158.72,120.0071696,338.46,3.344560657,13.73843267,8.28,8.28,7.9,7.85,8.35,8.6,8.59,9.37,10.21,0.0,-0.38,-0.43,0.07,0.32,0.31,1.09,1.93,111.6121344,1.5133,153.3082,1.6245,1.18,117.5,116.3,112.9,105.1,20.418,132.9,128.6,123.8,117.3,158.3,120.9,113.3,136.8,128.1,126.1,126.8,59.033,147.258,63.751,48.398,11.4,13.37,10.7,91.3,81006.0,176753.21,591.3955,18.8313
4/1/1990,8255.647,7262.7,47.95,714267.734,153194.0672,62.3511,71.1807,69.2272,80.0675,59.8669,88.7769,42.0032,53.2505,33.62,100.1021,62.2586,73.5151,63.3148,81.9214,4327.0,0.636604384,125649.0,118852.0,5.4,11.8,3269.0,2171.0,1376.0,727.0,649.0,361750,109674.0,23966.0,678.7,5355.0,17845.0,10854.0,6991.0,85708.0,22675.0,5235.4,13226.1,6611.0,18377.0,40.0,3.6,40.4,1248.0,128.0,288.0,475.0,357.0,1136.0,119.0,241.0,428.0,348.0,,117301.1006,37408.63247,475244.7591,794256.7913,1.580662252,806.1,3201.6,2483.8,297.4,62.5,60.9,640.9802,788.7682,578977.38,118.5505918,338.18,3.381838074,13.92221591,8.26,8.3,7.77,7.84,8.4,8.77,8.79,9.46,10.3,0.04,-0.49,-0.42,0.14,0.51,0.53,1.2,2.04,111.6065723,1.4866,158.4586,1.6372,1.1641,117.4,116.1,113.1,102.7,18.582,139.6,128.9,124.1,117.7,159.6,121.0,113.2,137.4,128.5,126.4,127.1,59.157,147.207,63.754,48.569,11.38,13.36,10.68,93.9,80804.0,177042.53,595.6256,20.4575
5/1/1990,8246.75,7252.9,47.916,720071.506,152885.2122,62.5353,71.4049,69.454,80.0021,60.3753,88.4086,42.604,53.3954,33.8594,99.8207,62.4485,74.1084,61.6145,81.9677,4227.0,0.626965292,125893.0,119151.0,5.4,11.7,3117.0,2269.0,1415.0,771.0,644.0,355250,109828.0,23887.0,683.0,5321.0,17796.0,10824.0,6972.0,85941.0,22667.0,5229.6,13213.4,6616.0,18599.0,40.1,3.9,40.6,1212.0,129.0,259.0,489.0,335.0,1067.0,126.0,219.0,410.0,312.0,,121194.8975,36483.29355,477579.6501,799633.5008,1.570331126,804.2,3200.6,2479.2,297.3,60.2,58.9,639.811,797.8429,576474.84,117.9005706,350.25,3.298586724,14.62106,8.18,8.25,7.74,7.76,8.32,8.74,8.76,9.47,10.41,0.07,-0.44,-0.42,0.14,0.56,0.58,1.29,2.23,110.0794789,1.4198,154.0441,1.6774,1.1747,117.5,116.3,113.1,103.1,18.237,138.4,129.1,124.0,117.5,160.8,121.0,113.2,137.9,128.7,126.6,127.3,59.29,147.278,63.768,48.74,11.42,13.39,10.74,90.6,80462.0,177736.85,599.7475,18.1518
6/1/1990,8260.44,7261.7,48.068,721932.799,154238.3389,62.7479,71.7627,69.9111,80.8748,61.2261,89.2733,42.6465,53.4741,34.0205,99.3974,62.6462,75.2555,63.6001,82.0333,4173.0,0.63323217,125573.0,118983.0,5.2,11.6,3151.0,2118.0,1436.0,796.0,640.0,362400,109850.0,23849.0,684.8,5303.0,17775.0,10807.0,6968.0,86001.0,22660.0,5236.4,13200.9,6626.0,18556.0,40.2,4.0,40.7,1177.0,109.0,234.0,538.0,296.0,1108.0,122.0,227.0,421.0,338.0,,118804.0686,36501.94018,477290.6501,798436.5313,1.56,808.8,3213.7,2474.0,301.7,61.2,60.3,641.3645,805.6091,577227.92,117.3394426,360.39,3.238158661,15.21914831,8.29,8.14,7.73,7.63,8.1,8.43,8.48,9.26,10.22,-0.15,-0.56,-0.66,-0.19,0.14,0.19,0.97,1.93,110.0650411,1.425,153.6957,1.7103,1.173,117.6,116.3,112.9,100.6,16.871,136.6,129.9,124.2,118.0,162.0,121.6,113.0,138.8,129.4,127.2,128.0,59.552,146.904,64.164,48.99,11.46,13.41,10.78,88.3,79834.0,180120.0,607.8024,17.5828
7/1/1990,8288.531,7289.9,48.166,718064.819,154765.505,62.6435,71.5336,69.6299,80.1866,59.4084,89.1996,42.8386,53.4833,33.9363,99.9912,62.5058,74.8089,64.0476,81.6697,4179.0,0.603727247,125732.0,118810.0,5.5,11.9,3221.0,2240.0,1534.0,846.0,688.0,367000,109815.0,23746.0,683.9,5274.0,17703.0,10761.0,6942.0,86069.0,22644.0,5235.1,13190.9,6631.0,18560.0,40.1,4.0,40.6,1171.0,121.0,234.0,487.0,329.0,1078.0,115.0,225.0,416.0,322.0,,121332.215,41396.68009,480135.8217,803494.6925,1.580662252,810.1,3224.5,2470.9,303.9,60.9,60.2,639.7963,814.2027,577301.24,116.6689382,360.03,3.257145238,15.42458304,8.15,7.99,7.62,7.52,7.94,8.33,8.47,9.24,10.2,-0.16,-0.53,-0.63,-0.21,0.18,0.32,1.09,2.05,107.0622151,1.3924,149.0395,1.8098,1.157,117.9,116.6,112.8,101.0,18.638,138.4,130.5,124.2,118.5,163.4,122.0,113.2,139.6,130.0,127.7,128.6,59.699,147.123,64.397,49.098,11.49,13.42,10.81,88.2,80303.0,183959.41,610.7383,18.9328
8/1/1990,8236.691,7242.0,48.181,725287.691,155529.0911,62.8704,71.6559,69.801,80.447,59.3434,89.6298,43.0833,53.7997,34.1597,99.9668,62.7337,74.1674,65.8786,81.801,4014.0,0.558430718,125990.0,118802.0,5.7,12.2,3320.0,2254.0,1607.0,877.0,730.0,384250,109606.0,23649.0,680.8,5234.0,17650.0,10709.0,6941.0,85957.0,22605.0,5238.1,13153.6,6633.0,18457.0,40.1,3.9,40.5,1115.0,122.0,243.0,430.0,320.0,1069.0,115.0,222.0,410.0,322.0,,117979.2232,35962.35337,478971.2376,807944.716,1.56,815.7,3242.0,2463.5,305.1,60.7,59.8,640.2745,819.1505,576343.66,116.4354149,330.75,3.562600151,14.26926562,8.13,7.88,7.45,7.38,7.78,8.44,8.75,9.41,10.41,-0.25,-0.68,-0.75,-0.35,0.31,0.62,1.28,2.28,104.351577,1.3076,147.4609,1.9013,1.1448,119.2,118.2,114.0,110.5,27.174,144.2,131.6,124.5,120.7,164.8,123.2,113.4,140.6,131.2,128.8,129.6,60.096,147.144,65.189,49.374,11.48,13.39,10.8,76.4,79514.0,184805.03,612.6726,27.7752
9/1/1990,8233.907,7231.3,48.158,711952.233,156043.1786,62.8839,71.8339,70.0805,80.989,59.5325,90.351,43.0819,53.6647,34.0215,99.6713,62.6242,77.8021,65.5016,81.5066,3859.0,0.523751357,125892.0,118524.0,5.9,12.4,3280.0,2374.0,1695.0,914.0,781.0,394000,109523.0,23572.0,681.8,5197.0,17609.0,10669.0,6940.0,85951.0,22594.0,5228.2,13145.6,6628.0,18437.0,40.1,3.9,40.5,1110.0,106.0,243.0,436.0,325.0,976.0,113.0,217.0,373.0,273.0,,118980.8884,39316.41563,481786.8415,811255.6879,1.570331126,820.2,3254.6,2456.3,308.0,61.4,60.8,639.3691,823.0651,575711.19,115.6371651,315.41,3.753844203,13.69054095,8.2,7.96,7.36,7.32,7.76,8.51,8.89,9.56,10.64,-0.24,-0.84,-0.88,-0.44,0.31,0.69,1.36,2.44,102.9830628,1.3069,138.4405,1.8794,1.1583,120.7,120.0,115.8,115.8,33.687,150.2,132.5,125.4,123.2,165.9,124.5,113.4,141.1,132.3,129.9,130.5,60.465,147.314,66.128,49.555,11.54,13.47,10.86,72.8,80375.0,186141.65,615.45,28.8189
10/1/1990,8167.115,7159.5,47.889,708898.944,156613.6045,62.4973,71.2779,69.4343,79.8884,57.5996,89.7316,42.9944,53.4384,33.6385,99.6211,62.2152,75.4621,63.7877,80.8379,3667.0,0.491620861,125995.0,118536.0,5.9,12.2,3347.0,2416.0,1689.0,911.0,778.0,425250,109377.0,23474.0,679.7,5134.0,17577.0,10645.0,6932.0,85903.0,22581.0,5216.9,13138.8,6623.0,18443.0,39.8,3.8,40.4,1014.0,141.0,231.0,387.0,255.0,925.0,113.0,194.0,361.0,257.0,,121090.4986,42566.75601,485145.155,813215.2427,1.570331126,819.9,3259.3,2443.3,308.8,61.0,60.6,637.518,829.098,576484.47,116.0745938,307.12,3.883400625,13.41627263,8.11,7.98,7.17,7.16,7.55,8.33,8.72,9.53,10.74,-0.13,-0.94,-0.95,-0.56,0.22,0.61,1.42,2.63,99.90378744,1.2818,129.5909,1.9456,1.16,121.9,121.5,117.4,125.8,35.922,152.2,133.4,125.4,125.6,167.3,125.8,113.8,141.6,133.2,131.0,131.4,60.811,147.745,66.873,49.749,11.57,13.48,10.92,63.9,80546.0,186950.17,616.5625,30.1304
11/1/1990,8168.212,7156.9,47.845,700518.922,156177.9883,61.7175,70.393,68.359,78.978,54.4626,90.0558,41.9674,52.7674,32.9888,99.5496,61.4716,73.1204,62.659,79.7507,3408.0,0.438948995,126070.0,118306.0,6.2,12.4,3442.0,2465.0,1831.0,998.0,833.0,446750,109222.0,23284.0,680.2,5095.0,17428.0,10523.0,6905.0,85938.0,22559.0,5209.5,13126.9,6614.0,18450.0,39.9,3.7,40.2,1145.0,156.0,250.0,479.0,260.0,941.0,108.0,202.0,378.0,253.0,,109882.1949,34831.90154,481974.7392,815242.3683,1.590993378,822.1,3262.6,2440.2,313.7,62.0,61.8,639.1886,834.4605,574368.55,115.4857847,315.29,3.810238193,13.90905247,7.81,7.91,7.06,7.03,7.31,8.02,8.39,9.3,10.62,0.1,-0.75,-0.78,-0.5,0.21,0.58,1.49,2.81,99.1387023,1.2569,129.2155,1.9642,1.1635,122.6,122.3,117.7,117.8,32.3,143.9,133.7,125.4,126.1,168.7,126.0,113.8,142.2,133.6,131.4,131.7,60.888,147.602,66.881,49.859,11.57,13.51,10.89,66.0,77183.0,187194.71,618.5714,25.1066
12/1/1990,8210.825,7186.8,47.67,693227.557,154883.212,61.2885,69.926,67.9036,78.3773,53.5263,89.6627,41.609,52.3802,32.5349,98.9697,60.9915,72.9423,61.084,79.021,3410.0,0.431590938,126142.0,118241.0,6.3,12.5,3462.0,2565.0,1804.0,973.0,831.0,455000,109168.0,23202.0,680.7,5047.0,17395.0,10504.0,6891.0,85966.0,22553.0,5206.7,13093.8,6602.0,18468.0,40.1,3.7,40.3,969.0,97.0,236.0,402.0,234.0,861.0,101.0,187.0,340.0,233.0,,114405.2068,43932.62153,485600.1154,811419.7885,1.601324503,824.7,3271.8,2438.0,315.3,59.1,58.8,642.0284,841.7655,569587.95,113.8242541,328.75,3.680608365,14.67239837,7.31,7.8,6.74,6.7,7.05,7.73,8.08,9.05,10.43,0.49,-0.57,-0.61,-0.26,0.42,0.77,1.74,3.12,100.7073339,1.2814,133.889,1.9219,1.1603,122.0,121.4,116.9,110.8,27.337,133.8,134.2,126.2,126.9,169.8,126.3,114.1,142.7,134.1,131.8,132.1,60.945,147.127,67.03,49.919,11.61,13.52,10.93,65.5,75844.0,187737.05,620.0398,22.5845
1/1/1991,8157.383,7117.2,47.241,688659.039,151423.4329,61.0842,69.7979,68.0084,78.761,53.6075,90.209,41.498,52.1096,32.1622,98.155,60.6102,76.2635,62.5449,78.4322,3167.0,0.395134124,125955.0,117940.0,6.4,12.2,3470.0,2630.0,1866.0,998.0,868.0,439750,109058.0,23061.0,679.6,4972.0,17330.0,10443.0,6887.0,85997.0,22483.0,5186.0,13067.4,6611.0,18474.0,39.9,3.7,40.2,798.0,76.0,138.0,345.0,239.0,786.0,92.0,180.0,297.0,217.0,,111052.215,38414.38498,485501.8745,816265.5841,1.632317881,827.2,3287.7,2440.8,309.6,50.9,50.4,636.1319,846.5324,567885.66,113.7956196,325.49,3.719530554,14.59946647,6.91,7.1,6.22,6.28,6.64,7.7,8.09,9.04,10.45,0.19,-0.69,-0.63,-0.27,0.79,1.18,2.13,3.54,100.6062693,1.2714,133.6986,1.9346,1.156,122.6,122.0,116.9,113.3,24.959,130.1,134.7,126.9,125.5,171.0,126.3,114.5,143.7,134.6,132.2,132.6,61.177,148.265,66.939,50.18,11.66,13.68,10.97,66.8,73174.0,186980.38,624.2134,26.9318
2/1/1991,8164.096,7116.1,47.533,692734.897,153901.3148,60.6387,69.1935,67.3883,78.0119,52.3349,89.7786,41.2,51.8171,31.9229,97.7119,60.1789,73.0792,64.4435,77.7899,3060.0,0.370235935,126020.0,117755.0,6.6,12.7,3585.0,2729.0,1955.0,1051.0,904.0,484000,108735.0,22901.0,679.0,4929.0,17213.0,10348.0,6865.0,85834.0,22379.0,5170.9,12994.0,6601.0,18482.0,39.8,3.6,40.1,965.0,85.0,266.0,386.0,228.0,853.0,96.0,196.0,341.0,220.0,,111645.6899,38197.61793,486709.3794,814257.7644,1.632317881,832.6,3304.5,2451.4,306.9,48.5,48.3,635.9164,851.8961,564742.31,113.0140101,362.26,3.343813835,16.3824791,6.25,6.49,5.94,5.93,6.27,7.47,7.85,8.83,10.07,0.24,-0.31,-0.32,0.02,1.22,1.6,2.58,3.82,99.13941236,1.2685,130.5358,1.9641,1.1549,121.8,120.8,115.9,104.1,20.523,127.7,134.8,127.3,123.9,172.1,125.9,115.1,144.4,134.7,132.2,132.6,61.208,149.027,66.555,50.293,11.65,13.63,10.97,70.4,70980.0,186627.73,628.6912,22.1126
3/1/1991,8176.58,7120.0,48.092,688729.934,154773.5534,60.2973,68.9384,67.3563,78.0475,52.5814,89.7043,41.1457,51.4014,31.5301,96.567,59.7217,74.9217,64.8817,77.1232,3000.0,0.34940601,126238.0,117652.0,6.8,12.9,3539.0,2930.0,2137.0,1186.0,951.0,498600,108568.0,22777.0,677.8,4881.0,17140.0,10291.0,6849.0,85791.0,22328.0,5161.7,12962.1,6602.0,18488.0,39.7,3.6,40.0,921.0,110.0,224.0,397.0,190.0,911.0,103.0,203.0,353.0,252.0,,104938.7659,36038.1053,485518.089,806187.8737,1.632317881,838.7,3321.9,2464.3,311.1,48.6,48.3,635.219,857.4415,561511.07,112.1720944,372.28,3.255614054,16.95290657,6.12,6.41,5.91,5.92,6.4,7.77,8.11,8.93,10.09,0.29,-0.21,-0.2,0.28,1.65,1.99,2.81,3.97,104.3498019,1.3918,137.3867,1.8214,1.1572,121.3,120.2,114.7,100.5,19.86,126.2,134.8,127.0,122.7,173.2,125.5,115.3,144.7,134.7,132.1,132.6,61.221,148.968,66.295,50.398,11.66,13.59,11.0,87.7,69684.0,186689.31,640.1515,19.041
4/1/1991,8208.244,7136.9,47.933,702300.908,156345.9973,60.4524,68.9709,67.2404,78.0426,53.74,89.0593,41.1499,51.6675,31.9193,97.1369,59.9789,73.8994,63.6366,77.3844,2986.0,0.353833393,126548.0,118109.0,6.7,13.5,3400.0,2801.0,2206.0,1227.0,979.0,467250,108350.0,22687.0,674.6,4842.0,17093.0,10269.0,6824.0,85663.0,22247.0,5154.5,12893.6,6583.0,18485.0,39.8,3.5,40.1,1001.0,96.0,244.0,403.0,258.0,916.0,108.0,208.0,364.0,236.0,,109419.4538,32759.79497,481860.2838,804064.2183,1.590993378,843.1,3332.4,2466.6,314.1,50.3,50.1,631.3454,860.6468,559075.06,111.0531871,379.68,3.194795617,17.38243687,5.91,6.07,5.65,5.71,6.24,7.7,8.04,8.86,9.94,0.16,-0.26,-0.2,0.33,1.79,2.13,2.95,4.03,106.3544078,1.4399,137.1127,1.7497,1.1535,121.3,120.2,114.2,100.2,20.823,125.3,135.1,127.5,122.5,174.3,126.0,115.5,144.9,134.9,132.4,132.9,61.332,149.255,66.508,50.459,11.72,13.69,11.05,81.8,69901.0,187414.38,643.8544,18.9272
5/1/1991,8209.444,7134.8,48.055,708061.422,156401.3296,61.0587,69.6947,68.0357,79.4006,54.6686,90.6184,41.4276,52.156,31.965,98.0982,60.3932,77.2374,64.9994,77.8491,2977.0,0.34077381,126176.0,117440.0,6.9,12.9,3621.0,2864.0,2252.0,1208.0,1044.0,447000,108253.0,22619.0,670.5,4800.0,17071.0,10249.0,6822.0,85634.0,22227.0,5148.2,12884.0,6566.0,18498.0,39.8,3.6,40.2,996.0,117.0,217.0,367.0,295.0,991.0,107.0,218.0,391.0,275.0,,112228.8189,32043.0652,479728.5511,800116.1497,1.570331126,848.8,3343.0,2465.3,314.3,49.1,48.8,627.7868,862.4262,556901.14,110.1487648,377.99,3.211725178,17.40156525,5.78,5.92,5.46,5.61,6.13,7.7,8.07,8.86,9.86,0.14,-0.32,-0.17,0.35,1.92,2.29,3.08,4.08,107.0796115,1.4574,138.2218,1.7238,1.1499,121.6,120.4,114.1,100.9,21.24,121.5,135.6,128.0,123.2,175.2,126.4,115.9,145.4,135.4,133.0,133.3,61.586,149.321,66.764,50.71,11.73,13.63,11.09,78.3,68937.0,188510.77,649.031,17.1804
6/1/1991,8252.295,7174.5,48.063,704890.376,156739.3598,61.5514,70.4025,68.7646,80.3705,56.0781,91.3125,41.8656,52.4413,32.4786,97.9946,60.9501,79.7732,65.5043,78.4948,3024.0,0.347906121,126331.0,117639.0,6.9,13.7,3428.0,2862.0,2533.0,1424.0,1109.0,428600,108330.0,22573.0,667.2,4782.0,17045.0,10213.0,6832.0,85757.0,22211.0,5146.0,12878.5,6560.0,18561.0,40.1,3.8,40.4,1036.0,136.0,246.0,407.0,247.0,964.0,109.0,218.0,378.0,259.0,,108612.4786,31861.26058,475184.6699,797683.599,1.570331126,856.7,3351.9,2464.6,318.1,50.4,50.1,626.1112,865.8271,553748.22,108.7743027,378.29,3.211821618,17.53909517,5.9,6.11,5.57,5.75,6.36,7.94,8.28,9.01,9.96,0.21,-0.33,-0.15,0.46,2.04,2.38,3.11,4.06,109.2134475,1.5297,139.7475,1.6497,1.1439,121.4,120.1,113.9,99.2,20.195,114.9,136.0,127.9,123.4,176.4,126.7,116.1,145.9,135.7,133.3,133.6,61.69,148.806,66.846,50.857,11.76,13.62,11.13,82.1,69589.0,188611.2,658.6552,17.575
7/1/1991,8233.054,7156.6,48.297,714091.097,157254.4534,61.7201,70.2814,68.7074,80.1801,57.0546,90.4728,42.1182,52.8791,32.8671,99.3353,61.2755,77.4522,65.0956,78.8377,2911.0,0.339040298,126154.0,117568.0,6.8,13.8,3422.0,2803.0,2388.0,1280.0,1108.0,418250,108290.0,22508.0,662.3,4752.0,17015.0,10196.0,6819.0,85782.0,22213.0,5144.2,12867.7,6548.0,18598.0,40.1,4.0,40.5,1063.0,106.0,240.0,439.0,278.0,973.0,111.0,225.0,391.0,246.0,,123688.2442,42600.55302,482299.0296,796708.648,1.56,861.6,3356.1,2464.1,320.0,50.7,50.1,623.1573,864.4079,550307.3,108.1791429,380.23,3.206822187,17.79903517,5.82,6.05,5.58,5.7,6.31,7.91,8.27,9.0,9.89,0.23,-0.24,-0.12,0.49,2.09,2.45,3.18,4.07,108.9791291,1.5481,137.83,1.6513,1.1493,121.1,119.6,113.6,99.4,21.42,114.5,136.2,128.7,123.3,177.4,126.6,116.5,146.5,136.1,133.5,133.8,61.787,149.735,66.596,51.004,11.79,13.63,11.17,82.9,69660.0,189495.04,667.8054,17.6695
8/1/1991,8248.575,7166.3,48.224,711082.268,156381.2088,61.7289,70.335,68.6105,80.1663,56.2233,90.9222,41.9325,52.8459,32.977,99.3038,61.3524,77.0276,65.1177,78.853,2867.0,0.330833141,126150.0,117484.0,6.9,13.9,3446.0,2752.0,2460.0,1292.0,1168.0,431600,108299.0,22494.0,655.9,4733.0,17026.0,10180.0,6846.0,85805.0,22208.0,5139.3,12863.0,6542.0,18567.0,40.1,3.9,40.6,1049.0,120.0,238.0,429.0,262.0,944.0,114.0,217.0,375.0,238.0,,116962.5096,35124.42052,482944.7491,796312.8759,1.56,866.8,3355.0,2456.1,320.1,50.6,49.8,618.3468,863.6278,546129.18,106.9080691,389.4,3.142449923,18.42888465,5.66,5.72,5.33,5.39,5.78,7.43,7.9,8.75,9.65,0.06,-0.33,-0.27,0.12,1.77,2.24,3.09,3.99,107.5802008,1.5201,136.8164,1.6841,1.1452,121.3,119.9,113.8,99.1,21.688,113.6,136.6,129.9,124.0,178.8,126.8,116.4,146.9,136.6,133.9,134.1,61.931,149.466,66.802,51.148,11.79,13.63,11.18,82.0,70901.0,190444.82,674.5739,15.9327
9/1/1991,8273.586,7185.1,48.247,714123.541,156530.103,62.2369,71.0933,69.5026,81.3306,58.5358,91.4065,42.5354,53.1122,33.3906,99.7488,61.9744,78.1866,64.8845,79.558,2901.0,0.3326072,126650.0,117928.0,6.9,14.0,3478.0,2734.0,2497.0,1306.0,1191.0,424500,108335.0,22467.0,649.4,4728.0,17010.0,10161.0,6849.0,85868.0,22185.0,5138.8,12851.3,6534.0,18543.0,40.2,3.9,40.6,1015.0,104.0,243.0,425.0,243.0,974.0,109.0,213.0,409.0,243.0,,113918.0119,34221.22446,479636.0329,799314.9525,1.56,869.7,3354.9,2448.8,321.8,51.1,50.5,620.4959,864.191,542077.11,105.4317048,387.2,3.171487603,18.54225396,5.45,5.57,5.22,5.25,5.57,7.14,7.65,8.61,9.51,0.12,-0.23,-0.2,0.12,1.69,2.2,3.16,4.06,105.4983172,1.4803,134.2995,1.7265,1.137,121.5,120.1,114.0,98.4,21.857,114.7,137.0,130.0,124.1,179.9,127.0,116.5,147.6,137.1,134.3,134.5,62.144,149.838,66.903,51.375,11.82,13.65,11.21,83.0,67959.0,188516.02,686.0677,17.029
10/1/1991,8284.054,7169.7,48.053,714844.506,155518.0246,62.1718,70.8484,69.2878,81.1423,58.2877,91.2581,42.2489,53.2172,33.2984,100.4646,61.9127,76.4323,63.5985,79.3727,2770.0,0.313277539,126642.0,117800.0,7.0,14.4,3473.0,2779.0,2638.0,1403.0,1235.0,422750,108361.0,22419.0,643.3,4698.0,16999.0,10141.0,6858.0,85942.0,22163.0,5133.0,12836.7,6532.0,18593.0,40.2,3.9,40.6,1079.0,122.0,232.0,462.0,263.0,991.0,122.0,229.0,384.0,256.0,,115134.118,34866.86396,476138.4653,800647.0636,1.56,878.0,3360.1,2449.1,323.1,51.6,51.3,620.9588,865.76,537268.74,104.1682804,386.88,3.167209471,18.85030348,5.21,5.35,4.99,5.04,5.33,6.87,7.53,8.55,9.49,0.14,-0.22,-0.17,0.12,1.66,2.32,3.34,4.28,104.4538251,1.4781,130.7723,1.7231,1.1279,121.9,120.5,114.0,100.8,23.228,114.6,137.2,130.1,123.9,180.9,127.0,116.5,148.0,137.4,134.4,134.7,62.26,150.107,66.85,51.528,11.84,13.65,11.25,78.3,67423.0,188196.08,701.1372,16.8463
11/1/1991,8296.928,7186.3,48.28,712530.207,156332.9188,62.0894,70.9334,69.3141,81.2636,58.4604,91.3473,42.2349,52.9781,33.3427,99.4708,61.7818,80.5837,63.9905,79.0864,2815.0,0.315194267,126701.0,117770.0,7.0,14.8,3460.0,2781.0,2718.0,1342.0,1376.0,445400,108300.0,22316.0,636.8,4640.0,16961.0,10101.0,6860.0,85984.0,22145.0,5128.9,12822.1,6533.0,18627.0,40.2,3.9,40.7,1103.0,121.0,228.0,472.0,282.0,984.0,122.0,221.0,398.0,243.0,,117154.3778,39413.14501,475084.5214,801313.1192,1.56,887.6,3365.5,2442.3,328.4,53.1,52.9,618.4141,867.2346,535497.7,103.4378405,385.92,3.168195481,19.1402134,4.81,4.98,4.56,4.61,4.89,6.62,7.42,8.48,9.45,0.17,-0.25,-0.2,0.08,1.81,2.61,3.67,4.64,102.6031829,1.4348,129.6321,1.7796,1.1302,122.4,121.0,114.1,100.7,22.465,113.1,137.8,131.0,124.5,181.9,127.6,116.7,148.5,138.0,135.0,135.3,62.397,150.303,67.158,51.598,11.85,13.66,11.26,69.1,66257.0,186626.81,714.6998,17.6815
12/1/1991,8365.723,7232.8,48.363,703459.259,156202.1333,61.806,70.3856,68.6345,80.2263,57.9485,90.0521,42.1652,52.948,33.3224,100.0876,61.6206,75.8935,64.9038,78.7498,2836.0,0.308327897,126664.0,117466.0,7.3,15.4,3473.0,2813.0,2892.0,1388.0,1504.0,456750,108330.0,22274.0,631.8,4647.0,16917.0,10060.0,6857.0,86056.0,22142.0,5125.7,12823.8,6529.0,18641.0,40.3,3.9,40.6,1079.0,141.0,246.0,447.0,245.0,1061.0,113.0,240.0,432.0,276.0,,109485.291,31580.39574,472893.6535,805647.3069,1.590993378,897.0,3372.2,2440.1,335.4,55.5,55.4,618.8362,868.1897,534260.42,102.0944812,388.51,3.140202311,19.70494618,4.43,4.61,4.07,4.1,4.38,6.19,7.09,8.31,9.26,0.18,-0.36,-0.33,-0.05,1.76,2.66,3.88,4.83,101.196444,1.3855,128.0395,1.8272,1.1467,122.3,120.8,114.0,98.2,19.517,109.9,138.2,130.7,125.1,183.1,127.9,116.8,149.2,138.5,135.3,135.7,62.553,149.594,67.304,51.806,11.88,13.73,11.27,68.2,65081.0,189012.92,726.5253,18.0185
1/1/1992,8405.155,7251.5,49.068,717085.507,159177.0,61.4823,69.7698,67.8397,79.4671,55.4474,90.2644,41.4542,52.9044,33.1486,100.1544,61.2795,73.3983,64.6359,78.1497,2696.0,0.290423355,127261.0,117978.0,7.3,16.1,3398.0,2826.0,3060.0,1437.0,1623.0,439000,108365.0,22213.0,627.8,4667.0,16839.0,9992.0,6847.0,86152.0,22104.0,5114.1,12813.0,6520.0,18688.0,40.2,3.9,40.6,1176.0,151.0,291.0,454.0,280.0,1077.0,127.0,263.0,422.0,265.0,,114222.7438,36568.36879,471297.0,800927.0,1.56,910.4,3381.2,2444.8,333.1,55.8,55.6,613.5738,870.9625,533596.22,101.3516601,416.08,2.941741973,21.62325811,4.03,4.07,3.8,3.87,4.15,6.24,7.03,8.2,9.13,0.04,-0.23,-0.16,0.12,2.21,3.0,4.17,5.1,101.3087512,1.4039,125.4614,1.809,1.1571,122.0,120.4,113.4,97.2,18.82,104.9,138.3,130.9,124.6,184.3,127.6,117.1,149.6,138.6,135.3,135.7,62.638,149.841,67.106,51.965,11.87,13.74,11.24,67.5,64104.0,188936.99,735.9989,17.4995
2/1/1992,8444.994,7290.1,49.123,718889.123,159189.0,61.9192,70.4258,68.6473,80.2867,57.8121,90.2257,42.3126,53.1287,33.7536,99.689,61.8223,75.3467,63.6064,78.6694,2804.0,0.296594034,127207.0,117753.0,7.4,16.7,3277.0,2953.0,3182.0,1478.0,1704.0,442200,108313.0,22141.0,623.7,4612.0,16828.0,9989.0,6839.0,86172.0,22107.0,5111.1,12820.1,6524.0,18689.0,40.3,3.9,40.7,1250.0,140.0,317.0,497.0,296.0,1146.0,129.0,311.0,432.0,274.0,86445.0,114535.0,35981.0,468468.0,802413.0,1.56,925.2,3400.0,2453.1,331.2,55.2,55.1,609.6743,873.5003,533158.25,100.5351957,412.56,2.976536746,21.90245685,4.06,4.11,3.84,3.93,4.29,6.58,7.34,8.29,9.23,0.05,-0.22,-0.13,0.23,2.52,3.28,4.23,5.17,103.3984455,1.4561,127.6989,1.7778,1.1825,122.3,120.8,113.8,98.6,18.995,109.8,138.6,131.0,124.5,185.6,127.8,117.3,149.9,138.9,135.6,135.9,62.797,150.119,67.191,52.129,11.89,13.67,11.3,68.8,64066.0,189752.08,744.1699,17.0505
3/1/1992,8457.388,7294.4,49.213,721782.597,158647.0,62.4403,71.0155,69.2529,81.0021,58.9931,90.6703,42.7988,53.5789,34.1766,101.0926,62.4607,74.6914,63.8804,79.295,2944.0,0.311205074,127604.0,118144.0,7.4,17.1,3412.0,2801.0,3196.0,1425.0,1771.0,429500,108367.0,22126.0,621.5,4621.0,16805.0,9969.0,6836.0,86241.0,22107.0,5108.4,12817.8,6523.0,18715.0,40.2,4.0,40.7,1297.0,137.0,328.0,528.0,304.0,1082.0,123.0,265.0,445.0,249.0,90386.0,120025.0,39492.0,466222.0,806267.0,1.53,936.7,3403.9,2447.1,335.6,56.3,56.2,607.3438,874.793,532686.41,100.0575548,407.36,3.024351925,22.05397019,3.98,4.3,4.04,4.18,4.63,6.95,7.54,8.35,9.25,0.32,0.06,0.2,0.65,2.97,3.56,4.37,5.27,106.0469536,1.5094,132.8627,1.7238,1.1928,122.4,120.8,113.9,97.1,18.916,111.9,139.1,131.3,125.0,186.8,128.2,117.8,150.4,139.3,136.0,136.3,62.949,150.024,67.363,52.284,11.92,13.76,11.32,76.0,62992.0,190887.95,749.539,16.2227
4/1/1992,8487.783,7313.2,49.254,726592.639,159921.0,62.9199,71.5453,69.7742,81.7607,60.0895,91.2275,43.2045,54.0054,34.4015,101.2835,62.8011,77.9062,64.2818,79.5295,2840.0,0.301646309,127841.0,118426.0,7.4,17.4,3296.0,2821.0,3130.0,1380.0,1750.0,418250,108517.0,22131.0,618.4,4603.0,16830.0,9976.0,6854.0,86386.0,22115.0,5096.8,12834.6,6534.0,18739.0,40.5,4.2,40.8,1099.0,123.0,237.0,476.0,263.0,1054.0,118.0,243.0,425.0,268.0,90535.0,124470.0,39905.0,467127.0,808718.0,1.53,943.8,3399.7,2438.8,333.1,50.4,50.4,604.4206,881.1778,529828.9,98.89664763,407.41,3.023980756,22.5768103,3.73,4.04,3.75,3.87,4.3,6.78,7.48,8.33,9.21,0.31,0.02,0.14,0.57,3.05,3.75,4.6,5.48,105.6244704,1.5194,133.5395,1.7566,1.1874,122.5,120.9,114.1,98.1,20.243,112.7,139.4,130.7,125.6,187.9,128.3,118.1,150.9,139.7,136.4,136.6,63.119,150.32,67.39,52.481,11.96,13.77,11.36,77.2,64280.0,190911.8,756.0017,16.1885
5/1/1992,8531.932,7352.4,49.509,720270.973,160471.0,63.1268,71.9413,70.1855,82.2969,61.9726,91.0328,43.5496,54.0303,34.7735,100.7913,63.1713,76.051,63.7292,79.7916,2934.0,0.301108374,128119.0,118375.0,7.6,17.8,3417.0,2788.0,3444.0,1460.0,1984.0,417400,108647.0,22135.0,615.8,4605.0,16835.0,9979.0,6856.0,86512.0,22103.0,5086.0,12836.8,6545.0,18753.0,40.4,4.1,40.9,1214.0,124.0,299.0,501.0,290.0,1056.0,125.0,258.0,419.0,254.0,92615.0,125822.0,40883.0,468021.0,808186.0,1.52,950.6,3398.6,2432.8,334.5,48.8,48.7,602.2525,881.7481,528916.1,98.08547215,414.81,2.970034474,23.44415741,3.82,3.88,3.63,3.75,4.19,6.69,7.39,8.28,9.13,0.06,-0.19,-0.07,0.37,2.87,3.57,4.46,5.31,104.3250683,1.4907,130.771,1.8095,1.1991,122.9,121.4,114.5,100.3,20.94,112.5,139.7,131.6,125.9,188.7,128.6,118.3,151.3,140.1,136.7,136.9,63.203,150.61,67.482,52.543,11.97,13.77,11.39,79.2,62212.0,190975.14,765.603,14.728
6/1/1992,8566.719,7384.2,49.643,727863.941,161205.0,63.1624,71.7638,69.9644,81.8938,61.1178,90.8779,43.6521,54.2683,34.8531,101.8968,63.3802,73.0509,63.4837,79.8426,2898.0,0.288645418,128459.0,118419.0,7.8,18.2,3518.0,2809.0,3758.0,1608.0,2150.0,418750,108707.0,22098.0,609.4,4584.0,16826.0,9966.0,6860.0,86609.0,22107.0,5078.8,12843.6,6554.0,18762.0,40.3,4.1,40.8,1145.0,115.0,276.0,462.0,292.0,1057.0,122.0,242.0,437.0,256.0,93632.0,122834.0,39395.0,465647.0,813573.0,1.52,954.3,3393.4,2422.1,337.1,49.5,49.3,600.7283,879.3502,526568.68,97.08124631,408.27,3.017610895,23.39893754,3.76,3.92,3.66,3.77,4.17,6.48,7.26,8.22,9.05,0.16,-0.1,0.01,0.41,2.72,3.5,4.46,5.29,102.0301679,1.425,126.8355,1.8551,1.196,123.4,121.9,115.1,101.6,22.375,113.9,140.1,132.1,126.4,189.6,129.1,118.5,151.7,140.6,137.1,137.3,63.315,150.282,67.792,52.619,12.01,13.88,11.41,80.4,63021.0,192729.46,774.6209,14.7531
7/1/1992,8559.118,7373.5,49.808,737611.395,162855.0,63.7348,72.4956,70.772,82.9831,62.7429,91.6587,44.0993,54.6825,35.245,101.9308,63.9549,73.7537,63.6931,80.3514,2878.0,0.292182741,128563.0,118713.0,7.7,18.1,3438.0,2832.0,3614.0,1490.0,2124.0,442750,108792.0,22075.0,606.3,4570.0,16820.0,9947.0,6873.0,86717.0,22067.0,5060.1,12824.9,6552.0,18817.0,40.3,4.1,40.8,1139.0,123.0,270.0,472.0,274.0,1089.0,129.0,252.0,441.0,267.0,93275.0,122590.0,38982.0,461351.0,817069.0,1.51,963.3,3393.9,2415.6,340.4,49.8,49.5,599.2521,878.5315,527250.56,96.97275386,415.05,2.973930852,24.07703641,3.25,3.44,3.21,3.28,3.6,5.84,6.84,8.07,8.84,0.19,-0.04,0.03,0.35,2.59,3.59,4.82,5.59,99.64745729,1.3347,125.8817,1.9177,1.1924,123.3,121.9,115.2,101.6,21.759,116.4,140.5,132.7,126.9,190.6,129.3,118.7,152.2,141.0,137.5,137.6,63.524,150.497,67.942,52.834,12.0,13.78,11.43,76.6,63616.0,192845.21,785.5428,13.3036
8/1/1992,8591.676,7401.0,49.932,725877.682,162412.0,63.3802,72.4037,70.6756,82.9903,62.1863,91.962,43.8792,54.0813,35.0678,100.4963,63.6355,74.7604,60.6903,79.7392,2946.0,0.301011546,128613.0,118826.0,7.6,18.0,3436.0,2840.0,3579.0,1506.0,2073.0,407200,108916.0,22044.0,603.2,4581.0,16782.0,9930.0,6852.0,86872.0,22051.0,5051.7,12811.3,6564.0,18883.0,40.3,4.1,40.8,1226.0,111.0,325.0,478.0,312.0,1075.0,124.0,254.0,425.0,272.0,90941.0,120411.0,37515.0,456633.0,819296.0,1.53,973.7,3398.8,2413.9,342.7,50.2,49.9,597.2831,880.1276,527743.3,96.56608296,417.93,2.959036202,24.41782704,3.3,3.38,3.13,3.21,3.47,5.6,6.59,7.95,8.65,0.08,-0.17,-0.09,0.17,2.3,3.29,4.65,5.35,98.70793511,1.2966,126.231,1.9434,1.1907,123.4,121.9,115.1,100.7,21.35,119.6,140.8,132.3,127.0,191.5,129.6,118.9,152.6,141.3,137.9,138.0,63.609,150.609,68.072,52.899,12.04,13.84,11.46,76.1,63811.0,195219.0,796.928,14.4223
9/1/1992,8558.368,7363.9,50.257,735969.997,164361.0,63.5834,72.3726,70.5526,82.6428,61.9767,91.5507,44.0667,54.506,35.0475,101.8134,63.7329,74.317,62.4504,79.6562,2855.0,0.291892445,128501.0,118720.0,7.6,18.1,3428.0,2882.0,3504.0,1393.0,2111.0,417000,108952.0,22019.0,596.9,4584.0,16760.0,9913.0,6847.0,86933.0,22046.0,5041.5,12809.5,6580.0,18829.0,40.2,4.0,40.7,1186.0,125.0,265.0,522.0,274.0,1114.0,127.0,262.0,447.0,278.0,93406.0,120711.0,38806.0,453470.0,820056.0,1.51,988.0,3410.3,2416.9,346.9,51.5,51.3,598.3956,882.8124,527021.95,96.65161935,418.48,2.960714968,24.52367042,3.22,3.24,2.91,2.96,3.18,5.38,6.42,7.92,8.62,0.02,-0.31,-0.26,-0.04,2.16,3.2,4.7,5.4,99.53751698,1.278,122.5967,1.8465,1.2225,123.7,122.3,115.3,102.8,21.902,117.7,141.1,132.2,127.0,192.4,129.9,119.1,152.9,141.5,138.2,138.2,63.713,150.477,68.11,53.034,12.02,13.75,11.45,75.6,63449.0,196172.08,801.9465,14.2585
10/1/1992,8515.933,7321.0,50.426,738948.786,166063.0,64.0178,72.9435,71.2762,83.7495,63.3191,92.5091,44.2325,54.8051,35.4932,101.4041,64.1011,78.0251,65.0152,79.9183,2910.0,0.309640349,128026.0,118628.0,7.3,18.9,3356.0,2630.0,3505.0,1311.0,2194.0,377800,109138.0,22029.0,599.1,4600.0,16751.0,9898.0,6853.0,87109.0,22064.0,5042.5,12827.4,6588.0,18828.0,40.3,4.1,40.8,1244.0,129.0,307.0,519.0,289.0,1132.0,116.0,254.0,485.0,277.0,91483.0,127392.0,39461.0,455872.0,820439.0,1.51,1003.7,3423.8,2416.2,349.8,53.1,53.0,596.8324,885.7677,524348.35,96.30082279,412.5,3.002836364,24.12481391,3.1,3.33,2.86,3.04,3.3,5.6,6.59,7.99,8.84,0.23,-0.24,-0.06,0.2,2.5,3.49,4.89,5.74,102.035375,1.3176,121.1652,1.6529,1.2453,124.2,122.8,115.3,102.8,21.688,113.8,141.7,132.5,128.1,193.5,130.2,119.4,153.7,142.2,138.7,138.7,63.938,150.77,68.162,53.297,12.06,13.85,11.47,73.3,63139.0,195668.84,808.3098,17.4786
11/1/1992,8534.33,7353.6,50.512,740208.073,166124.0,64.2628,73.128,71.5003,83.8827,63.858,92.4278,44.5555,55.1055,35.7219,101.8594,64.3339,78.0522,64.014,80.019,3008.0,0.314479875,128441.0,118876.0,7.4,17.9,3317.0,2923.0,3397.0,1405.0,1992.0,362250,109283.0,22041.0,597.8,4606.0,16758.0,9904.0,6854.0,87242.0,22069.0,5039.7,12834.0,6600.0,18841.0,40.3,4.1,40.9,1214.0,113.0,267.0,519.0,315.0,1118.0,134.0,260.0,448.0,276.0,93794.0,122374.0,37558.0,451965.0,822786.0,1.51,1015.7,3426.5,2411.3,355.9,54.7,54.6,596.8948,887.1157,527238.23,96.43308154,422.84,2.928601835,24.6184279,3.09,3.66,3.13,3.34,3.68,6.04,6.87,8.1,8.96,0.57,0.04,0.25,0.59,2.95,3.78,5.01,5.87,106.4198513,1.4291,123.88,1.5268,1.2674,124.1,122.6,115.1,102.5,20.342,109.3,142.1,132.7,128.7,194.5,130.3,119.8,154.3,142.7,139.1,139.1,64.064,151.034,68.198,53.435,12.08,13.88,11.49,85.3,62461.0,197541.86,816.8308,14.594
12/1/1992,8845.712,7655.0,50.845,751730.303,167691.0,64.3599,73.3771,71.7068,83.9164,64.5179,92.1347,44.9635,55.0555,35.6184,101.3449,64.3,81.0101,63.272,79.8,3011.0,0.315057026,128554.0,118997.0,7.4,19.0,3189.0,2759.0,3651.0,1595.0,2056.0,339000,109502.0,22076.0,597.3,4630.0,16770.0,9907.0,6863.0,87426.0,22086.0,5030.9,12842.3,6617.0,18878.0,40.3,4.1,40.9,1227.0,155.0,277.0,531.0,264.0,1176.0,129.0,280.0,478.0,289.0,93373.0,126080.0,40522.0,450897.0,828308.0,1.51,1024.9,3424.7,2406.7,361.9,56.6,56.5,596.9202,887.8645,527669.02,92.95184259,435.64,2.841795978,25.18023355,2.92,3.67,3.22,3.36,3.71,6.08,6.77,7.98,8.81,0.75,0.3,0.44,0.79,3.16,3.85,5.06,5.89,106.7367728,1.4219,124.0409,1.551,1.2725,124.2,122.7,115.1,101.3,19.407,109.1,142.3,132.8,128.9,195.3,130.5,119.8,154.7,143.0,139.4,139.3,64.176,150.486,68.356,53.571,12.1,13.9,11.51,91.0,62008.0,198832.12,825.2045,12.7813
1/1/1993,8602.353,7390.7,50.772,753613.224,169500.0,64.6135,73.6643,72.0439,84.3786,65.4604,92.3372,45.1257,55.2742,36.1547,102.1474,64.904,76.1549,63.3558,80.3854,2941.0,0.31538874,128400.0,119075.0,7.3,18.3,3299.0,2649.0,3346.0,1380.0,1966.0,345600,109790.0,22131.0,598.0,4664.0,16790.0,9922.0,6868.0,87659.0,22147.0,5033.9,12882.1,6634.0,18901.0,40.5,4.3,41.1,1210.0,130.0,303.0,556.0,221.0,1177.0,142.0,281.0,485.0,269.0,95293.0,121637.0,37310.0,445479.0,828939.0,1.5,1030.4,3419.1,2394.3,360.6,56.0,55.9,595.4533,886.0977,528330.62,95.46820983,435.23,2.852124164,24.7167488,3.02,3.25,3.0,3.14,3.5,5.83,6.6,7.91,8.67,0.23,-0.02,0.12,0.48,2.81,3.58,4.89,5.65,108.2857596,1.4774,124.9932,1.5325,1.2779,124.4,122.9,115.4,101.7,19.075,109.0,142.8,132.8,129.2,196.4,130.7,119.8,155.3,143.4,139.7,139.7,64.332,150.808,68.336,53.763,12.12,13.9,11.55,89.3,61775.0,197275.71,824.1041,12.584
2/1/1993,8642.143,7432.5,50.866,752647.131,168840.0,64.9262,73.8754,72.0897,84.4878,65.2056,92.634,45.1918,55.6813,36.437,102.2882,65.0904,78.1512,64.0491,80.4627,3053.0,0.332462158,128458.0,119275.0,7.1,18.2,3461.0,2580.0,3190.0,1283.0,1907.0,338250,110048.0,22188.0,588.8,4714.0,16804.0,9926.0,6878.0,87860.0,22196.0,5030.9,12932.4,6646.0,18902.0,40.6,4.4,41.1,1210.0,125.0,295.0,533.0,257.0,1148.0,143.0,267.0,486.0,252.0,94405.0,128854.0,41449.0,445929.0,830856.0,1.5,1033.5,3414.5,2386.1,359.5,53.9,53.8,593.4074,886.9966,530527.68,95.28155172,441.7,2.817908082,24.67304627,3.03,3.18,2.93,3.07,3.39,5.43,6.26,7.71,8.39,0.15,-0.1,0.04,0.36,2.4,3.23,4.68,5.36,108.2662331,1.5178,120.7595,1.4395,1.2602,124.7,123.2,115.9,101.2,20.053,108.6,143.1,134.0,129.6,197.4,131.1,119.8,155.6,143.7,140.1,140.0,64.429,150.648,68.536,53.842,12.15,13.91,11.57,86.6,58806.0,197134.51,833.7173,13.6247
3/1/1993,8619.726,7403.9,50.728,747888.758,167682.0,64.8627,73.9282,72.0824,84.5282,65.5795,92.501,45.2921,55.5063,36.4342,101.7842,64.9658,81.8322,62.7615,80.1653,3034.0,0.335026502,128598.0,119542.0,7.0,17.6,3260.0,2666.0,3115.0,1309.0,1806.0,351000,110004.0,22142.0,591.0,4676.0,16795.0,9915.0,6880.0,87862.0,22181.0,5026.7,12919.9,6655.0,18907.0,40.3,4.2,40.8,1083.0,93.0,246.0,459.0,285.0,1056.0,108.0,253.0,423.0,272.0,95172.0,126762.0,38065.0,443831.0,837436.0,1.52,1038.4,3411.7,2380.8,362.7,54.3,54.2,591.3007,889.9666,528765.89,95.01633244,450.16,2.77234761,24.71939349,3.07,3.17,2.95,3.05,3.33,5.19,5.98,7.58,8.15,0.1,-0.12,-0.02,0.26,2.12,2.91,4.51,5.08,107.0270673,1.5206,117.0174,1.4617,1.2471,125.0,123.4,116.3,101.7,20.347,107.4,143.3,134.0,129.4,198.1,131.1,120.1,156.0,144.0,140.3,140.2,64.561,150.604,68.454,54.045,12.18,13.99,11.58,85.9,58381.0,196739.56,847.4126,13.693
4/1/1993,8684.645,7473.1,51.07,751753.133,172102.0,65.0423,74.0546,72.2446,84.5873,65.891,92.4285,45.5886,55.7352,36.609,102.8714,65.2678,80.7846,62.7816,80.4026,3034.0,0.333040615,128584.0,119474.0,7.1,17.6,3350.0,2620.0,3014.0,1381.0,1633.0,354750,110300.0,22131.0,589.9,4690.0,16772.0,9896.0,6876.0,88169.0,22209.0,5033.1,12939.9,6680.0,18938.0,40.8,4.7,41.3,1258.0,119.0,258.0,563.0,318.0,1104.0,117.0,240.0,475.0,272.0,93573.0,127395.0,39994.0,442604.0,839070.0,1.51,1047.6,3411.3,2372.3,368.8,56.5,56.5,585.5795,892.7348,532780.81,94.77050233,443.08,2.819648822,23.91823244,2.96,3.14,2.87,2.97,3.24,5.13,5.97,7.46,8.14,0.18,-0.09,0.01,0.28,2.17,3.01,4.5,5.18,104.4481446,1.4599,112.4114,1.5447,1.2621,125.7,124.3,116.6,103.2,20.27,104.4,143.8,134.0,129.6,199.1,131.4,120.4,156.7,144.5,140.7,140.7,64.733,151.398,68.454,54.218,12.22,13.99,11.63,85.6,59020.0,197913.58,857.3144,13.4566
5/1/1993,8682.682,7476.3,51.248,752943.928,172960.0,64.8006,73.7823,71.8893,83.9902,65.973,91.4934,45.6487,55.5253,36.6548,101.936,65.1954,74.5696,62.9263,80.1821,3161.0,0.345502241,129264.0,120115.0,7.1,17.5,3363.0,2617.0,3101.0,1325.0,1776.0,343600,110571.0,22190.0,590.9,4753.0,16766.0,9885.0,6881.0,88381.0,22257.0,5044.8,12961.9,6703.0,18951.0,40.6,4.3,41.1,1260.0,117.0,301.0,555.0,287.0,1112.0,128.0,257.0,458.0,269.0,94469.0,126529.0,39297.0,438750.0,839878.0,1.49,1065.9,3436.9,2383.4,370.8,56.1,56.0,588.0061,898.1318,531288.42,94.23516203,445.25,2.808916339,23.7187547,3.0,3.14,2.96,3.07,3.36,5.2,6.04,7.43,8.21,0.14,-0.04,0.07,0.36,2.2,3.04,4.43,5.21,104.0591524,1.4504,110.343,1.5477,1.2698,125.7,124.4,116.3,105.6,19.94,99.7,144.2,133.5,129.9,200.5,131.6,120.7,157.3,144.8,141.1,141.0,64.933,151.39,68.428,54.493,12.25,14.02,11.65,80.3,59151.0,196735.48,860.5158,13.535
6/1/1993,8671.95,7456.5,51.434,759904.85,173018.0,64.9476,73.7612,71.8313,84.1584,65.3952,92.043,45.3151,55.8333,36.8059,101.8088,65.1242,78.0144,62.7127,79.9638,3075.0,0.337134086,129411.0,120290.0,7.0,17.8,3218.0,2778.0,3141.0,1355.0,1786.0,342750,110742.0,22166.0,583.0,4760.0,16742.0,9867.0,6875.0,88576.0,22307.0,5046.3,12993.8,6724.0,18969.0,40.5,4.4,41.0,1280.0,128.0,287.0,548.0,317.0,1130.0,129.0,266.0,455.0,280.0,95110.0,130212.0,42739.0,438096.0,841644.0,1.5,1075.1,3442.4,2385.6,375.8,57.2,57.0,589.9095,902.301,533850.55,94.7736601,448.06,2.794268625,23.60555902,3.04,3.25,3.07,3.2,3.54,5.22,5.96,7.33,8.07,0.21,0.03,0.16,0.5,2.18,2.92,4.29,5.03,104.6875518,1.4769,107.4118,1.5082,1.2789,125.2,123.7,116.3,103.8,19.07,98.5,144.3,133.0,129.9,201.3,131.3,121.0,157.8,145.0,141.2,141.1,64.955,151.656,68.181,54.582,12.26,14.02,11.68,81.5,61008.0,197204.7,870.4651,13.0022
7/1/1993,8699.937,7477.1,51.687,756227.926,175822.0,65.1142,74.1477,72.3014,84.8553,65.3142,93.1251,45.3251,55.7854,36.896,101.7712,65.2623,81.4695,62.7869,80.001,3186.0,0.356774916,129397.0,120467.0,6.9,17.7,3292.0,2586.0,3046.0,1276.0,1770.0,350800,111054.0,22184.0,579.5,4783.0,16740.0,9866.0,6874.0,88870.0,22364.0,5059.7,13027.9,6751.0,19060.0,40.6,4.4,41.1,1254.0,132.0,284.0,560.0,278.0,1174.0,127.0,261.0,500.0,286.0,93385.0,128111.0,41031.0,437944.0,841559.0,1.5,1084.6,3442.0,2382.0,379.1,57.7,57.5,587.9277,904.3835,535286.72,94.57195456,447.29,2.799078897,23.3833622,3.06,3.2,3.04,3.16,3.47,5.09,5.81,7.17,7.93,0.14,-0.02,0.1,0.41,2.03,2.75,4.11,4.87,106.4109756,1.5147,107.6914,1.4955,1.282,125.1,123.4,116.3,101.6,17.866,99.6,144.5,132.8,130.1,202.2,131.3,121.2,158.1,145.2,141.3,141.2,65.059,151.918,68.134,54.716,12.28,14.05,11.69,77.0,62302.0,200738.11,880.1745,11.9995
8/1/1993,8718.737,7489.9,51.739,760103.116,175233.0,65.0421,73.9315,71.971,84.7337,64.6169,93.3005,44.8996,55.8535,36.8984,102.242,65.1205,83.0544,62.7254,79.6891,3259.0,0.371904599,129619.0,120856.0,6.8,18.0,3176.0,2595.0,3026.0,1256.0,1770.0,341000,111200.0,22202.0,574.5,4806.0,16740.0,9871.0,6869.0,88998.0,22376.0,5055.3,13051.4,6770.0,19028.0,40.7,4.4,41.1,1300.0,124.0,293.0,562.0,321.0,1230.0,130.0,281.0,522.0,297.0,91616.0,129378.0,42415.0,438224.0,843399.0,1.5,1094.2,3445.7,2379.6,380.9,57.8,57.4,587.8156,907.2269,537971.36,94.6799296,454.13,2.756919825,23.48835121,3.03,3.18,3.02,3.14,3.44,5.03,5.68,6.85,7.6,0.15,-0.01,0.11,0.41,2.0,2.65,3.82,4.57,105.9205637,1.4966,103.765,1.4914,1.308,123.9,121.9,116.2,100.8,18.009,101.6,144.8,134.0,130.5,202.8,131.6,121.7,158.6,145.5,141.7,141.6,65.17,152.116,68.196,54.83,12.3,14.06,11.72,77.3,60931.0,202234.57,882.5371,11.9522
9/1/1993,8699.123,7469.1,52.036,766871.78,176608.0,65.3749,74.4041,72.4854,84.9935,65.9748,92.9916,45.6621,56.0476,37.3483,102.2663,65.5727,82.7719,64.2516,80.0944,3183.0,0.365274271,129268.0,120554.0,6.7,18.1,3127.0,2516.0,3042.0,1286.0,1756.0,339000,111449.0,22253.0,577.6,4823.0,16770.0,9896.0,6874.0,89196.0,22429.0,5070.0,13083.3,6796.0,19041.0,40.8,4.6,41.3,1343.0,148.0,312.0,567.0,316.0,1251.0,137.0,286.0,514.0,314.0,93600.0,127233.0,40238.0,434328.0,846941.0,1.49,1104.2,3452.2,2380.8,384.7,59.1,58.7,585.4565,910.6411,541155.0,95.35602897,459.24,2.726243359,23.51604824,3.09,3.16,2.95,3.06,3.36,4.73,5.36,6.66,7.34,0.07,-0.14,-0.03,0.27,1.64,2.27,3.57,4.25,105.2939394,1.4182,105.5748,1.5248,1.3215,124.1,122.1,116.3,101.2,17.514,101.1,145.0,133.7,130.4,203.6,131.3,122.1,159.0,145.6,141.8,141.7,65.238,152.622,67.882,54.983,12.33,14.03,11.76,77.9,60195.0,203401.83,885.6527,12.6214
10/1/1993,8662.656,7439.5,52.117,770147.367,177588.0,65.863,74.9394,73.0967,85.4261,67.6661,92.7719,46.6432,56.4856,37.7923,102.4867,66.1232,82.0589,66.1048,80.6062,3347.0,0.382514286,129573.0,120823.0,6.8,18.1,3336.0,2514.0,3029.0,1220.0,1809.0,349800,111734.0,22305.0,576.8,4868.0,16778.0,9911.0,6867.0,89429.0,22482.0,5078.6,13115.5,6819.0,19042.0,40.7,4.5,41.3,1392.0,126.0,361.0,590.0,315.0,1287.0,146.0,299.0,541.0,301.0,94499.0,133168.0,41835.0,432381.0,848063.0,1.48,1113.1,3456.7,2374.1,388.2,60.0,59.7,583.9072,914.8275,545962.54,96.3049761,463.9,2.703168786,23.46809277,2.99,3.26,3.02,3.12,3.39,4.71,5.33,6.67,7.31,0.27,0.03,0.13,0.4,1.72,2.34,3.68,4.32,106.3790231,1.4432,107.02,1.5023,1.3263,124.2,122.3,116.4,103.7,18.145,97.7,145.6,133.8,132.0,204.5,132.2,122.5,159.4,146.3,142.5,142.3,65.443,153.175,68.34,55.075,12.36,14.08,11.79,82.7,60607.0,206578.88,882.6656,11.3771
11/1/1993,8684.88,7461.7,52.263,774098.258,179758.0,66.1696,75.1266,73.2678,85.5481,68.2807,92.6398,46.9072,56.9059,38.171,102.7582,66.4413,81.767,66.1071,80.8198,3373.0,0.394872395,129711.0,121169.0,6.6,18.6,3087.0,2518.0,2986.0,1186.0,1800.0,341000,111988.0,22346.0,576.3,4887.0,16800.0,9929.0,6871.0,89642.0,22512.0,5088.0,13127.3,6846.0,19068.0,40.8,4.6,41.3,1376.0,139.0,303.0,605.0,329.0,1357.0,141.0,329.0,557.0,330.0,93428.0,130391.0,41711.0,428393.0,851485.0,1.49,1124.1,3470.1,2376.8,392.0,61.3,61.2,584.0483,919.1398,549959.41,96.57899164,462.89,2.71338763,23.20487459,3.02,3.4,3.1,3.26,3.58,5.06,5.72,6.93,7.66,0.38,0.08,0.24,0.56,2.04,2.7,3.91,4.64,107.6811471,1.4969,107.8765,1.4808,1.3174,124.4,122.3,116.5,103.0,16.699,95.0,146.0,134.4,132.2,205.1,132.4,122.9,159.9,146.6,142.8,142.6,65.567,153.441,68.441,55.189,12.4,14.11,11.83,81.2,61966.0,208775.1,885.4433,13.37
12/1/1993,8986.914,7752.5,52.447,776545.935,181077.0,66.5531,75.4816,73.5043,85.7935,68.6525,92.815,47.2044,57.3139,38.7221,102.8575,66.8496,81.5775,65.1497,81.1289,3468.0,0.409106995,129941.0,121464.0,6.5,18.3,3246.0,2362.0,2968.0,1186.0,1782.0,323000,112324.0,22413.0,590.1,4925.0,16815.0,9950.0,6865.0,89911.0,22574.0,5102.6,13174.3,6869.0,19109.0,40.9,4.7,41.4,1533.0,132.0,337.0,699.0,365.0,1461.0,171.0,326.0,646.0,318.0,93682.0,133565.0,42306.0,425607.0,855017.0,1.49,1129.6,3474.5,2374.9,398.6,62.8,62.8,583.9928,928.6948,555742.56,94.29274153,465.95,2.6998605,23.15048732,2.96,3.36,3.06,3.23,3.61,5.15,5.77,6.93,7.69,0.4,0.1,0.27,0.65,2.19,2.81,3.97,4.73,108.4703741,1.4634,109.913,1.4913,1.3308,124.4,122.3,116.2,101.7,14.51,95.4,146.3,134.1,132.1,205.8,132.4,123.0,160.5,146.9,143.1,142.9,65.582,153.057,68.391,55.253,12.45,14.13,11.88,88.2,62705.0,213109.83,892.7819,10.8645
1/1/1994,8808.902,7565.0,52.59,777430.32,179615.0,66.7591,75.8063,73.8677,86.339,69.7035,93.0934,47.4291,57.4024,38.822,102.3713,66.9107,85.9877,64.2466,81.0033,3592.0,0.41622248,130596.0,121966.0,6.6,18.6,3184.0,2384.0,3060.0,1327.0,1733.0,359200,112601.0,22465.0,587.2,4940.0,16855.0,9987.0,6868.0,90136.0,22613.0,5116.3,13179.3,6889.0,19147.0,40.9,4.7,41.4,1272.0,100.0,250.0,563.0,359.0,1390.0,102.0,298.0,599.0,391.0,96560.0,138498.0,42651.0,426329.0,855511.0,1.48,1131.6,3474.9,2375.2,397.8,62.0,62.0,587.4178,929.5058,559500.15,96.8160841,472.99,2.668830208,23.217247,3.05,3.19,2.98,3.15,3.54,5.09,5.75,6.92,7.65,0.14,-0.07,0.1,0.49,2.04,2.7,3.87,4.6,108.8900171,1.4716,111.4415,1.4923,1.3173,124.8,122.6,116.5,103.8,15.0,96.5,146.3,133.3,131.7,206.4,132.3,123.2,160.8,147.0,143.1,142.9,65.604,153.237,68.206,55.326,12.47,14.16,11.9,94.3,64281.0,213063.09,898.7347,10.6052
2/1/1994,8817.405,7574.1,53.012,784541.443,183101.0,66.8019,75.6785,73.7005,86.5262,69.6316,93.4062,46.9958,57.6111,39.0331,103.0535,67.0134,85.0503,63.7465,80.9138,3743.0,0.436094606,130669.0,122086.0,6.6,19.0,2652.0,2714.0,3118.0,1359.0,1759.0,348500,112782.0,22451.0,583.8,4923.0,16862.0,9998.0,6864.0,90331.0,22710.0,5127.3,13249.7,6910.0,19150.0,40.3,4.7,40.9,1337.0,130.0,275.0,606.0,326.0,1269.0,112.0,278.0,545.0,334.0,97115.0,137141.0,43144.0,425325.0,860111.0,1.47,1136.3,3475.7,2369.3,397.9,59.6,59.5,587.9219,929.6228,564939.14,97.43689893,471.58,2.686012978,22.85148931,3.25,3.49,3.25,3.43,3.87,5.4,5.97,7.08,7.76,0.24,0.0,0.18,0.62,2.15,2.72,3.83,4.51,107.7968862,1.4565,106.3011,1.4792,1.3424,125.0,122.9,116.9,102.1,14.78,100.8,146.7,133.2,132.3,207.2,132.4,123.1,161.4,147.4,143.3,143.3,65.756,153.512,68.194,55.513,12.54,14.26,11.97,93.2,65218.0,213355.24,894.3876,12.8852
3/1/1994,8840.918,7597.7,53.019,797604.136,186721.0,67.4704,76.4148,74.4034,87.2582,70.2839,94.1632,47.5025,58.2082,39.5961,104.3743,67.8878,82.1205,64.1597,81.7386,3794.0,0.447933884,130400.0,121930.0,6.5,19.0,2789.0,2543.0,3055.0,1275.0,1780.0,335750,113245.0,22550.0,580.3,4990.0,16897.0,10026.0,6871.0,90695.0,22815.0,5143.6,13317.2,6930.0,19190.0,41.1,5.0,41.7,1564.0,128.0,362.0,672.0,402.0,1342.0,121.0,305.0,576.0,340.0,97371.0,136548.0,41545.0,424271.0,860830.0,1.46,1140.1,3480.1,2365.8,400.8,59.6,59.5,594.7889,932.0115,571555.79,98.04710433,463.81,2.740346262,22.18803787,3.34,3.85,3.5,3.78,4.32,5.94,6.48,7.48,8.13,0.51,0.16,0.44,0.98,2.6,3.14,4.14,4.79,107.1591377,1.4292,105.0974,1.4919,1.3644,125.1,122.9,117.1,103.8,14.66,105.6,147.1,133.8,132.6,207.9,132.5,123.3,162.0,147.8,143.6,143.6,65.937,153.984,68.189,55.723,12.52,14.2,11.95,91.5,66122.0,217539.93,909.8434,14.2408
4/1/1994,8923.036,7676.1,53.243,793403.311,186423.0,67.8707,76.7668,74.6985,87.532,71.197,94.1112,47.8225,58.6526,40.3345,104.2903,68.4849,78.9556,65.1849,82.2123,3794.0,0.455407514,130621.0,122290.0,6.4,19.0,2842.0,2430.0,2921.0,1175.0,1746.0,344000,113589.0,22641.0,578.3,5047.0,16933.0,10058.0,6875.0,90948.0,22833.0,5160.9,13360.2,6936.0,19223.0,41.1,5.0,41.7,1465.0,153.0,359.0,615.0,338.0,1392.0,135.0,306.0,600.0,351.0,97351.0,140336.0,44784.0,424611.0,864378.0,1.46,1141.1,3481.3,2365.0,406.9,61.6,61.5,600.4038,935.5693,575973.79,97.78011884,447.23,2.851619972,21.16564687,3.56,4.05,3.68,4.09,4.82,6.52,6.97,7.88,8.52,0.49,0.12,0.53,1.26,2.96,3.41,4.32,4.96,107.1448183,1.4383,103.4843,1.4823,1.383,125.1,122.9,117.1,103.8,16.38,106.9,147.2,133.5,132.8,209.0,132.6,123.5,162.2,148.0,143.8,143.7,66.015,154.032,68.284,55.794,12.54,14.25,11.96,92.6,67941.0,219966.38,917.0013,15.3347
5/1/1994,8941.155,7698.1,53.147,795323.482,185616.0,68.187,77.0189,74.9474,88.0117,71.4186,94.71,47.9559,59.0291,40.7443,105.0225,68.8836,79.4627,65.4,82.4317,3945.0,0.49842072,130779.0,122864.0,6.1,19.5,2652.0,2462.0,2836.0,1140.0,1696.0,359000,113922.0,22703.0,575.3,5084.0,16961.0,10081.0,6880.0,91219.0,22948.0,5177.9,13394.0,6928.0,19264.0,41.2,4.9,41.8,1526.0,137.0,340.0,702.0,347.0,1396.0,143.0,315.0,592.0,346.0,98381.0,142630.0,43802.0,425269.0,875122.0,1.47,1143.3,3490.8,2366.6,407.1,59.2,59.0,604.7512,939.7366,583766.07,98.75760349,450.9,2.838035041,21.04224735,4.01,4.57,4.14,4.6,5.31,6.78,7.18,7.99,8.62,0.56,0.13,0.59,1.3,2.77,3.17,3.98,4.61,106.2135801,1.4125,103.7533,1.5042,1.3808,125.1,122.7,117.2,102.2,17.88,109.2,147.5,134.0,132.4,209.7,132.9,124.3,162.4,148.2,144.0,144.0,66.111,154.546,68.256,55.893,12.58,14.3,11.98,92.8,66838.0,223177.11,912.5182,13.39
6/1/1994,8929.074,7687.8,53.465,802624.459,187800.0,68.645,77.4794,75.3868,88.6604,72.085,95.3376,48.2282,59.4811,40.92,105.3444,69.0957,82.6172,65.2958,82.4141,3844.0,0.48492494,130561.0,122634.0,6.1,18.8,2757.0,2449.0,2735.0,1155.0,1580.0,340000,114239.0,22764.0,576.0,5097.0,17009.0,10120.0,6889.0,91475.0,23027.0,5195.1,13444.2,6929.0,19274.0,41.2,5.0,41.8,1409.0,140.0,317.0,622.0,330.0,1357.0,146.0,301.0,565.0,345.0,99162.0,145063.0,46475.0,427978.0,880413.0,1.47,1145.2,3479.5,2352.6,411.6,59.9,59.6,608.7014,944.6407,589363.22,99.59665737,454.83,2.823032781,20.7961711,4.25,4.57,4.14,4.55,5.27,6.7,7.1,7.97,8.65,0.32,-0.11,0.3,1.02,2.45,2.85,3.72,4.4,105.2322829,1.3727,102.5264,1.5262,1.3836,125.2,122.8,117.8,102.7,19.07,117.1,147.9,134.8,133.2,210.5,133.5,124.8,162.8,148.7,144.5,144.4,66.272,154.906,68.492,56.009,12.59,14.31,12.0,91.2,67386.0,227479.48,916.5794,12.9459
7/1/1994,8944.497,7706.9,53.43,799106.148,188062.0,68.7317,77.4549,75.3353,88.2315,72.2768,94.6083,48.7821,59.676,41.4827,105.085,69.3485,82.6891,64.679,82.4369,4047.0,0.509312862,130652.0,122706.0,6.1,19.0,2820.0,2316.0,2822.0,1260.0,1562.0,342200,114608.0,22807.0,573.7,5125.0,17025.0,10130.0,6895.0,91801.0,23114.0,5209.1,13503.9,6925.0,19301.0,41.2,5.0,41.8,1439.0,134.0,332.0,594.0,379.0,1335.0,161.0,300.0,567.0,307.0,99408.0,145013.0,45823.0,428538.0,886897.0,1.47,1150.7,3488.2,2350.5,415.0,60.1,59.6,616.5733,951.4269,591189.26,99.41969259,451.4,2.851129818,20.16962838,4.26,4.75,4.33,4.75,5.48,6.91,7.3,8.11,8.8,0.49,0.07,0.49,1.22,2.65,3.04,3.85,4.54,102.7992767,1.3239,98.445,1.5467,1.3826,125.7,123.4,118.3,101.7,19.65,121.5,148.4,134.2,134.4,211.3,134.1,125.3,163.1,149.1,145.1,144.9,66.481,155.506,68.845,56.135,12.63,14.38,12.03,89.0,65863.0,226832.64,918.7468,12.1635
8/1/1994,8957.46,7716.3,53.782,817976.218,190771.0,69.1882,77.9484,75.9531,89.3589,73.4877,95.675,48.9566,60.0924,41.5937,106.6532,69.9532,80.0776,65.4155,82.8706,3894.0,0.490860961,131275.0,123342.0,6.0,18.8,2671.0,2569.0,2750.0,1181.0,1569.0,336250,114903.0,22876.0,573.9,5139.0,17081.0,10178.0,6903.0,92027.0,23201.0,5236.7,13557.7,6920.0,19306.0,41.1,5.0,41.7,1450.0,149.0,307.0,680.0,314.0,1377.0,143.0,303.0,589.0,342.0,100797.0,145884.0,46033.0,428792.0,893918.0,1.45,1150.6,3485.7,2339.4,415.3,59.3,58.9,622.3122,957.462,597132.47,100.0439744,464.24,2.778735137,20.23232217,4.47,4.84,4.48,4.88,5.56,6.88,7.24,8.07,8.74,0.37,0.01,0.41,1.09,2.41,2.77,3.6,4.27,103.1656655,1.3184,99.9404,1.5422,1.3783,126.2,124.0,119.1,101.6,18.38,125.3,149.0,133.2,136.0,212.2,134.7,125.5,163.8,149.7,145.6,145.5,66.634,155.595,69.147,56.238,12.65,14.39,12.06,91.7,66504.0,230443.35,912.2047,11.393
9/1/1994,8996.696,7752.9,53.862,814435.076,192585.0,69.3935,78.0377,75.9151,88.8447,73.7214,94.8004,49.4239,60.4091,42.1052,106.3698,70.2285,78.8712,65.6449,82.9067,3944.0,0.509956038,131421.0,123687.0,5.9,18.7,2671.0,2317.0,2746.0,1203.0,1543.0,330250,115247.0,22947.0,576.0,5175.0,17114.0,10208.0,6906.0,92300.0,23293.0,5256.3,13618.7,6906.0,19337.0,41.1,4.9,41.6,1474.0,131.0,327.0,645.0,371.0,1412.0,135.0,295.0,608.0,374.0,100311.0,145487.0,46086.0,430311.0,899042.0,1.46,1151.9,3486.1,2335.0,416.9,60.0,59.5,625.0522,965.0562,607291.69,101.1899842,466.96,2.768973788,19.86435114,4.73,5.02,4.62,5.04,5.76,7.08,7.46,8.34,8.98,0.29,-0.11,0.31,1.03,2.35,2.73,3.61,4.25,101.7308794,1.2892,98.7743,1.5661,1.354,125.9,123.5,119.6,99.7,17.46,127.4,149.3,133.6,136.1,213.1,134.8,125.7,164.1,150.0,145.8,145.7,66.708,155.65,69.162,56.328,12.69,14.46,12.09,91.5,68595.0,238555.91,910.0736,12.6123
10/1/1994,9076.95,7815.2,54.197,820651.0,193914.0,69.9576,78.8107,76.7802,89.7424,74.6637,95.6613,50.2836,60.7648,42.6594,106.381,70.8884,79.2903,64.923,83.3896,4197.0,0.549921384,131744.0,124112.0,5.8,19.3,2424.0,2283.0,2955.0,1364.0,1591.0,333400,115457.0,22974.0,572.5,5177.0,17144.0,10236.0,6908.0,92483.0,23361.0,5274.3,13658.3,6889.0,19344.0,41.1,5.1,41.8,1450.0,124.0,320.0,654.0,352.0,1397.0,131.0,318.0,591.0,357.0,100535.0,149547.0,46997.0,433310.0,905590.0,1.45,1150.2,3484.3,2332.2,418.7,59.5,59.1,631.6197,971.2291,615689.68,101.5101776,463.81,2.805739419,19.28540941,4.76,5.51,4.95,5.39,6.11,7.4,7.74,8.57,9.2,0.75,0.19,0.63,1.35,2.64,2.98,3.81,4.44,100.6554999,1.2648,98.353,1.6064,1.3503,125.5,123.1,120.1,98.6,17.71,134.1,149.4,133.0,136.2,214.1,134.8,125.9,164.5,150.2,145.9,145.8,66.821,155.707,69.073,56.504,12.73,14.55,12.11,92.7,68981.0,240553.73,898.3117,15.0495
11/1/1994,9074.779,7811.0,54.237,827881.083,194425.0,70.4288,79.17,77.1585,89.8211,74.5767,95.8208,50.9278,61.3405,43.1494,107.2803,71.47,76.6435,67.1539,83.7715,4146.0,0.562169492,131891.0,124516.0,5.6,18.0,2619.0,2164.0,2666.0,1196.0,1470.0,328000,115868.0,23049.0,571.7,5210.0,17186.0,10274.0,6912.0,92819.0,23465.0,5290.7,13732.3,6878.0,19367.0,41.2,5.0,41.8,1511.0,176.0,362.0,634.0,339.0,1340.0,137.0,298.0,590.0,315.0,101929.0,150038.0,48620.0,434540.0,911254.0,1.45,1150.9,3487.2,2327.9,423.1,60.0,59.8,638.4621,977.5942,618833.39,101.8588718,461.01,2.840871131,18.69162964,5.29,5.81,5.29,5.72,6.54,7.72,7.96,8.68,9.32,0.52,0.0,0.43,1.25,2.43,2.67,3.39,4.03,101.4366796,1.2956,98.044,1.5892,1.3647,126.1,123.9,121.0,99.8,18.1,142.0,149.8,132.5,136.7,215.0,135.0,126.3,165.0,150.6,146.2,146.1,66.948,156.013,69.133,56.633,12.76,14.51,12.15,91.6,69761.0,243425.68,890.4349,16.2495
12/1/1994,9117.741,7843.2,54.381,834098.208,194939.0,71.1273,79.7954,77.7991,90.5381,75.2936,96.5263,51.418,62.1036,44.0863,107.838,72.2447,77.9339,66.5342,84.3725,4299.0,0.594605809,131951.0,124721.0,5.5,17.8,2581.0,2146.0,2488.0,1121.0,1367.0,323200,116173.0,23096.0,570.1,5226.0,17218.0,10297.0,6921.0,93077.0,23549.0,5310.0,13765.6,6868.0,19388.0,41.3,5.1,41.8,1455.0,137.0,327.0,643.0,348.0,1396.0,167.0,323.0,603.0,303.0,104732.0,152489.0,46777.0,434899.0,918423.0,1.44,1150.7,3486.4,2322.7,428.5,61.4,61.2,643.9879,987.8722,631732.19,103.4253188,455.19,2.895494189,17.9967019,5.45,6.26,5.6,6.21,7.14,7.78,7.81,8.46,9.1,0.81,0.15,0.76,1.69,2.33,2.36,3.01,3.65,103.4655457,1.3289,100.1824,1.5587,1.3893,126.6,124.4,121.5,101.1,17.16,150.4,150.1,132.1,137.1,215.9,135.4,126.6,165.2,150.7,146.6,146.4,66.991,155.826,69.163,56.697,12.77,14.5,12.17,95.1,70157.0,247958.11,890.6993,13.8066
1/1/1995,9159.706,7865.0,54.379,837783.544,195908.0,71.2635,79.879,77.8265,90.3427,75.6345,96.0709,51.7325,62.2895,44.2446,108.3784,72.3638,78.2115,67.0869,84.2052,4146.0,0.562169492,132038.0,124663.0,5.6,17.1,2764.0,2164.0,2396.0,1056.0,1340.0,333500,116505.0,23147.0,568.2,5234.0,17262.0,10326.0,6936.0,93358.0,23616.0,5333.3,13806.1,6858.0,19397.0,41.3,5.2,41.8,1407.0,127.0,289.0,656.0,335.0,1282.0,139.0,285.0,567.0,291.0,103833.0,150459.0,47530.0,432805.0,927523.0,1.45,1151.4,3492.4,2320.5,426.2,60.5,60.4,654.3104,996.8042,638391.87,103.8271916,465.25,2.832885545,17.84338079,5.53,6.22,5.71,6.21,7.05,7.76,7.78,8.46,9.08,0.69,0.18,0.68,1.52,2.23,2.25,2.93,3.55,103.040104,1.2863,99.766,1.5746,1.4132,126.9,124.6,122.8,102.1,17.99,158.3,150.5,132.2,137.4,216.6,135.4,126.9,166.0,151.2,147.0,146.8,67.127,156.378,69.112,56.853,12.78,14.44,12.2,97.6,71027.0,250195.37,889.8414,11.7119
2/1/1995,9180.168,7881.4,54.278,833069.631,193068.0,71.1758,79.8378,77.8703,90.556,75.2186,96.5905,51.7582,62.1572,44.193,107.8094,72.1959,80.8691,67.1222,83.7005,4154.0,0.577988034,132115.0,124928.0,5.4,17.0,2578.0,2197.0,2345.0,1119.0,1226.0,337750,116694.0,23105.0,563.8,5192.0,17266.0,10349.0,6917.0,93589.0,23672.0,5357.4,13834.9,6850.0,19407.0,40.9,5.1,41.7,1316.0,130.0,285.0,564.0,337.0,1254.0,112.0,274.0,536.0,332.0,104676.0,153856.0,49227.0,434001.0,934668.0,1.46,1147.4,3489.9,2312.7,422.9,57.7,57.6,666.3843,1006.23,640455.74,103.7460904,481.92,2.734893758,17.92390613,5.92,6.15,5.77,6.03,6.7,7.37,7.47,8.26,8.85,0.23,-0.15,0.11,0.78,1.45,1.55,2.34,2.93,101.9744285,1.2715,98.2368,1.572,1.4005,127.2,124.9,123.7,102.9,18.53,160.1,150.9,131.9,137.9,217.4,135.6,127.4,166.5,151.6,147.4,147.1,67.246,156.362,69.124,57.01,12.82,14.59,12.24,95.1,69931.0,249872.04,874.9959,11.1973
3/1/1995,9203.415,7899.5,54.564,832775.237,195179.0,71.2796,79.9958,78.0316,90.5062,75.0581,96.5964,52.2493,62.2077,44.4738,107.4511,72.3877,80.366,67.6131,83.6099,4061.0,0.567733818,132108.0,124955.0,5.4,17.3,2572.0,2276.0,2287.0,949.0,1338.0,340250,116908.0,23151.0,564.2,5242.0,17263.0,10363.0,6900.0,93757.0,23667.0,5370.8,13810.0,6854.0,19427.0,41.0,4.9,41.5,1249.0,125.0,276.0,571.0,277.0,1226.0,128.0,274.0,558.0,266.0,103783.0,152888.0,48719.0,436109.0,942766.0,1.48,1146.7,3491.1,2308.9,427.7,57.6,57.5,673.4962,1013.7507,648072.17,104.5227118,493.15,2.672614823,17.79432518,5.98,6.15,5.73,5.89,6.43,7.05,7.2,8.12,8.7,0.17,-0.25,-0.09,0.45,1.07,1.22,2.14,2.72,98.29835125,1.1709,90.5196,1.6002,1.4077,127.4,125.1,124.3,102.3,18.55,159.4,151.2,132.2,138.4,218.1,135.6,127.6,167.1,152.0,147.6,147.4,67.37,156.676,69.068,57.171,12.85,14.62,12.24,90.3,70279.0,253909.48,865.9262,11.9713
4/1/1995,9214.181,7912.6,54.475,826543.692,195310.0,71.1538,79.6621,77.7079,90.0583,74.8104,96.0579,52.1722,62.283,44.3922,107.155,72.1401,79.8374,66.5617,83.0097,4121.0,0.539045128,132590.0,124945.0,5.8,17.6,2730.0,2370.0,2473.0,1060.0,1413.0,350200,117065.0,23174.0,562.4,5252.0,17278.0,10379.0,6899.0,93891.0,23726.0,5378.4,13860.5,6846.0,19434.0,40.5,4.4,40.9,1267.0,108.0,278.0,567.0,314.0,1259.0,129.0,278.0,539.0,313.0,105380.0,151401.0,48831.0,434900.0,951521.0,1.48,1149.3,3499.2,2305.1,433.5,58.9,58.7,677.4348,1019.9509,653951.59,105.071031,507.91,2.607410762,17.77528207,6.05,6.12,5.65,5.77,6.27,6.86,7.06,8.03,8.6,0.07,-0.4,-0.28,0.22,0.81,1.01,1.98,2.55,95.07197599,1.1384,83.6895,1.6073,1.3762,127.7,125.4,125.0,103.7,19.87,156.5,151.8,131.9,139.2,218.6,136.2,127.9,167.7,152.4,148.2,148.0,67.547,156.742,69.307,57.329,12.87,14.67,12.24,92.5,71616.0,256538.34,900.8964,12.5168
5/1/1995,9221.249,7912.5,54.869,832629.842,198060.0,71.4997,80.1114,78.2031,90.3873,74.2407,96.8228,52.8364,62.526,44.6455,107.4509,72.416,83.396,65.8781,83.0044,3825.0,0.514804845,131851.0,124421.0,5.6,17.0,2603.0,2332.0,2577.0,1261.0,1316.0,370250,117047.0,23119.0,560.0,5220.0,17258.0,10373.0,6885.0,93928.0,23725.0,5381.0,13860.1,6845.0,19418.0,40.5,4.5,41.2,1314.0,130.0,260.0,580.0,344.0,1271.0,121.0,278.0,546.0,326.0,103973.0,152838.0,50995.0,437528.0,957122.0,1.49,1145.3,3524.2,2317.0,434.0,56.7,56.6,686.0514,1027.7379,659306.86,105.6869436,523.81,2.540367691,17.8318177,6.01,6.06,5.67,5.67,6.0,6.41,6.63,7.65,8.2,0.05,-0.34,-0.34,-0.01,0.4,0.62,1.64,2.19,95.69599671,1.1693,85.1127,1.5874,1.3609,127.8,125.5,125.2,102.4,19.74,152.2,152.1,131.6,139.7,219.2,136.4,128.0,168.1,152.8,148.4,148.3,67.651,156.232,69.389,57.48,12.89,14.69,12.28,89.8,73028.0,260669.11,895.1874,12.4586
6/1/1995,9255.248,7948.3,55.308,840655.39,200383.0,71.7327,80.5624,78.6988,90.7667,74.6617,97.1757,53.5016,62.5475,44.8931,106.8255,72.7543,82.4967,66.1133,83.0575,3884.0,0.522956779,131949.0,124522.0,5.6,15.9,2744.0,2354.0,2266.0,1031.0,1235.0,366250,117291.0,23137.0,558.2,5250.0,17247.0,10363.0,6884.0,94154.0,23777.0,5400.5,13890.2,6847.0,19445.0,40.7,4.6,41.2,1281.0,126.0,287.0,559.0,309.0,1305.0,119.0,295.0,565.0,326.0,104477.0,150051.0,49312.0,436469.0,960494.0,1.48,1144.2,3548.9,2328.7,434.8,57.0,56.8,690.3815,1035.1394,663290.48,105.831841,539.35,2.478909799,17.885484,6.0,5.94,5.47,5.42,5.64,5.93,6.17,7.3,7.9,-0.06,-0.53,-0.58,-0.36,-0.07,0.17,1.3,1.9,95.60309774,1.1588,84.6355,1.5948,1.3775,127.8,125.5,125.5,103.0,18.42,151.4,152.4,131.3,140.6,219.9,136.6,128.0,168.5,153.2,148.7,148.6,67.717,155.93,69.381,57.593,12.94,14.74,12.31,92.7,74660.0,264787.9,892.6917,13.179
7/1/1995,9286.334,7974.2,55.158,830716.88,199110.0,71.4334,80.234,78.2844,90.263,73.0715,97.2123,53.2304,62.2788,44.5488,105.716,72.2601,83.0861,66.1608,82.1516,4098.0,0.544440016,132343.0,124816.0,5.7,16.5,2627.0,2565.0,2311.0,1061.0,1250.0,371400,117382.0,23119.0,557.0,5262.0,17218.0,10362.0,6856.0,94263.0,23780.0,5404.8,13896.9,6854.0,19437.0,40.7,4.6,41.1,1461.0,115.0,281.0,723.0,342.0,1354.0,117.0,303.0,598.0,336.0,104534.0,148915.0,48029.0,435490.0,964875.0,1.49,1145.5,3567.4,2337.7,435.9,57.4,57.0,698.6658,1044.5711,668595.71,106.188668,557.37,2.411324614,18.06062688,5.85,5.79,5.42,5.37,5.59,6.01,6.28,7.41,8.04,-0.06,-0.43,-0.48,-0.26,0.16,0.43,1.56,2.19,95.73043441,1.1556,87.397,1.5952,1.3612,128.0,125.6,125.6,101.6,17.3,153.7,152.6,131.4,139.9,220.6,136.6,128.0,168.9,153.3,148.8,148.7,67.802,155.81,69.456,57.692,13.01,14.75,12.39,94.4,75517.0,266093.29,892.3958,14.0765
8/1/1995,9299.788,7989.2,55.428,847545.417,201078.0,72.3723,81.3658,79.4867,91.6293,75.3579,98.1062,54.2555,63.0231,45.5266,105.4658,73.099,88.6984,66.2171,82.7467,4056.0,0.541956173,132336.0,124852.0,5.7,16.2,2732.0,2434.0,2391.0,1156.0,1235.0,356250,117646.0,23164.0,555.3,5286.0,17240.0,10382.0,6858.0,94482.0,23829.0,5407.6,13919.3,6864.0,19429.0,40.8,4.7,41.2,1416.0,119.0,323.0,633.0,341.0,1386.0,121.0,310.0,600.0,355.0,104451.0,154372.0,49796.0,437616.0,967283.0,1.48,1145.4,3589.0,2347.3,435.5,56.8,56.5,703.1401,1049.3021,672036.31,106.351687,559.11,2.416340255,17.68499193,5.74,5.82,5.4,5.41,5.75,6.24,6.49,7.57,8.19,0.08,-0.34,-0.33,0.01,0.5,0.75,1.83,2.45,98.81515354,1.1962,94.7383,1.5668,1.3552,127.9,125.5,125.6,99.7,18.03,154.6,152.9,132.5,139.4,221.6,136.8,128.2,169.3,153.6,149.1,149.0,67.948,155.937,69.521,57.858,13.01,14.76,12.4,96.2,78085.0,270064.93,898.5635,13.3487
9/1/1995,9335.583,8026.4,55.558,846509.63,201337.0,72.6543,81.6823,79.7846,91.8098,76.1454,97.9867,54.7648,63.2688,46.3812,105.5468,73.7445,84.9673,67.8251,83.103,4065.0,0.543594544,132611.0,125133.0,5.6,16.2,2857.0,2296.0,2306.0,1045.0,1261.0,362000,117873.0,23208.0,554.3,5324.0,17247.0,10395.0,6852.0,94665.0,23851.0,5413.4,13936.8,6877.0,19430.0,40.8,4.7,41.3,1369.0,112.0,299.0,600.0,358.0,1421.0,128.0,315.0,638.0,340.0,105832.0,160175.0,55726.0,441696.0,971442.0,1.47,1142.0,3602.1,2352.8,436.3,57.2,56.9,706.2303,1054.678,677580.53,106.7442586,578.77,2.346355202,17.91155873,5.8,5.74,5.28,5.3,5.62,6.0,6.2,7.32,7.93,-0.06,-0.52,-0.5,-0.18,0.2,0.4,1.52,2.13,100.5887546,1.1868,100.5455,1.559,1.3509,128.1,125.8,125.5,102.0,18.23,153.4,153.1,132.3,139.1,222.4,136.8,128.3,169.7,153.8,149.2,149.2,67.995,155.647,69.546,57.936,13.03,14.8,12.41,88.9,78829.0,273349.73,901.3125,12.237
10/1/1995,9349.228,8050.8,55.342,846951.822,200597.0,72.5336,81.2967,79.2301,90.9707,75.2845,97.1705,54.7188,63.4041,46.478,105.557,73.6525,81.1235,66.1405,82.6116,4127.0,0.563182314,132716.0,125388.0,5.5,16.0,2725.0,2380.0,2272.0,1052.0,1220.0,371500,118026.0,23206.0,553.2,5353.0,17216.0,10385.0,6831.0,94820.0,23885.0,5415.7,13930.1,6887.0,19464.0,40.8,4.7,41.2,1369.0,126.0,284.0,607.0,352.0,1400.0,128.0,322.0,634.0,316.0,105168.0,155473.0,51986.0,442507.0,975989.0,1.49,1137.3,3613.4,2354.0,436.6,56.4,56.1,706.4451,1057.0884,680078.1,106.7040245,582.92,2.341659233,17.65552311,5.76,5.82,5.28,5.32,5.59,5.86,6.04,7.12,7.75,0.06,-0.48,-0.44,-0.17,0.1,0.28,1.36,1.99,99.5742032,1.1453,100.839,1.5779,1.3458,128.4,126.0,125.4,101.9,17.44,148.6,153.5,132.4,139.5,223.0,137.1,128.4,170.3,154.3,149.6,149.6,68.171,155.598,69.674,58.136,13.06,14.81,12.43,90.2,80947.0,275974.05,899.2087,14.2377
11/1/1995,9379.567,8085.1,55.803,853885.107,203545.0,72.717,81.5064,79.419,91.2763,75.3447,97.5896,54.9308,63.56,46.8692,104.8219,73.7163,86.055,66.5257,82.2825,3982.0,0.536224078,132614.0,125188.0,5.6,16.4,2812.0,2353.0,2339.0,1085.0,1254.0,377000,118165.0,23200.0,551.1,5358.0,17208.0,10389.0,6819.0,94965.0,23917.0,5422.1,13938.2,6903.0,19463.0,40.8,4.7,41.3,1452.0,99.0,323.0,699.0,331.0,1430.0,126.0,314.0,622.0,368.0,103926.0,156146.0,54154.0,444404.0,977882.0,1.48,1134.1,3619.9,2355.2,439.1,56.4,56.2,712.7022,1060.3653,695420.01,108.7613403,595.53,2.303830202,17.79963817,5.8,5.74,5.36,5.27,5.43,5.69,5.93,7.02,7.68,-0.06,-0.44,-0.53,-0.37,-0.11,0.13,1.22,1.88,100.0176331,1.1437,101.94,1.5625,1.3534,128.7,126.2,125.2,104.1,17.99,146.8,153.7,132.0,139.1,223.7,137.0,128.6,170.7,154.4,149.6,149.7,68.169,155.227,69.512,58.212,13.08,14.86,12.45,88.2,79721.0,282262.83,894.9013,12.9719
12/1/1995,9396.526,8094.0,56.158,857932.126,204032.0,72.9638,81.7681,79.7602,91.5569,75.8055,97.777,55.3444,63.7897,47.2592,104.21,73.9583,86.4353,67.038,82.1403,4357.0,0.58695945,132511.0,125088.0,5.6,16.3,2662.0,2414.0,2331.0,1117.0,1214.0,365000,118325.0,23210.0,551.0,5344.0,17231.0,10432.0,6799.0,95115.0,23933.0,5427.8,13963.4,6911.0,19466.0,40.5,4.5,40.9,1431.0,102.0,306.0,667.0,356.0,1442.0,129.0,300.0,618.0,395.0,106961.0,163279.0,58004.0,447510.0,977873.0,1.45,1127.5,3629.5,2358.3,445.8,57.9,57.6,715.1002,1062.1654,696824.27,108.5768129,614.57,2.24384529,18.19542316,5.6,5.64,5.14,5.13,5.31,5.51,5.71,6.82,7.49,0.04,-0.46,-0.47,-0.29,-0.09,0.11,1.22,1.89,100.8815343,1.1631,101.8495,1.5405,1.3693,129.3,127.0,125.4,106.5,19.04,147.3,153.9,132.2,139.1,224.3,137.3,128.7,170.9,154.7,149.9,150.0,68.3,155.529,69.665,58.318,13.09,14.77,12.49,91.0,81073.0,285844.04,893.1924,12.288
1/1/1996,9428.309,8102.2,55.905,849368.258,203793.0,72.5712,80.9819,78.8767,90.5096,73.8091,97.2052,54.7627,63.7824,47.4194,103.6387,73.4825,88.3627,67.1742,81.1929,4107.0,0.54825791,132616.0,125125.0,5.6,16.1,2725.0,2387.0,2371.0,1162.0,1209.0,374000,118317.0,23196.0,550.5,5355.0,17208.0,10424.0,6784.0,95121.0,23935.0,5429.3,13962.0,6922.0,19450.0,39.5,4.5,39.7,1467.0,95.0,337.0,639.0,396.0,1387.0,97.0,313.0,610.0,367.0,103775.0,155806.0,52120.0,452372.0,982240.0,1.5,1123.5,3647.9,2358.0,441.7,56.9,56.9,721.7298,1068.3447,703275.62,108.9690916,614.42,2.26120569,17.97041288,5.56,5.4,5.0,4.92,5.09,5.36,5.65,6.81,7.47,-0.16,-0.56,-0.64,-0.47,-0.2,0.09,1.25,1.91,102.3089832,1.1818,105.7514,1.5288,1.3669,129.7,127.6,125.5,109.8,18.88,143.1,154.7,132.7,140.4,225.2,138.2,129.0,171.5,155.5,150.6,150.7,68.452,155.633,70.054,58.393,13.23,15.0,12.6,89.3,82026.0,285496.58,890.7512,15.069
2/1/1996,9506.777,8172.2,56.334,857042.936,206875.0,73.6207,82.2798,80.3187,91.8919,75.7642,98.2876,56.1172,64.5805,48.4395,103.54,74.5534,90.7886,68.4596,81.9426,4013.0,0.548748804,132952.0,125639.0,5.5,16.4,2713.0,2266.0,2307.0,1106.0,1201.0,377250,118737.0,23281.0,553.3,5415.0,17230.0,10441.0,6789.0,95456.0,23972.0,5432.2,13990.1,6944.0,19485.0,40.9,4.7,41.3,1491.0,132.0,287.0,647.0,425.0,1420.0,116.0,318.0,615.0,371.0,101651.0,150773.0,52255.0,453836.0,982477.0,1.5,1118.5,3661.8,2362.5,435.7,53.8,53.7,723.945,1071.6214,707496.4,108.5483445,649.54,2.154863442,18.84970543,5.22,5.15,4.83,4.77,4.94,5.38,5.81,6.99,7.63,-0.07,-0.39,-0.45,-0.28,0.16,0.59,1.77,2.41,102.5344259,1.1967,105.788,1.536,1.3752,129.7,127.5,125.0,111.6,19.07,136.6,155.0,132.2,140.9,225.7,138.3,129.1,172.0,155.8,151.0,151.1,68.56,155.464,70.214,58.501,13.18,14.91,12.56,88.5,84076.0,286101.17,898.908,16.5672
3/1/1996,9539.993,8196.0,56.607,857469.507,207650.0,73.5141,82.1118,79.9529,91.327,73.3771,98.6107,55.9752,64.5341,48.1316,103.9537,74.3843,89.7182,68.4396,81.3175,4128.0,0.564088549,133180.0,125862.0,5.5,17.3,2594.0,2259.0,2454.0,1124.0,1330.0,386400,118992.0,23276.0,554.7,5446.0,17193.0,10416.0,6777.0,95716.0,24014.0,5439.4,14018.7,6952.0,19532.0,40.7,4.5,41.1,1424.0,135.0,330.0,645.0,314.0,1437.0,137.0,335.0,596.0,369.0,106300.0,164976.0,56387.0,464172.0,981668.0,1.46,1122.6,3686.9,2371.0,440.5,54.9,54.9,727.1887,1077.6586,710092.31,108.239179,647.07,2.179053271,18.62444488,5.31,5.31,4.96,4.96,5.34,5.97,6.27,7.35,8.03,0.0,-0.35,-0.35,0.03,0.66,0.96,2.04,2.72,102.451586,1.1959,105.94,1.5271,1.3656,130.5,128.6,125.3,109.8,21.36,137.5,155.5,132.6,141.5,226.2,139.0,129.3,172.4,156.3,151.5,151.6,68.767,155.61,70.645,58.634,13.15,14.93,12.5,93.7,84340.0,287684.78,895.543,18.7075
4/1/1996,9565.104,8210.4,56.816,865141.781,209294.0,74.2491,82.9361,81.023,92.1293,76.7758,98.1472,57.3616,65.1754,49.0382,104.3401,75.2949,88.9174,68.1603,81.8655,4034.0,0.544032367,133409.0,125994.0,5.6,17.6,2530.0,2358.0,2455.0,1108.0,1347.0,359250,119158.0,23316.0,556.1,5474.0,17204.0,10450.0,6754.0,95842.0,24027.0,5447.2,14019.1,6967.0,19515.0,40.8,4.7,41.1,1516.0,141.0,323.0,651.0,401.0,1463.0,145.0,333.0,636.0,349.0,107977.0,156830.0,50728.0,465089.0,983745.0,1.46,1124.8,3697.7,2368.8,443.4,55.9,55.8,731.9809,1079.5256,715121.51,108.3960878,647.17,2.187477788,18.53068109,5.22,5.39,4.95,5.06,5.54,6.3,6.51,7.5,8.19,0.17,-0.27,-0.16,0.32,1.08,1.29,2.28,2.97,103.0726482,1.218,107.1995,1.516,1.3592,130.9,129.0,125.7,114.2,23.57,137.5,156.1,131.8,142.9,226.8,139.6,129.2,172.8,156.8,152.1,152.1,68.973,155.047,71.093,58.815,13.3,14.98,12.69,92.7,86461.0,289724.92,896.9737,16.7505
5/1/1996,9606.394,8251.9,56.89,871724.196,211157.0,74.8142,83.4927,81.4459,92.3058,77.1445,98.2272,58.1398,65.744,49.6066,105.0418,75.9049,89.0191,68.0104,82.0776,3887.0,0.523642732,133667.0,126244.0,5.6,17.0,2765.0,2349.0,2403.0,1044.0,1359.0,344500,119496.0,23358.0,556.5,5498.0,17222.0,10472.0,6750.0,96138.0,24127.0,5460.1,14096.5,6990.0,19529.0,40.8,4.8,41.4,1504.0,129.0,330.0,695.0,350.0,1457.0,139.0,314.0,663.0,341.0,107898.0,164502.0,55165.0,469914.0,984605.0,1.45,1116.5,3709.6,2371.9,443.0,53.2,53.1,736.1981,1081.6056,720453.9,108.5462312,661.23,2.149524371,18.8883297,5.24,5.39,5.02,5.12,5.64,6.48,6.74,7.62,8.3,0.15,-0.22,-0.12,0.4,1.24,1.5,2.38,3.06,103.5632967,1.2539,106.3423,1.5152,1.3693,130.9,129.1,126.2,114.6,21.25,140.7,156.4,131.8,143.5,227.4,139.7,129.2,173.4,157.3,152.5,152.4,69.092,154.374,71.156,59.009,13.32,15.01,12.71,89.4,87413.0,295386.41,900.6387,16.8627
6/1/1996,9670.238,8312.8,56.956,867614.693,209474.0,75.3726,84.1371,82.1197,92.9633,78.755,98.4163,58.993,66.2127,50.24,105.2127,76.6109,87.7184,68.3119,82.3885,4267.0,0.601409443,133697.0,126602.0,5.3,17.6,2552.0,2162.0,2355.0,985.0,1370.0,342200,119770.0,23399.0,557.8,5534.0,17226.0,10485.0,6741.0,96371.0,24182.0,5475.3,14123.1,7012.0,19528.0,41.0,4.8,41.5,1467.0,134.0,296.0,668.0,369.0,1429.0,132.0,307.0,640.0,350.0,106932.0,164599.0,54476.0,472134.0,985451.0,1.44,1115.2,3722.5,2375.6,446.4,53.7,53.4,741.3047,1084.8651,726687.65,108.7644096,668.5,2.134629768,19.09110955,5.27,5.49,5.09,5.25,5.81,6.69,6.91,7.71,8.4,0.22,-0.18,-0.02,0.54,1.42,1.64,2.44,3.13,103.8436504,1.2579,108.96,1.5416,1.3658,131.3,129.5,125.8,112.2,20.45,142.9,156.7,131.6,143.4,228.0,139.8,129.3,173.8,157.3,152.7,152.6,69.091,154.21,70.869,59.11,13.38,15.07,12.75,92.4,86333.37,303932.73,899.6817,17.6216
7/1/1996,9650.331,8303.0,57.077,874466.269,210827.0,75.3738,84.1629,82.1571,92.4702,79.008,97.5716,59.7394,66.1887,50.4747,105.6258,76.9416,83.026,68.0157,82.2976,4014.0,0.547090091,134284.0,126947.0,5.5,16.7,2672.0,2332.0,2297.0,961.0,1336.0,337000,120019.0,23417.0,557.6,5557.0,17222.0,10483.0,6739.0,96602.0,24228.0,5480.1,14152.9,7033.0,19547.0,40.8,4.8,41.4,1472.0,124.0,348.0,659.0,341.0,1450.0,137.0,338.0,617.0,358.0,108503.0,163588.0,55301.0,476647.0,989198.0,1.45,1112.4,3737.1,2380.3,449.8,52.9,52.5,745.2041,1080.8267,732630.35,109.6489389,644.07,2.235781825,18.37876774,5.4,5.53,5.15,5.3,5.85,6.64,6.87,7.65,8.35,0.13,-0.25,-0.1,0.45,1.24,1.47,2.25,2.95,103.3753686,1.232,109.1909,1.553,1.3697,131.2,129.4,125.5,114.6,21.32,126.9,157.0,131.3,143.0,228.6,139.8,129.3,174.4,157.6,152.8,153.0,69.237,154.198,70.93,59.29,13.42,15.12,12.8,94.7,88311.65,307058.89,899.7248,19.2709
8/1/1996,9681.266,8338.0,57.273,877467.888,210846.0,75.7557,84.3263,82.1041,92.1636,78.0978,97.5595,60.0271,66.7847,51.191,105.805,77.2858,83.9547,68.8806,82.221,4026.0,0.585004359,134054.0,127172.0,5.1,17.3,2496.0,2187.0,2267.0,1002.0,1265.0,331800,120198.0,23479.0,557.4,5586.0,17256.0,10513.0,6743.0,96719.0,24255.0,5496.1,14172.5,7048.0,19504.0,41.0,4.8,41.5,1557.0,135.0,350.0,684.0,388.0,1413.0,147.0,312.0,627.0,327.0,107775.0,157310.0,50906.0,473958.0,991497.0,1.45,1101.6,3744.0,2381.7,450.9,51.7,51.4,748.1998,1089.2712,737209.89,109.8771708,662.68,2.192611819,18.89306673,5.22,5.42,5.05,5.13,5.67,6.39,6.64,7.46,8.18,0.2,-0.17,-0.09,0.45,1.17,1.42,2.24,2.96,102.7642473,1.2029,107.8659,1.5499,1.3722,131.6,129.9,125.6,115.3,21.96,121.1,157.2,130.6,143.0,229.1,139.8,129.5,174.9,157.8,153.0,153.2,69.303,154.147,70.808,59.421,13.45,15.16,12.82,95.3,87891.7,309071.91,895.8383,16.145
9/1/1996,9708.672,8369.8,57.346,880151.082,213233.0,76.2302,85.0203,82.9155,93.1142,78.9538,98.5408,60.6971,67.0373,51.6356,105.967,77.8827,83.9943,68.478,82.4091,4251.0,0.609113053,134515.0,127536.0,5.2,16.8,2525.0,2214.0,2220.0,1006.0,1214.0,342750,120400.0,23496.0,555.9,5610.0,17251.0,10517.0,6734.0,96904.0,24280.0,5509.1,14191.6,7066.0,19567.0,41.0,4.9,41.6,1475.0,141.0,312.0,679.0,343.0,1392.0,143.0,303.0,598.0,348.0,109377.0,165442.0,55893.0,476545.0,992465.0,1.44,1096.2,3753.4,2380.1,452.0,51.0,50.7,758.824,1096.0019,738986.95,109.5217343,674.88,2.172238028,19.19353469,5.3,5.52,5.09,5.24,5.83,6.6,6.83,7.66,8.35,0.22,-0.21,-0.06,0.53,1.3,1.53,2.36,3.05,103.5759594,1.2343,109.931,1.5593,1.3694,131.7,130.0,126.1,112.7,23.99,120.4,157.7,131.3,143.6,229.7,140.3,129.7,175.4,158.3,153.6,153.7,69.499,154.076,71.065,59.61,13.48,15.22,12.85,94.7,89715.07,310633.46,895.0885,17.046
10/1/1996,9710.076,8375.9,57.516,887041.109,215526.0,76.2157,84.8284,82.5699,92.6055,77.2428,98.6243,60.5642,67.1987,51.6891,106.3834,77.8018,84.5031,70.0819,81.8763,4050.0,0.576020481,134921.0,127890.0,5.2,16.3,2477.0,2334.0,2268.0,1084.0,1184.0,339000,120665.0,23546.0,556.6,5643.0,17268.0,10531.0,6737.0,97119.0,24354.0,5528.3,14247.5,7079.0,19554.0,41.0,4.8,41.4,1392.0,132.0,286.0,602.0,372.0,1358.0,142.0,305.0,581.0,330.0,109918.0,165266.0,55625.0,482916.0,995369.0,1.44,1085.7,3772.8,2384.8,452.5,49.6,49.3,766.2964,1104.6126,740894.48,109.4572864,701.46,2.101331509,19.89760035,5.24,5.43,4.99,5.11,5.55,6.27,6.53,7.39,8.07,0.19,-0.25,-0.13,0.31,1.03,1.29,2.15,2.83,103.9234134,1.2586,112.4123,1.5863,1.3508,132.4,130.9,126.0,111.9,24.9,118.1,158.2,131.3,143.9,230.3,140.8,129.6,175.8,158.6,154.1,154.1,69.709,154.033,71.355,59.808,13.48,15.23,12.83,96.5,89378.31,310021.81,895.0207,17.6269
11/1/1996,9741.024,8405.9,57.659,893603.096,215167.0,76.8973,85.7371,83.5406,93.7026,78.3289,99.709,61.4784,67.6494,52.2699,106.7034,78.4903,88.2426,70.3764,82.1457,4384.0,0.605859591,135007.0,127771.0,5.4,15.9,2920.0,2207.0,2159.0,1013.0,1146.0,336400,120947.0,23584.0,560.1,5668.0,17277.0,10544.0,6733.0,97363.0,24387.0,5538.0,14263.4,7097.0,19565.0,41.0,4.9,41.5,1489.0,127.0,339.0,674.0,349.0,1412.0,140.0,313.0,636.0,323.0,110865.0,170783.0,54534.0,490023.0,995666.0,1.43,1083.5,3795.1,2391.4,457.0,49.7,49.5,772.1146,1111.4463,744910.43,109.5070019,735.67,2.014490193,20.77470588,5.31,5.41,5.03,5.07,5.42,5.97,6.2,7.1,7.79,0.1,-0.28,-0.24,0.11,0.66,0.89,1.79,2.48,102.8763178,1.2752,112.2958,1.6623,1.3381,132.5,131.1,125.8,115.7,23.71,119.9,158.7,131.6,144.6,231.0,141.4,129.5,176.3,159.1,154.6,154.6,69.833,153.575,71.594,59.937,13.52,15.25,12.88,99.2,89293.19,311893.89,896.8804,17.1635
12/1/1996,9778.588,8442.0,57.888,887167.277,215690.0,77.3772,86.2073,84.0816,93.9032,79.4646,99.4484,62.568,68.1357,52.8594,108.0679,79.157,87.0955,69.6549,82.3823,4344.0,0.598924583,135113.0,127860.0,5.4,15.6,2621.0,2417.0,2124.0,970.0,1154.0,353500,121143.0,23599.0,560.4,5675.0,17284.0,10556.0,6728.0,97544.0,24425.0,5541.6,14315.1,7111.0,19571.0,41.1,4.9,41.7,1370.0,146.0,295.0,657.0,272.0,1411.0,142.0,309.0,629.0,331.0,109568.0,162332.0,52363.0,489147.0,996068.0,1.43,1081.3,3818.6,2400.1,465.0,51.2,51.0,778.5077,1123.1478,745920.52,109.1069421,743.25,2.004709048,20.87407841,5.29,5.51,4.91,5.04,5.47,6.07,6.3,7.2,7.89,0.22,-0.38,-0.25,0.18,0.78,1.01,1.91,2.6,104.6580845,1.329,113.981,1.6639,1.3622,132.9,131.6,126.4,122.5,25.39,126.3,159.1,131.9,145.7,231.2,141.7,129.6,176.7,159.6,155.1,155.0,69.914,152.811,71.829,60.034,13.59,15.29,12.95,96.9,88771.37,315926.58,893.5559,19.9415
1/1/1997,9834.79,8477.0,58.162,898609.0,218124.0,77.5135,86.2337,84.0436,93.6728,78.9486,99.3633,62.9193,68.3806,53.1106,108.0444,79.2643,86.126,69.2138,82.0396,4303.0,0.601145571,135456.0,128298.0,5.3,16.0,2758.0,2219.0,2162.0,1012.0,1150.0,339000,121357.0,23618.0,563.5,5675.0,17297.0,10571.0,6726.0,97739.0,24432.0,5544.7,14280.0,7126.0,19593.0,40.6,4.9,41.4,1355.0,157.0,249.0,596.0,353.0,1382.0,160.0,295.0,590.0,337.0,111828.0,161827.0,53933.0,488645.0,998368.0,1.43,1081.2,3834.6,2405.6,462.5,50.6,50.6,782.1925,1130.131,747895.02,108.6298832,766.22,1.951567435,21.27027289,5.25,5.32,5.03,5.1,5.61,6.33,6.58,7.42,8.09,0.07,-0.22,-0.15,0.36,1.08,1.33,2.17,2.84,106.5521583,1.3913,117.9124,1.6585,1.3494,133.0,131.7,126.6,127.5,25.17,130.7,159.4,132.3,145.6,231.8,141.8,129.4,177.3,160.0,155.3,155.3,70.005,152.749,71.904,60.139,13.64,15.46,12.99,97.4,89237.47,318279.13,899.382,21.0313
2/1/1997,9865.668,8516.0,58.285,916958.0,219587.0,78.4255,87.1134,84.814,94.2117,80.2949,99.494,63.9531,69.3191,54.3183,109.1284,80.3582,85.8024,69.5683,82.7007,4480.0,0.630808223,135400.0,128298.0,5.2,15.8,2549.0,2357.0,2140.0,1031.0,1109.0,320750,121674.0,23684.0,566.2,5722.0,17315.0,10588.0,6727.0,97990.0,24458.0,5562.0,14282.3,7144.0,19598.0,41.0,5.0,41.6,1486.0,127.0,359.0,644.0,356.0,1445.0,173.0,301.0,609.0,362.0,112582.0,170221.0,58023.0,491116.0,1001215.0,1.41,1078.8,3846.3,2408.5,459.9,48.1,48.0,788.9324,1135.2889,750137.26,108.3872415,798.39,1.879620236,21.88067671,5.19,5.28,5.01,5.06,5.53,6.2,6.42,7.31,7.94,0.09,-0.18,-0.13,0.34,1.01,1.23,2.12,2.75,109.706818,1.4541,122.9621,1.6256,1.3556,132.7,131.2,126.5,116.6,22.21,133.2,159.7,133.0,145.2,232.2,142.1,129.5,177.6,160.3,155.5,155.6,70.151,152.939,71.963,60.305,13.67,15.49,13.0,99.7,89838.7,318417.81,900.6754,21.6478
3/1/1997,9912.112,8555.7,58.441,917376.0,221189.0,78.9197,87.8047,85.6302,94.8864,81.3423,99.9733,64.8936,69.6136,54.9082,109.4698,81.1285,81.085,70.3736,83.0126,4440.0,0.634285714,135891.0,128891.0,5.2,15.5,2602.0,2323.0,2110.0,1012.0,1098.0,319400,121991.0,23739.0,566.2,5751.0,17340.0,10613.0,6727.0,98252.0,24514.0,5576.7,14312.4,7164.0,19608.0,41.3,5.1,41.8,1457.0,148.0,298.0,642.0,369.0,1436.0,153.0,300.0,647.0,336.0,112010.0,167568.0,56876.0,490223.0,1002074.0,1.4,1072.5,3861.2,2416.3,462.3,47.6,47.4,795.3782,1148.0978,752190.25,108.060891,792.16,1.901131085,21.42609703,5.39,5.42,5.14,5.26,5.8,6.54,6.69,7.55,8.18,0.03,-0.25,-0.13,0.41,1.15,1.3,2.16,2.79,110.6436183,1.4634,122.7738,1.6096,1.3725,132.6,131.2,126.1,107.5,20.99,135.7,159.8,132.4,145.0,233.0,141.8,129.6,178.0,160.4,155.5,155.7,70.225,152.957,71.764,60.465,13.69,15.46,13.03,100.0,88875.91,321671.1,912.9702,22.3035
4/1/1997,9919.423,8568.6,58.438,920441.0,217925.0,78.9848,87.6289,85.3045,93.9254,79.2842,99.5795,65.452,69.9195,55.2677,109.7329,81.0611,85.7442,69.8064,82.4587,4400.0,0.640186236,136016.0,129143.0,5.1,15.6,2439.0,2190.0,2176.0,1071.0,1105.0,327000,122288.0,23767.0,568.8,5764.0,17351.0,10630.0,6721.0,98521.0,24552.0,5590.6,14326.2,7194.0,19603.0,41.3,5.1,41.8,1492.0,144.0,290.0,707.0,351.0,1421.0,129.0,312.0,646.0,334.0,112112.0,174054.0,58534.0,492183.0,1005762.0,1.41,1063.9,3877.0,2424.6,465.5,47.9,47.6,803.8042,1161.0057,762222.81,109.3137348,763.93,1.975743851,20.39494844,5.51,5.6,5.16,5.37,5.99,6.76,6.89,7.73,8.34,0.09,-0.35,-0.14,0.48,1.25,1.38,2.22,2.83,111.9659789,1.4618,125.6377,1.6293,1.3942,131.8,130.2,125.6,107.8,19.72,134.9,159.9,133.0,144.3,233.5,141.6,129.3,178.4,160.5,155.5,155.8,70.294,151.8,71.875,60.618,13.71,15.52,13.03,101.4,86699.46,327250.65,927.9867,21.5077
5/1/1997,9964.583,8614.9,58.474,920215.0,217771.0,79.4296,88.2526,85.981,94.6491,80.1454,100.2231,66.1915,70.1828,55.8657,109.6292,81.6434,87.0035,71.5222,82.5499,4142.0,0.622389181,136119.0,129464.0,4.9,15.4,2527.0,2061.0,2121.0,1070.0,1051.0,323800,122560.0,23811.0,571.1,5793.0,17364.0,10646.0,6718.0,98749.0,24582.0,5601.6,14339.3,7215.0,19601.0,41.2,5.1,41.7,1442.0,122.0,310.0,641.0,369.0,1414.0,132.0,289.0,618.0,375.0,112586.0,168586.0,56732.0,492334.0,1009674.0,1.42,1063.8,3889.2,2432.3,467.0,46.0,45.8,808.9736,1172.0226,764197.31,109.1507734,833.09,1.815734194,22.00280513,5.5,5.6,5.05,5.3,5.87,6.57,6.71,7.58,8.2,0.1,-0.45,-0.2,0.37,1.07,1.21,2.08,2.7,110.0527335,1.4331,119.1924,1.6322,1.3804,131.5,129.8,125.4,109.1,20.83,135.4,159.9,133.3,143.3,234.1,141.4,129.3,178.7,160.5,155.4,155.8,70.262,151.37,71.655,60.676,13.76,15.58,13.07,103.2,88921.74,330125.91,924.3954,21.9276
6/1/1997,10000.824,8648.6,58.763,932603.0,220233.0,79.7971,88.5433,86.3213,94.566,81.7081,99.3147,67.2557,70.6261,56.5057,109.3614,82.1621,81.8153,71.4257,82.5533,4541.0,0.667892337,136211.0,129412.0,5.0,15.5,2562.0,2175.0,2085.0,1009.0,1076.0,325500,122816.0,23834.0,571.5,5793.0,17387.0,10673.0,6714.0,98982.0,24618.0,5613.7,14352.7,7230.0,19660.0,41.0,4.9,41.6,1494.0,114.0,305.0,711.0,364.0,1402.0,141.0,301.0,624.0,336.0,112826.0,174828.0,60619.0,493879.0,1016262.0,1.42,1066.1,3906.0,2438.2,469.8,46.6,46.3,813.3984,1183.7353,767292.34,109.0554507,876.29,1.730020883,22.86065155,5.56,5.56,4.93,5.13,5.69,6.38,6.49,7.41,8.02,0.0,-0.63,-0.43,0.13,0.82,0.93,1.85,2.46,109.4341565,1.4424,114.2857,1.6449,1.3843,131.3,129.5,125.4,106.2,19.17,137.6,160.2,133.1,143.6,234.4,141.5,129.0,179.2,160.8,155.7,156.1,70.352,151.054,71.445,60.889,13.78,15.62,13.08,104.5,91141.95,335809.06,929.413,22.7433
7/1/1997,10045.882,8692.3,59.312,942048.0,222985.0,80.4666,89.2348,87.0482,95.4515,81.741,100.6162,67.6642,71.2709,56.9572,110.5352,82.7886,84.3856,69.3085,82.6438,4392.0,0.659954921,136477.0,129822.0,4.9,16.4,2402.0,2094.0,2119.0,1041.0,1078.0,320250,123114.0,23861.0,574.1,5817.0,17388.0,10692.0,6696.0,99253.0,24653.0,5632.6,14367.0,7266.0,19686.0,41.1,5.0,41.6,1437.0,147.0,300.0,657.0,333.0,1440.0,136.0,287.0,658.0,359.0,115290.0,178860.0,62368.0,495937.0,1017717.0,1.41,1065.5,3923.9,2446.3,473.1,46.4,46.0,816.7129,1190.5821,767885.68,108.5857262,925.29,1.644533065,23.85795117,5.52,5.51,5.05,5.12,5.54,6.12,6.22,7.14,7.75,-0.01,-0.47,-0.4,0.02,0.6,0.7,1.62,2.23,110.6558076,1.4824,115.3759,1.6694,1.3775,130.9,129.1,125.1,106.2,19.63,132.9,160.4,133.3,143.3,234.7,141.4,128.6,179.7,161.0,155.7,156.2,70.394,150.718,71.421,60.98,13.79,15.62,13.1,107.1,92832.75,336867.48,938.0225,23.2477
8/1/1997,10105.556,8748.6,59.672,939378.0,223120.0,81.2825,90.1352,88.1292,96.2989,83.5102,100.9872,69.1664,71.9986,57.9789,110.771,83.8104,83.2483,70.5176,83.1003,4463.0,0.675393463,136618.0,130010.0,4.8,16.0,2525.0,2120.0,2004.0,929.0,1075.0,330200,123086.0,23953.0,572.2,5846.0,17453.0,10750.0,6703.0,99133.0,24543.0,5643.5,14395.9,7291.0,19617.0,41.1,5.1,41.7,1390.0,119.0,283.0,637.0,351.0,1449.0,141.0,309.0,626.0,373.0,114324.0,177302.0,62531.0,498648.0,1019904.0,1.41,1075.3,3957.4,2461.1,474.3,46.7,46.1,822.9157,1196.4661,769774.46,108.123502,927.24,1.647178724,23.63407163,5.54,5.5,5.14,5.19,5.56,6.16,6.3,7.22,7.82,-0.04,-0.4,-0.35,0.02,0.62,0.76,1.68,2.28,112.9873941,1.5128,117.9295,1.6035,1.3905,131.4,129.7,125.3,106.8,19.93,133.6,160.8,132.7,144.1,235.1,141.9,128.3,179.9,161.3,156.0,156.6,70.45,150.314,71.616,61.031,13.86,15.7,13.17,104.4,93284.22,337591.91,935.0356,25.1538
9/1/1997,10136.11,8778.2,59.684,946972.0,224509.0,82.0327,90.8526,88.7797,97.037,84.1552,101.7606,69.7434,72.7801,58.7448,111.7663,84.5745,83.449,70.1592,83.2745,4703.0,0.706580529,136675.0,130019.0,4.9,15.9,2474.0,2102.0,2074.0,1000.0,1074.0,315250,123575.0,23996.0,574.7,5874.0,17465.0,10762.0,6703.0,99579.0,24737.0,5650.8,14404.3,7313.0,19679.0,41.2,5.1,41.7,1546.0,154.0,316.0,716.0,360.0,1494.0,138.0,304.0,654.0,398.0,113331.0,177835.0,62284.0,501436.0,1025683.0,1.41,1066.9,3973.1,2464.7,475.4,46.1,45.6,830.3257,1208.0507,772912.57,107.9773362,937.02,1.636037651,23.6144067,5.54,5.51,4.95,5.09,5.52,6.11,6.21,7.15,7.7,-0.03,-0.59,-0.45,-0.02,0.57,0.67,1.61,2.16,112.4924852,1.4702,120.89,1.6013,1.3872,131.6,130.0,125.5,108.4,19.79,132.4,161.2,132.9,144.8,235.5,142.2,128.1,180.4,161.8,156.5,157.0,70.62,150.149,71.801,61.219,13.88,15.76,13.17,106.0,93747.98,339973.22,948.5113,25.5928
10/1/1997,10189.34,8831.7,59.989,944230.0,224300.0,82.7656,92.0484,90.0578,98.5646,85.2551,103.4754,70.7344,73.0382,59.5458,111.5273,85.3521,89.5884,70.054,83.4379,4609.0,0.714130772,136633.0,130179.0,4.7,16.1,2566.0,1966.0,1950.0,916.0,1034.0,310000,123924.0,24055.0,575.8,5883.0,17514.0,10806.0,6708.0,99869.0,24806.0,5671.3,14443.6,7343.0,19738.0,41.1,5.2,41.8,1520.0,116.0,324.0,700.0,380.0,1499.0,134.0,297.0,677.0,391.0,114683.0,177801.0,63394.0,504599.0,1028924.0,1.42,1065.6,3992.3,2472.0,477.7,45.6,45.4,834.4586,1214.2392,777345.11,107.8881778,951.16,1.617677362,23.71893002,5.5,5.55,4.97,5.09,5.46,5.93,6.03,7.0,7.57,0.05,-0.53,-0.41,-0.04,0.43,0.53,1.5,2.07,111.7510686,1.4516,121.0605,1.633,1.3869,131.9,130.4,125.4,113.4,21.26,127.7,161.5,132.7,144.7,236.1,142.2,128.1,180.9,162.1,156.7,157.3,70.712,150.112,71.799,61.347,13.98,15.82,13.29,105.6,92355.87,341452.96,957.2626,25.6252
11/1/1997,10262.137,8902.2,60.235,954274.0,223718.0,83.427,92.5579,90.6492,98.764,87.3714,102.7308,72.0089,73.8537,60.7597,112.0154,86.1881,89.4453,68.1,83.6379,4907.0,0.777901078,136961.0,130653.0,4.6,15.4,2479.0,2027.0,1817.0,879.0,938.0,314600,124226.0,24111.0,574.1,5899.0,17556.0,10848.0,6708.0,100115.0,24862.0,5679.2,14486.8,7370.0,19761.0,41.0,5.2,41.8,1510.0,171.0,275.0,666.0,398.0,1469.0,141.0,297.0,652.0,379.0,115973.0,191187.0,73908.0,517043.0,1031740.0,1.41,1070.9,4014.8,2482.9,484.6,46.5,46.3,839.8971,1218.407,777649.38,107.1585201,938.92,1.644794019,23.29970514,5.52,5.64,5.14,5.17,5.46,5.8,5.88,6.87,7.42,0.12,-0.38,-0.35,-0.06,0.28,0.36,1.35,1.9,112.4366275,1.4069,125.3817,1.6889,1.4128,131.6,130.1,125.6,115.8,20.17,125.5,161.7,132.7,143.9,236.9,142.1,127.8,181.4,162.2,156.8,157.5,70.716,149.44,71.682,61.445,14.01,15.87,13.32,107.2,92543.2,343882.34,978.9148,31.5452
12/1/1997,10325.103,8957.7,60.579,951871.0,225236.0,83.784,92.7641,90.6995,98.4485,87.1588,102.371,72.477,74.3652,61.2338,112.948,86.6275,88.0297,69.256,83.4425,4588.0,0.708462014,137155.0,130679.0,4.7,15.9,2534.0,1937.0,1901.0,917.0,984.0,313250,124549.0,24184.0,576.8,5938.0,17587.0,10879.0,6708.0,100365.0,24903.0,5688.6,14525.7,7400.0,19766.0,41.3,5.2,42.0,1566.0,133.0,333.0,707.0,393.0,1456.0,149.0,307.0,621.0,379.0,114476.0,173770.0,58910.0,513317.0,1036516.0,1.42,1072.3,4032.9,2492.5,493.1,47.9,47.6,844.8364,1220.92,784751.77,107.5002425,962.37,1.610607147,23.83655181,5.5,5.7,5.16,5.24,5.53,5.77,5.81,6.76,7.32,0.2,-0.34,-0.26,0.03,0.27,0.31,1.26,1.82,115.1034788,1.4393,129.7341,1.6597,1.4271,131.4,129.9,125.4,108.8,18.32,121.9,161.8,133.0,143.7,237.8,142.1,127.7,181.7,162.4,156.7,157.5,70.701,149.112,71.587,61.482,14.07,15.96,13.36,102.1,93258.82,350397.35,985.888,26.4731
1/1/1998,10417.404,9045.0,60.525,953719.0,225954.0,84.1564,93.2884,91.3778,98.8835,87.5285,102.8313,73.4323,74.5788,61.7031,112.8177,87.2888,80.9077,69.0104,83.4547,4777.0,0.750157035,137095.0,130726.0,4.6,15.6,2587.0,1929.0,1833.0,838.0,995.0,321200,124806.0,24261.0,578.5,5983.0,17619.0,10917.0,6702.0,100545.0,24927.0,5710.6,14508.6,7425.0,19770.0,41.1,5.2,41.9,1525.0,148.0,345.0,644.0,388.0,1555.0,173.0,336.0,655.0,391.0,112751.0,174288.0,60798.0,514063.0,1039703.0,1.43,1074.0,4056.2,2503.8,491.2,47.5,47.3,855.3153,1224.8067,782101.57,106.1354571,963.36,1.614142169,23.80053224,5.56,5.44,5.04,5.03,5.24,5.42,5.54,6.61,7.19,-0.12,-0.52,-0.53,-0.32,-0.14,-0.02,1.05,1.63,116.5529394,1.4748,129.5475,1.635,1.4409,130.7,128.9,124.6,102.8,16.71,118.1,162.0,133.1,143.0,238.1,142.0,127.8,182.1,162.4,156.8,157.7,70.736,148.816,71.443,61.599,14.06,15.98,13.34,106.6,93970.18,346137.35,1006.0605,24.4275
2/1/1998,10490.223,9112.6,60.918,967109.0,225746.0,84.3066,93.5021,91.4979,98.7725,87.4115,102.7251,73.7765,74.6611,62.0247,112.2243,87.446,82.0457,67.713,82.986,4910.0,0.778623533,137112.0,130807.0,4.6,15.4,2572.0,1918.0,1809.0,852.0,957.0,319000,125017.0,24282.0,578.8,5997.0,17627.0,10930.0,6697.0,100735.0,24945.0,5719.5,14501.1,7450.0,19786.0,41.1,5.1,41.7,1584.0,190.0,376.0,690.0,328.0,1647.0,170.0,373.0,703.0,401.0,114508.0,181270.0,62636.0,513589.0,1046174.0,1.42,1077.8,4088.9,2524.0,488.4,45.2,45.1,862.0974,1238.0226,785448.43,105.905539,1023.74,1.523824409,25.25526722,5.51,5.45,5.09,5.07,5.31,5.49,5.57,6.67,7.25,-0.06,-0.42,-0.44,-0.2,-0.02,0.06,1.16,1.74,115.448921,1.4631,125.8516,1.6408,1.4334,130.6,128.8,124.2,100.8,16.06,116.1,162.0,133.0,142.4,238.8,141.8,127.9,182.3,162.4,156.6,157.7,70.699,148.346,71.168,61.674,14.12,16.01,13.39,110.4,91622.62,345044.5,1014.8113,20.3863
3/1/1998,10555.838,9171.8,61.189,971898.0,226889.0,84.342,93.6295,91.6173,98.8443,87.6405,102.7209,74.1444,74.598,61.7772,111.6676,87.3075,85.8504,68.1898,82.2462,4874.0,0.758953597,137236.0,130814.0,4.7,14.5,2789.0,1972.0,1772.0,854.0,918.0,315000,125165.0,24263.0,577.4,5969.0,17637.0,10944.0,6693.0,100902.0,24962.0,5730.8,14498.0,7485.0,19792.0,40.9,5.1,41.5,1567.0,147.0,311.0,712.0,397.0,1605.0,149.0,316.0,747.0,393.0,113594.0,176886.0,60377.0,508657.0,1051280.0,1.43,1076.9,4114.3,2539.7,491.0,45.6,45.5,865.7996,1252.8721,791455.93,106.0364322,1076.83,1.453339896,26.55456698,5.49,5.49,5.03,5.04,5.39,5.61,5.65,6.72,7.32,0.0,-0.46,-0.45,-0.1,0.12,0.16,1.23,1.83,115.8957827,1.4901,129.0823,1.6619,1.4166,130.5,128.7,123.7,99.5,15.02,114.7,162.0,132.7,141.5,239.4,141.4,127.7,182.8,162.4,156.5,157.7,70.71,148.204,70.738,61.834,14.15,16.06,13.43,106.5,94118.62,346672.86,1031.9299,20.5431
4/1/1998,10595.962,9212.6,61.516,973216.0,230409.0,84.6339,94.029,92.0431,99.483,87.902,103.5286,74.3048,74.7737,62.0377,112.2106,87.7093,85.0434,67.9666,82.0305,4895.0,0.823935364,137150.0,131209.0,4.3,14.7,2628.0,1918.0,1476.0,594.0,883.0,311000,125446.0,24340.0,573.5,6049.0,17637.0,10953.0,6684.0,101106.0,24995.0,5739.2,14519.5,7508.0,19816.0,40.6,4.9,41.2,1540.0,132.0,340.0,690.0,378.0,1547.0,140.0,304.0,690.0,413.0,112401.0,180915.0,63252.0,510809.0,1053018.0,1.43,1076.5,4140.2,2552.5,494.1,46.6,46.5,864.2988,1259.5314,799549.46,106.582436,1112.2,1.41611221,27.44684517,5.45,5.48,4.95,5.06,5.38,5.61,5.64,6.69,7.33,0.03,-0.5,-0.39,-0.07,0.16,0.19,1.24,1.88,116.4437091,1.5051,131.7536,1.6723,1.4298,130.7,128.9,123.6,100.6,15.44,116.5,162.2,132.3,140.9,240.3,141.3,127.8,183.3,162.6,156.6,157.8,70.798,148.278,70.764,61.938,14.15,16.09,13.4,108.7,98196.02,349284.19,1022.2652,22.5381
5/1/1998,10645.347,9262.9,61.961,976540.0,230995.0,85.1867,94.5829,92.4608,99.8498,88.6027,103.7323,74.7938,75.3227,62.5308,111.9971,88.1848,86.1948,67.3205,81.9002,4916.0,0.812965107,137372.0,131325.0,4.4,14.7,2641.0,1950.0,1490.0,651.0,839.0,311200,125846.0,24362.0,570.2,6087.0,17624.0,10953.0,6671.0,101484.0,25073.0,5750.3,14563.8,7535.0,19875.0,40.9,4.9,41.5,1536.0,147.0,294.0,707.0,388.0,1554.0,142.0,321.0,723.0,368.0,114093.0,180634.0,63558.0,511034.0,1053282.0,1.43,1079.1,4164.4,2561.1,495.2,45.0,44.8,875.6518,1259.8146,803246.74,106.4325878,1108.42,1.429963371,27.39173779,5.49,5.5,5.0,5.14,5.44,5.63,5.65,6.69,7.3,0.01,-0.49,-0.35,-0.05,0.14,0.16,1.2,1.81,116.8878491,1.479,134.896,1.6382,1.4452,130.5,128.8,123.5,99.6,14.86,113.0,162.6,132.7,141.2,241.2,141.7,127.5,183.7,163.1,157.0,158.3,70.895,147.173,71.073,62.071,14.2,16.12,13.45,106.5,97547.47,350877.78,1032.0075,21.4485
6/1/1998,10707.166,9319.7,62.372,972634.0,233207.0,84.6809,94.1201,91.8547,98.8021,84.4949,104.1257,74.8675,74.7661,61.6496,112.1625,87.5349,89.9117,67.4927,80.7548,4822.0,0.776239536,137455.0,131244.0,4.5,14.1,2546.0,2079.0,1613.0,824.0,789.0,338000,126076.0,24385.0,568.2,6130.0,17607.0,10948.0,6659.0,101691.0,25104.0,5754.3,14583.5,7561.0,19879.0,40.8,4.8,41.4,1641.0,139.0,318.0,772.0,412.0,1551.0,155.0,314.0,687.0,395.0,110209.0,172189.0,62716.0,509293.0,1053235.0,1.44,1076.3,4184.1,2570.1,498.1,45.1,44.8,891.15,1261.1814,812391.87,107.1135317,1108.39,1.43902417,27.46876014,5.56,5.5,4.98,5.12,5.41,5.52,5.5,6.53,7.13,-0.06,-0.58,-0.44,-0.15,-0.04,-0.06,0.97,1.57,118.9013306,1.4949,140.3305,1.6504,1.4655,130.4,128.7,123.1,97.1,13.66,110.3,162.8,133.3,141.4,241.8,141.8,127.5,184.0,163.3,157.1,158.5,70.835,146.592,71.09,62.034,14.19,16.17,13.42,105.6,98273.51,358187.59,1026.1373,22.2231
7/1/1998,10726.5,9343.9,62.412,966951.0,231551.0,84.3445,93.7941,91.2095,97.9075,81.0806,104.4098,74.4058,74.4135,61.3158,112.1152,87.1618,91.2892,67.4569,79.9133,4843.0,0.773765777,137588.0,131329.0,4.5,14.1,2593.0,2005.0,1577.0,755.0,821.0,333000,126211.0,24238.0,563.5,6172.0,17423.0,10782.0,6641.0,101973.0,25144.0,5753.2,14613.9,7594.0,19930.0,40.8,4.8,41.4,1698.0,152.0,312.0,803.0,431.0,1610.0,158.0,313.0,735.0,404.0,109076.0,170459.0,61303.0,507842.0,1054725.0,1.45,1075.1,4203.8,2575.9,502.4,44.6,44.3,897.8608,1265.6103,820166.91,107.6772585,1156.58,1.384832869,28.76232936,5.54,5.5,4.96,5.03,5.36,5.46,5.46,6.55,7.15,-0.04,-0.58,-0.51,-0.18,-0.08,-0.08,1.01,1.61,119.6484277,1.5136,140.7874,1.6437,1.4869,130.7,129.0,123.0,97.4,14.08,108.0,163.2,133.5,141.7,242.5,142.1,127.8,184.3,163.6,157.4,158.8,71.01,146.692,71.238,62.22,14.17,16.26,13.34,105.2,100413.61,361741.4,1029.8077,20.2518
8/1/1998,10767.064,9384.0,62.697,977500.0,229792.0,86.0816,95.7733,93.6947,100.6929,90.5472,104.0733,76.6703,75.8905,63.9003,111.797,89.2813,89.1449,67.8817,81.3772,4924.0,0.796892701,137570.0,131390.0,4.5,13.7,2597.0,1963.0,1626.0,808.0,818.0,312600,126546.0,24420.0,562.2,6215.0,17563.0,10929.0,6634.0,102126.0,25183.0,5758.4,14626.9,7605.0,19959.0,40.9,4.8,41.4,1614.0,132.0,316.0,779.0,387.0,1654.0,157.0,309.0,790.0,398.0,112993.0,179033.0,63917.0,508658.0,1057965.0,1.44,1075.9,4228.7,2587.9,504.9,44.7,44.4,904.3571,1271.9256,822246.04,107.3961025,1074.62,1.496649979,26.83521404,5.55,5.5,4.9,4.95,5.21,5.27,5.34,6.52,7.14,-0.05,-0.65,-0.6,-0.34,-0.28,-0.21,0.97,1.59,121.4789516,1.4933,144.68,1.6342,1.5346,130.4,128.7,122.7,93.6,13.36,106.5,163.4,135.1,141.6,243.3,142.2,127.8,184.7,163.9,157.6,159.0,71.108,146.196,71.348,62.364,14.28,16.31,13.46,104.4,104276.69,364259.32,1047.236,31.4885
9/1/1998,10803.967,9414.7,63.163,986814.0,232308.0,86.0023,95.4831,93.2799,100.025,90.6293,103.0663,76.7122,76.0351,64.4097,110.8742,89.1832,89.0683,66.2498,80.8336,4712.0,0.747936508,138286.0,131986.0,4.6,14.4,2624.0,1985.0,1688.0,772.0,916.0,304000,126744.0,24419.0,557.4,6225.0,17557.0,10925.0,6632.0,102325.0,25224.0,5766.1,14650.0,7624.0,19985.0,40.6,4.7,41.3,1582.0,145.0,314.0,713.0,410.0,1577.0,162.0,319.0,708.0,388.0,112746.0,181422.0,63835.0,509084.0,1061883.0,1.44,1079.9,4267.7,2610.2,508.6,44.2,44.0,912.8299,1274.9305,828674.04,107.9269663,1020.64,1.582340492,25.60974002,5.51,5.32,4.61,4.63,4.71,4.62,4.81,6.4,7.09,-0.19,-0.9,-0.88,-0.8,-0.89,-0.7,0.89,1.58,116.7269031,1.4,134.4805,1.6823,1.5218,130.4,128.6,122.3,91.4,14.95,107.1,163.5,133.1,141.2,244.1,142.0,127.3,185.1,163.9,157.4,159.0,71.067,145.777,71.2,62.39,14.29,16.25,13.52,100.9,105549.1,369486.82,1052.6835,39.2471
10/1/1998,10823.508,9433.7,63.376,995183.0,236174.0,86.591,96.0127,93.8903,100.3734,92.1955,102.849,77.5787,76.6862,65.4002,110.8801,89.9423,88.5565,66.5238,81.0849,4675.0,0.744426752,138279.0,131999.0,4.5,14.1,2823.0,1909.0,1582.0,723.0,858.0,310600,126948.0,24406.0,553.1,6262.0,17512.0,10907.0,6605.0,102542.0,25240.0,5766.1,14658.8,7647.0,20001.0,40.9,4.8,41.4,1715.0,167.0,355.0,833.0,360.0,1719.0,174.0,338.0,789.0,418.0,113795.0,178527.0,60928.0,504267.0,1064717.0,1.43,1086.0,4307.9,2628.4,512.6,44.1,43.9,932.1106,1282.5862,833107.33,108.072246,1032.47,1.565827579,26.01501587,5.07,5.09,3.96,4.05,4.12,4.18,4.53,6.37,7.18,0.02,-1.11,-1.02,-0.95,-0.89,-0.54,1.3,2.11,112.8162707,1.3373,121.0486,1.6944,1.5452,130.9,129.2,122.2,93.9,14.39,106.2,163.9,132.7,141.4,244.8,142.3,127.1,185.5,164.2,157.7,159.4,71.223,145.561,71.367,62.572,14.35,16.39,13.53,97.4,107350.02,371648.17,1072.3485,37.454
11/1/1998,10874.887,9478.1,63.548,999456.0,237592.0,86.5115,95.7537,93.45,99.676,91.9678,101.943,77.6103,76.7981,65.9445,110.6739,90.0686,83.0337,68.0982,80.7766,4934.0,0.808852459,138381.0,132280.0,4.4,14.5,2510.0,1998.0,1590.0,715.0,875.0,316000,127223.0,24395.0,548.3,6301.0,17466.0,10877.0,6589.0,102828.0,25291.0,5774.8,14691.6,7664.0,20044.0,40.8,4.8,41.4,1660.0,142.0,325.0,791.0,402.0,1672.0,174.0,330.0,717.0,451.0,112727.0,182400.0,62463.0,501947.0,1068824.0,1.43,1094.9,4346.6,2648.8,518.3,44.1,44.1,942.2355,1301.1415,837234.9,108.0902824,1144.43,1.414092605,29.01695374,4.83,5.15,4.41,4.42,4.53,4.54,4.83,6.41,7.34,0.32,-0.42,-0.41,-0.3,-0.29,0.0,1.58,2.51,113.8484552,1.3852,120.2895,1.6611,1.5404,130.8,129.1,122.0,93.6,12.85,104.0,164.1,132.7,141.3,245.3,142.2,127.2,186.0,164.4,157.8,159.6,71.226,145.208,71.277,62.637,14.37,16.42,13.54,102.7,109014.09,374214.53,1093.9424,25.038
12/1/1998,10900.473,9497.8,64.067,1007152.0,240140.0,86.8615,95.863,93.4753,99.7122,92.6575,101.6787,77.7555,77.4094,66.9171,111.1862,90.5797,82.7881,68.9938,80.8274,4839.0,0.802221485,138634.0,132602.0,4.4,14.0,2587.0,1806.0,1559.0,756.0,803.0,316000,127595.0,24454.0,546.1,6378.0,17449.0,10870.0,6579.0,103141.0,25361.0,5790.4,14736.4,7682.0,20079.0,41.1,4.8,41.5,1792.0,162.0,427.0,763.0,440.0,1742.0,179.0,408.0,750.0,405.0,113627.0,178424.0,58598.0,496363.0,1067789.0,1.42,1095.0,4375.6,2661.6,526.4,45.2,45.1,938.7909,1311.7255,839581.66,108.0292416,1190.05,1.361287341,30.37236001,4.68,5.04,4.39,4.4,4.52,4.45,4.65,6.22,7.23,0.36,-0.29,-0.28,-0.16,-0.23,-0.03,1.54,2.55,112.9098797,1.3604,117.0709,1.6708,1.5433,131.3,129.8,121.3,90.2,11.28,100.7,164.4,132.0,140.9,245.9,142.5,127.0,186.4,164.8,158.1,159.9,71.298,144.633,71.48,62.726,14.41,16.47,13.56,100.5,113500.58,377026.34,1096.2859,25.4768
1/1/1999,10942.984,9526.4,64.013,1005803.0,240269.0,87.2205,96.3809,94.0419,100.7206,92.6483,103.134,77.7426,77.5917,67.0657,111.3386,90.8124,88.8439,70.5111,80.6414,5161.0,0.863621151,139003.0,133027.0,4.3,13.4,2462.0,1993.0,1490.0,775.0,714.0,326200,127699.0,24401.0,536.5,6357.0,17427.0,10853.0,6574.0,103298.0,25380.0,5787.4,14759.8,7706.0,20084.0,40.7,4.8,41.3,1748.0,150.0,304.0,837.0,457.0,1732.0,167.0,321.0,804.0,440.0,114899.0,186527.0,63726.0,497889.0,1069505.0,1.42,1098.1,4403.0,2673.3,527.9,46.8,46.5,937.4063,1318.3059,846059.93,108.2873546,1248.77,1.303949753,31.97363807,4.63,4.81,4.34,4.33,4.51,4.6,4.72,6.24,7.29,0.18,-0.29,-0.3,-0.12,-0.03,0.09,1.61,2.66,112.0198248,1.3856,113.29,1.6498,1.5194,131.7,130.3,121.2,91.0,12.47,98.5,164.7,131.5,140.8,246.5,142.8,126.7,186.6,165.0,158.5,160.2,71.398,144.458,71.768,62.791,14.42,16.48,13.59,103.9,113575.77,377337.01,1097.746,28.6168
2/1/1999,10988.184,9569.7,64.316,1021353.0,243346.0,87.726,96.8351,94.5545,101.1559,93.4492,103.3967,78.3781,78.1528,67.7875,112.0635,91.6065,83.5142,71.145,80.9622,5248.0,0.858779251,138967.0,132856.0,4.4,13.8,2566.0,1946.0,1551.0,749.0,801.0,301500,128118.0,24434.0,530.0,6429.0,17395.0,10846.0,6549.0,103684.0,25484.0,5810.6,14822.5,7714.0,20144.0,40.8,4.8,41.4,1670.0,175.0,299.0,852.0,344.0,1720.0,176.0,343.0,802.0,399.0,117580.0,185546.0,62053.0,496745.0,1074548.0,1.41,1096.7,4425.8,2687.2,526.4,45.5,45.4,935.6172,1320.7663,855860.56,109.1533574,1246.58,1.312925498,32.0421101,4.76,4.82,4.44,4.44,4.7,4.91,5.0,6.4,7.39,0.06,-0.32,-0.32,-0.06,0.15,0.24,1.64,2.63,113.651533,1.4272,116.6684,1.6276,1.4977,131.2,129.5,120.8,89.0,12.01,96.6,164.7,130.8,140.0,247.3,142.4,126.2,186.9,164.9,158.3,160.1,71.358,143.91,71.54,62.857,14.46,16.48,13.63,108.1,116087.59,379472.4,1092.1664,29.5663
3/1/1999,11000.779,9574.7,64.624,1019851.0,244687.0,87.9125,96.7077,94.3959,100.9419,93.2254,103.1884,78.3606,78.6845,68.4112,112.318,91.6005,89.6687,70.6233,80.5865,5035.0,0.870655369,138730.0,132947.0,4.2,13.4,2473.0,1905.0,1472.0,758.0,714.0,302750,128234.0,24378.0,527.4,6402.0,17368.0,10843.0,6525.0,103856.0,25520.0,5815.7,14844.6,7722.0,20168.0,40.5,4.8,41.3,1710.0,157.0,353.0,817.0,383.0,1665.0,167.0,350.0,740.0,408.0,117056.0,184689.0,61480.0,497553.0,1080973.0,1.42,1096.6,4432.6,2689.7,531.0,43.2,43.2,944.2363,1326.8933,865721.6,110.2001808,1281.66,1.283491722,32.9909129,4.81,4.84,4.44,4.47,4.78,5.14,5.23,6.62,7.53,0.03,-0.37,-0.34,-0.03,0.33,0.42,1.81,2.72,116.0221727,1.466,119.473,1.6213,1.5176,131.5,130.0,121.1,89.6,14.66,95.2,164.8,130.4,140.7,247.9,142.4,125.9,187.4,165.1,158.4,160.3,71.412,143.374,71.545,62.979,14.51,16.56,13.69,105.7,116099.98,381845.61,1100.8001,26.3073
4/1/1999,10969.064,9556.6,65.011,1018152.0,246628.0,88.1082,96.7545,94.3772,100.8068,94.169,102.5706,78.7696,79.0434,69.1447,112.2571,91.9179,89.0733,72.1844,80.5084,5000.0,0.832778148,138959.0,132955.0,4.3,13.3,2781.0,1848.0,1480.0,782.0,698.0,308500,128596.0,24425.0,521.3,6480.0,17343.0,10833.0,6510.0,104171.0,25580.0,5823.1,14888.0,7735.0,20237.0,40.7,4.8,41.3,1553.0,142.0,347.0,672.0,392.0,1600.0,166.0,341.0,700.0,393.0,116417.0,182993.0,61939.0,495575.0,1083056.0,1.42,1101.6,4461.4,2689.2,535.2,43.6,43.4,947.1871,1332.6164,871936.15,110.7769117,1334.76,1.226437712,34.24502801,4.74,4.8,4.29,4.37,4.69,5.08,5.18,6.64,7.48,0.06,-0.45,-0.37,-0.05,0.34,0.44,1.9,2.74,116.1729412,1.4971,119.7723,1.6089,1.4881,132.1,130.8,121.9,91.3,17.34,96.8,165.9,131.7,143.6,248.7,144.0,125.9,187.9,166.3,159.6,161.3,71.757,143.556,72.701,63.079,14.57,16.6,13.74,104.6,118630.56,383575.87,1100.7676,24.6938
5/1/1999,10994.059,9577.7,65.311,1033086.0,248367.0,88.6483,97.4239,95.1754,101.704,95.0665,103.4574,79.6039,79.4398,69.7249,112.4374,92.6474,87.6339,72.2718,80.7975,5088.0,0.877846791,139107.0,133311.0,4.2,13.4,2511.0,1789.0,1505.0,787.0,718.0,301600,128813.0,24445.0,515.3,6516.0,17333.0,10832.0,6501.0,104368.0,25630.0,5829.5,14919.3,7746.0,20229.0,40.7,4.8,41.4,1611.0,147.0,348.0,706.0,410.0,1640.0,160.0,347.0,712.0,421.0,117624.0,185963.0,63269.0,493470.0,1087471.0,1.4,1103.8,4486.1,2702.5,540.6,44.8,44.7,942.0807,1341.2577,879768.92,111.4449748,1332.07,1.222908706,34.24820871,4.74,4.83,4.5,4.56,4.85,5.44,5.54,6.93,7.72,0.09,-0.24,-0.18,0.11,0.7,0.8,2.19,2.98,116.234361,1.5078,121.9995,1.6154,1.4611,132.3,131.0,122.2,96.8,17.75,102.8,166.0,131.7,143.4,249.3,143.9,125.7,188.1,166.4,159.6,161.4,71.804,143.196,72.613,63.205,14.66,16.74,13.8,106.8,117287.14,391322.7,1102.8097,27.3765
6/1/1999,11033.786,9612.4,65.586,1034140.0,249329.0,88.5903,96.9185,94.4498,100.7413,94.5615,102.304,79.3721,79.8795,70.3312,113.0397,92.4311,89.0551,72.1402,80.2671,4870.0,0.818349857,139329.0,133378.0,4.3,14.3,2521.0,1773.0,1624.0,812.0,812.0,294000,129084.0,24433.0,511.6,6547.0,17294.0,10816.0,6478.0,104651.0,25680.0,5837.5,14944.1,7762.0,20272.0,40.8,4.9,41.3,1559.0,166.0,353.0,681.0,359.0,1702.0,175.0,338.0,762.0,427.0,118268.0,182590.0,62413.0,490371.0,1089647.0,1.4,1099.8,4508.0,2715.7,544.0,42.3,42.2,949.8025,1347.328,884704.58,111.6332387,1322.55,1.225662546,33.99163455,4.76,5.04,4.57,4.82,5.1,5.81,5.9,7.23,8.02,0.28,-0.19,0.06,0.34,1.05,1.14,2.47,3.26,117.2361314,1.5374,120.7245,1.595,1.4695,132.4,131.3,122.6,97.0,17.89,100.3,166.0,131.7,143.0,250.0,143.8,125.8,188.3,166.5,159.6,161.4,71.826,142.841,72.65,63.258,14.73,16.81,13.86,107.3,121127.59,397369.78,1113.2156,24.1236
7/1/1999,11061.061,9639.2,65.697,1035484.0,251263.0,89.1098,97.0214,94.3914,100.3654,94.8337,101.6478,79.9206,80.8679,71.8498,112.3263,92.8116,91.1241,73.1684,80.2626,4959.0,0.823070539,139439.0,133414.0,4.3,13.6,2643.0,1783.0,1513.0,781.0,732.0,298000,129421.0,24473.0,511.4,6571.0,17308.0,10837.0,6471.0,104948.0,25745.0,5851.0,14991.4,7780.0,20339.0,40.8,4.8,41.4,1669.0,179.0,329.0,733.0,428.0,1682.0,162.0,337.0,770.0,413.0,118039.0,189083.0,66309.0,493650.0,1095243.0,1.4,1099.1,4535.4,2720.7,548.8,41.6,41.3,958.6382,1354.2924,891382.22,111.9011549,1380.99,1.179829929,35.29005419,4.99,5.14,4.55,4.58,5.03,5.68,5.79,7.19,7.95,0.15,-0.44,-0.41,0.04,0.69,0.8,2.2,2.96,117.5807452,1.5474,119.3305,1.5751,1.489,132.7,131.7,123.4,97.3,20.07,107.0,166.7,131.5,144.6,250.9,144.5,125.9,188.9,167.1,160.3,162.0,72.017,142.757,73.031,63.412,14.77,16.84,13.91,106.0,121359.38,401509.11,1116.6807,21.4866
8/1/1999,11111.719,9681.7,66.041,1043658.0,253844.0,89.5007,97.7605,95.3654,101.664,96.9956,102.5543,80.4553,80.8692,71.8779,112.7102,93.3952,90.3957,73.246,80.4289,4987.0,0.854230901,139430.0,133591.0,4.2,13.1,2546.0,1824.0,1455.0,748.0,706.0,290750,129572.0,24467.0,511.7,6586.0,17287.0,10820.0,6467.0,105105.0,25774.0,5864.7,15000.1,7778.0,20375.0,40.8,4.9,41.5,1648.0,180.0,337.0,735.0,396.0,1671.0,166.0,344.0,767.0,394.0,119453.0,189414.0,66476.0,493236.0,1097204.0,1.39,1099.2,4552.7,2724.5,551.4,41.7,41.4,969.3807,1369.8219,899697.68,112.2251344,1327.49,1.2336565,33.66292983,5.07,5.28,4.72,4.87,5.2,5.84,5.94,7.4,8.15,0.21,-0.35,-0.2,0.13,0.77,0.87,2.33,3.08,115.1787447,1.5093,113.2268,1.6058,1.4932,133.5,132.7,124.1,102.4,21.26,107.9,167.1,130.9,145.9,251.7,145.0,126.0,189.3,167.6,160.7,162.5,72.148,142.527,73.347,63.517,14.79,16.83,13.94,104.5,125909.88,406497.16,1122.35,24.7277
9/1/1999,11105.537,9676.6,66.372,1041766.0,255029.0,89.1304,97.2339,94.6585,100.8575,95.5457,102.0449,80.095,80.669,71.4366,113.0531,93.0168,89.5914,74.1427,79.7688,4829.0,0.816398986,139622.0,133707.0,4.2,13.1,2611.0,1835.0,1449.0,739.0,709.0,289500,129772.0,24486.0,509.6,6613.0,17282.0,10823.0,6459.0,105286.0,25829.0,5873.6,15026.8,7771.0,20404.0,40.9,4.9,41.4,1635.0,136.0,357.0,757.0,385.0,1551.0,154.0,336.0,682.0,379.0,120616.0,188910.0,66827.0,495229.0,1102608.0,1.39,1096.5,4568.8,2722.8,556.8,41.3,41.0,975.6399,1388.625,904172.7,112.4425086,1318.17,1.24870085,33.00732088,5.22,5.32,4.68,4.88,5.25,5.8,5.92,7.39,8.2,0.1,-0.54,-0.34,0.03,0.58,0.7,2.17,2.98,113.6065628,1.5262,106.8752,1.6247,1.4771,134.5,134.0,124.6,106.4,23.88,110.8,167.8,131.2,147.0,252.5,145.9,126.1,189.8,168.4,161.5,163.2,72.407,142.329,73.927,63.715,14.86,16.91,13.99,107.2,122999.19,410375.37,1127.498,26.0494
10/1/1999,11171.257,9739.5,66.518,1050919.0,254816.0,90.2709,98.5512,96.0897,102.8359,98.6688,103.505,80.7298,81.6185,72.7752,113.8414,94.3734,88.2894,74.6103,80.5947,5045.0,0.873139495,139771.0,133993.0,4.1,13.3,2536.0,1847.0,1438.0,713.0,724.0,290400,130178.0,24506.0,510.1,6640.0,17274.0,10820.0,6454.0,105672.0,25882.0,5881.0,15062.1,7770.0,20457.0,40.9,4.9,41.4,1608.0,138.0,389.0,719.0,362.0,1649.0,146.0,343.0,772.0,388.0,122864.0,194547.0,65730.0,499687.0,1108174.0,1.39,1103.3,4592.7,2732.1,564.7,40.7,40.4,979.0983,1409.6491,909140.29,112.2062957,1300.01,1.266656923,32.16771211,5.2,5.93,4.86,4.98,5.43,6.03,6.11,7.55,8.38,0.73,-0.34,-0.22,0.23,0.83,0.91,2.35,3.18,112.3838467,1.4896,105.965,1.6572,1.4776,134.4,133.8,124.9,103.8,22.64,112.5,168.1,131.4,147.6,253.1,146.1,126.1,190.2,168.7,161.9,163.5,72.529,142.068,74.003,63.886,14.88,16.99,13.99,103.2,124076.55,412326.65,1135.6764,25.37
11/1/1999,11247.83,9816.9,66.845,1056351.0,258133.0,90.7528,98.6781,96.041,102.7812,97.968,103.7389,80.8455,82.496,73.7239,115.1605,95.0269,83.9346,73.2098,80.816,5011.0,0.876662001,140025.0,134309.0,4.1,12.9,2562.0,1775.0,1378.0,697.0,682.0,281750,130467.0,24561.0,511.4,6687.0,17282.0,10825.0,6457.0,105906.0,25920.0,5894.2,15075.2,7773.0,20496.0,41.0,4.9,41.4,1648.0,149.0,367.0,723.0,409.0,1672.0,169.0,378.0,737.0,388.0,121288.0,186597.0,64522.0,498501.0,1119418.0,1.39,1110.7,4611.8,2738.6,582.8,41.0,40.7,1000.2986,1422.9249,915232.59,112.0880543,1391.0,1.184279895,33.94877103,5.42,5.85,5.07,5.2,5.55,5.97,6.03,7.36,8.15,0.43,-0.35,-0.22,0.13,0.55,0.61,1.94,2.73,113.5683381,1.5543,104.6485,1.6205,1.4674,134.9,134.4,125.4,109.7,24.97,113.8,168.4,131.0,147.5,253.9,145.9,125.8,190.9,168.9,162.0,163.7,72.594,141.745,73.904,64.037,14.9,16.99,14.01,107.2,125817.59,415133.96,1131.3603,22.2295
12/1/1999,11339.82,9904.0,67.645,1060927.0,263311.0,91.4784,99.586,96.9217,103.8936,98.0677,105.2857,81.5295,83.0232,74.3088,115.2789,95.6978,86.3402,73.5447,81.051,5105.0,0.903060322,140177.0,134523.0,4.0,12.9,2642.0,1614.0,1375.0,696.0,680.0,278500,130783.0,24581.0,512.5,6709.0,17279.0,10830.0,6449.0,106202.0,26019.0,5904.7,15151.8,7775.0,20540.0,40.8,4.9,41.4,1708.0,152.0,377.0,790.0,389.0,1683.0,174.0,362.0,746.0,401.0,121308.0,196344.0,69654.0,505667.0,1127309.0,1.39,1122.2,4639.3,2748.4,612.5,41.7,41.3,1000.6226,1460.8214,920409.49,111.5485614,1428.68,1.153512333,34.3144046,5.3,5.93,5.2,5.44,5.84,6.19,6.28,7.55,8.19,0.63,-0.1,0.14,0.54,0.89,0.98,2.25,2.89,114.0490459,1.5841,102.5843,1.6132,1.4722,135.2,134.8,125.8,104.4,26.08,115.7,168.8,131.3,148.8,254.9,146.5,125.5,191.2,169.4,162.5,164.1,72.763,141.259,74.386,64.167,14.95,17.06,14.06,105.4,129246.47,418351.44,1144.7932,23.2213
1/1/2000,11441.669,10000.3,67.481,1069375.0,261545.0,91.4092,99.2813,96.468,102.5226,99.8179,102.583,82.7416,83.2132,75.2585,114.1608,95.7096,85.7796,71.3575,80.728,5386.0,0.943587947,142267.0,136559.0,4.0,13.1,2541.0,1749.0,1380.0,659.0,721.0,288400,131011.0,24629.0,512.7,6752.0,17284.0,10845.0,6439.0,106382.0,26043.0,5908.1,15165.2,7769.0,20571.0,40.9,4.9,41.5,1636.0,163.0,316.0,779.0,378.0,1727.0,192.0,377.0,726.0,432.0,124292.0,201360.0,69082.0,510599.0,1132064.0,1.38,1122.1,4667.6,2757.0,601.9,44.2,43.9,1003.1482,1482.3792,923673.63,110.6460985,1425.59,1.162559595,33.50519346,5.45,5.81,5.32,5.5,6.12,6.58,6.66,7.78,8.33,0.36,-0.13,0.05,0.67,1.13,1.21,2.33,2.88,113.8617095,1.5903,105.296,1.6404,1.4486,135.2,134.7,126.4,106.8,27.18,119.7,169.3,130.7,149.1,255.6,146.7,125.3,192.0,170.0,162.8,164.6,72.961,141.202,74.551,64.396,15.01,17.11,14.12,112.0,132467.09,421056.34,1147.355,24.843
2/1/2000,11488.814,10045.9,68.116,1050132.0,265686.0,91.7245,99.7763,97.0672,103.3046,99.4723,103.8489,83.3449,83.3324,75.4674,114.0564,95.9357,89.8656,72.4966,80.5879,5484.0,0.936155685,142456.0,136598.0,4.1,12.6,2604.0,1912.0,1300.0,671.0,629.0,293750,131121.0,24608.0,513.0,6730.0,17284.0,10849.0,6435.0,106513.0,26061.0,5909.7,15174.1,7772.0,20599.0,41.1,5.0,41.5,1737.0,171.0,384.0,748.0,434.0,1692.0,176.0,366.0,735.0,415.0,122716.0,183911.0,62039.0,509641.0,1137448.0,1.4,1108.6,4680.9,2753.5,578.0,42.1,42.0,1016.2395,1492.3819,931852.73,110.818753,1388.87,1.20001632,31.81899148,5.73,5.9,5.55,5.72,6.22,6.68,6.52,7.68,8.29,0.17,-0.18,-0.01,0.49,0.95,0.79,1.95,2.56,116.5181467,1.6348,109.3885,1.6,1.4512,136.6,136.5,127.5,111.0,29.35,121.2,170.0,130.4,150.0,256.5,147.6,125.1,192.5,170.7,163.6,165.2,73.191,140.81,75.092,64.588,15.06,17.2,14.14,111.3,136610.16,422437.48,1140.6152,25.456
3/1/2000,11520.777,10078.6,68.451,1062548.0,269019.0,92.083,99.9986,97.1788,102.9281,99.1593,103.4537,84.4895,83.8422,76.286,114.4086,96.5607,81.754,74.7405,80.782,5390.0,0.94017094,142434.0,136701.0,4.0,12.7,2780.0,1781.0,1312.0,666.0,646.0,274750,131604.0,24706.0,512.9,6811.0,17302.0,10870.0,6432.0,106898.0,26118.0,5925.7,15208.0,7767.0,20733.0,40.9,4.7,41.4,1604.0,150.0,312.0,793.0,349.0,1651.0,174.0,366.0,715.0,396.0,124989.0,192130.0,67103.0,511421.0,1140635.0,1.38,1107.5,4711.7,2755.4,577.1,39.7,39.6,1026.2416,1518.621,938939.72,110.8770025,1442.21,1.16210538,32.11853969,5.85,6.03,5.69,5.85,6.22,6.5,6.26,7.68,8.37,0.18,-0.16,0.0,0.37,0.65,0.41,1.83,2.52,116.9547126,1.6636,106.3074,1.5799,1.4608,137.3,137.4,128.4,113.2,29.89,119.0,171.0,130.3,153.6,257.7,149.1,125.5,193.1,171.8,164.7,166.3,73.505,141.084,76.053,64.703,15.1,17.28,14.17,107.1,136745.97,423323.75,1153.6454,24.7678
4/1/2000,11582.719,10127.6,68.431,1071378.0,264067.0,92.6659,100.8141,97.9821,103.7978,100.4625,104.1323,85.4573,84.1737,76.9221,114.4426,97.1718,86.7733,72.5666,80.963,5424.0,0.989600438,142751.0,137270.0,3.8,12.4,2510.0,1845.0,1261.0,662.0,599.0,271600,131883.0,24689.0,517.0,6794.0,17299.0,10867.0,6432.0,107194.0,26184.0,5913.5,15281.9,7763.0,20802.0,41.1,4.8,41.6,1626.0,142.0,377.0,697.0,410.0,1597.0,167.0,347.0,688.0,395.0,125393.0,195044.0,69174.0,511144.0,1149333.0,1.39,1115.6,4767.8,2789.8,578.6,40.6,40.3,1035.2058,1541.9661,944791.8,111.063126,1461.36,1.145508294,31.86789036,6.02,6.15,5.66,5.81,6.15,6.26,5.99,7.64,8.4,0.13,-0.36,-0.21,0.13,0.24,-0.03,1.62,2.38,117.7763656,1.6657,105.627,1.5823,1.4689,136.9,136.9,128.3,111.3,25.74,115.6,170.9,129.8,152.1,258.4,148.5,125.4,193.5,171.7,164.5,166.1,73.444,140.871,75.746,64.732,15.17,17.39,14.23,109.2,136863.39,427912.64,1159.7795,29.8331
5/1/2000,11624.34,10135.7,68.688,1065692.0,265992.0,92.9347,100.9673,98.3046,103.9858,100.0836,104.563,86.1936,84.5705,77.3383,114.0962,97.18,91.6346,72.7235,80.6424,5069.0,0.880340396,142388.0,136630.0,4.0,12.6,2564.0,1911.0,1325.0,683.0,643.0,282250,132105.0,24646.0,519.4,6770.0,17278.0,10871.0,6407.0,107459.0,26118.0,5902.5,15233.0,7762.0,21147.0,40.7,4.7,41.2,1575.0,157.0,329.0,727.0,362.0,1543.0,162.0,317.0,691.0,373.0,124266.0,188606.0,67333.0,509757.0,1154797.0,1.4,1104.9,4755.7,2777.9,580.6,41.6,41.2,1051.7891,1565.3995,951650.78,111.3758301,1418.48,1.178726524,30.30155122,6.27,6.57,5.79,6.1,6.33,6.69,6.44,7.99,8.9,0.3,-0.48,-0.17,0.06,0.42,0.17,1.72,2.63,121.4395435,1.719,108.3205,1.509,1.4957,137.0,136.9,128.2,115.1,28.78,115.3,171.2,129.7,152.0,259.2,148.5,125.8,194.0,171.9,164.7,166.4,73.505,140.885,75.613,64.856,15.17,17.38,14.22,110.7,140410.2,432485.03,1164.4737,29.429
6/1/2000,11657.461,10184.3,68.834,1072737.0,267750.0,93.0018,100.985,98.4159,104.0644,99.6828,104.8457,86.3144,84.6925,78.0017,113.5402,97.3527,91.3987,72.8268,80.4613,4972.0,0.879844275,142591.0,136940.0,4.0,12.3,2579.0,1753.0,1242.0,616.0,627.0,291000,132062.0,24670.0,518.3,6778.0,17295.0,10907.0,6388.0,107392.0,26140.0,5905.5,15243.2,7763.0,20887.0,40.7,4.7,41.3,1559.0,143.0,294.0,746.0,376.0,1572.0,160.0,318.0,694.0,400.0,126141.0,219745.0,76145.0,537504.0,1164325.0,1.4,1102.6,4773.6,2772.1,582.0,39.4,38.9,1062.7574,1585.4983,970389.49,112.8648596,1461.96,1.142302115,30.51453092,6.53,6.59,5.69,5.97,6.17,6.3,6.1,7.67,8.48,0.06,-0.84,-0.56,-0.36,-0.23,-0.43,1.14,1.95,118.3918656,1.642,106.1255,1.5092,1.477,138.1,138.4,129.3,124.8,31.83,114.7,172.2,129.3,155.0,260.3,149.6,125.5,194.9,173.1,165.8,167.4,73.754,140.446,76.306,65.032,15.22,17.39,14.3,106.4,143115.25,440928.0,1170.1937,24.3177
7/1/2000,11719.57,10244.3,68.882,1065977.0,265683.0,92.8373,101.0072,98.395,103.6167,98.2049,104.8384,86.85,84.3247,78.357,112.0555,97.4342,88.8449,72.2475,80.2097,5072.0,0.882547416,142278.0,136531.0,4.0,13.4,2498.0,1824.0,1343.0,645.0,698.0,295000,132228.0,24717.0,520.8,6794.0,17322.0,10929.0,6393.0,107511.0,26150.0,5890.7,15257.2,7766.0,20867.0,40.9,4.7,41.5,1463.0,146.0,319.0,636.0,362.0,1542.0,159.0,317.0,691.0,375.0,124970.0,189265.0,67891.0,537314.0,1166841.0,1.41,1103.5,4791.3,2774.3,584.2,39.9,39.3,1068.6389,1600.4004,982824.43,113.4207044,1473.0,1.125594026,30.1819054,6.54,6.54,5.96,6.0,6.08,6.18,6.05,7.65,8.35,0.0,-0.58,-0.54,-0.46,-0.36,-0.49,1.11,1.81,119.4595529,1.6519,108.2115,1.5076,1.4778,138.2,138.3,129.6,122.1,29.77,117.5,172.7,128.9,154.6,261.2,149.8,125.4,195.7,173.5,166.3,167.9,73.939,140.188,76.5,65.253,15.27,17.48,14.33,108.3,147951.52,449083.13,1178.6607,22.66
8/1/2000,11783.694,10298.3,69.236,1066347.0,266885.0,92.591,100.506,97.8783,103.1389,97.9743,104.259,86.4402,84.3562,77.959,111.0996,96.7954,90.4911,72.3586,79.3699,4775.0,0.815820947,142514.0,136662.0,4.1,12.9,2550.0,1893.0,1394.0,685.0,709.0,312750,132234.0,24683.0,520.9,6796.0,17287.0,10912.0,6375.0,107551.0,26179.0,5879.7,15279.7,7777.0,20837.0,40.6,4.6,41.1,1541.0,143.0,297.0,706.0,395.0,1552.0,155.0,305.0,684.0,408.0,121739.0,188730.0,69689.0,539400.0,1173925.0,1.42,1100.2,4819.5,2790.7,583.4,39.5,38.9,1071.8339,1613.2634,995593.51,114.2757868,1485.46,1.108074267,29.977733,6.5,6.49,6.09,6.07,6.18,6.06,5.83,7.55,8.26,-0.01,-0.41,-0.43,-0.32,-0.44,-0.67,1.05,1.76,121.356467,1.7149,108.0804,1.4889,1.4828,137.9,138.0,129.3,117.6,31.22,118.7,172.7,128.9,153.2,262.4,149.2,125.3,196.3,173.4,166.1,167.8,73.934,139.611,76.108,65.424,15.32,17.55,14.36,107.3,150520.91,456248.36,1176.1615,20.4843
9/1/2000,11794.536,10308.4,69.808,1077852.0,270523.0,92.9827,101.0785,98.6422,104.1291,98.2502,105.5338,87.305,84.5524,78.4197,111.0928,97.2716,93.1538,73.8302,79.4489,4942.0,0.878577778,142518.0,136893.0,3.9,12.2,2571.0,1746.0,1290.0,644.0,646.0,300200,132338.0,24641.0,525.7,6807.0,17229.0,10873.0,6356.0,107697.0,26175.0,5864.5,15303.4,7798.0,20735.0,40.6,4.6,41.1,1507.0,153.0,307.0,660.0,387.0,1570.0,169.0,304.0,708.0,389.0,126958.0,199947.0,75032.0,545765.0,1174332.0,1.4,1099.7,4855.2,2796.8,583.8,39.2,38.7,1073.3289,1624.2423,1007004.0,114.9849846,1468.05,1.113041109,29.04977871,6.52,6.47,6.0,5.98,6.13,5.93,5.8,7.62,8.35,-0.05,-0.52,-0.54,-0.39,-0.59,-0.72,1.1,1.83,123.2808365,1.7586,106.8375,1.4336,1.4864,139.0,139.4,130.3,125.6,33.88,122.3,173.6,129.5,155.2,263.3,150.4,125.3,196.9,174.5,167.2,168.7,74.252,139.818,76.849,65.618,15.37,17.62,14.4,106.8,152006.92,466632.9,1181.637,22.3365
10/1/2000,11824.829,10337.7,69.765,1069627.0,270339.0,92.64,100.5328,98.0554,103.0156,97.1059,104.4394,87.3261,84.4312,78.1946,111.0391,96.8866,91.9542,71.9212,78.8277,4910.0,0.887242501,142622.0,137088.0,3.9,12.7,2497.0,1724.0,1337.0,710.0,627.0,301000,132352.0,24638.0,528.3,6814.0,17217.0,10874.0,6343.0,107714.0,26193.0,5864.3,15308.3,7809.0,20743.0,40.8,4.6,41.1,1549.0,173.0,322.0,715.0,339.0,1577.0,160.0,330.0,695.0,392.0,126050.0,186158.0,65726.0,544382.0,1181347.0,1.42,1098.7,4871.3,2801.2,585.3,38.8,38.3,1078.8326,1622.8007,1016651.17,115.6323484,1390.14,1.173742693,27.09335915,6.51,6.52,6.11,6.04,6.01,5.78,5.74,7.55,8.34,0.01,-0.4,-0.47,-0.5,-0.73,-0.77,1.04,1.83,125.2570402,1.7745,108.4429,1.4506,1.5125,139.5,140.0,130.7,130.2,33.08,120.8,173.9,129.2,154.7,264.1,150.1,125.2,197.7,174.7,167.3,168.9,74.353,139.555,76.656,65.843,15.45,17.67,14.48,105.8,155653.02,484039.74,1165.8691,28.214
11/1/2000,11832.213,10350.5,69.829,1061839.0,268850.0,92.6604,100.7372,98.2998,103.3334,95.1667,105.6775,87.1525,84.2494,77.7743,109.9653,96.6249,96.0956,72.8024,78.3126,4743.0,0.841106579,142962.0,137322.0,3.9,12.4,2512.0,1790.0,1315.0,723.0,593.0,334250,132556.0,24624.0,527.1,6817.0,17202.0,10879.0,6323.0,107932.0,26210.0,5859.1,15315.8,7823.0,20760.0,40.5,4.4,41.1,1551.0,149.0,314.0,676.0,412.0,1614.0,165.0,290.0,733.0,426.0,126063.0,189392.0,68968.0,548548.0,1187280.0,1.43,1092.4,4882.7,2802.9,590.3,38.7,38.4,1080.5634,1632.582,1026949.8,116.5677022,1378.04,1.182355616,26.60278288,6.51,6.52,6.17,6.06,6.09,5.7,5.72,7.45,8.28,0.01,-0.34,-0.45,-0.42,-0.81,-0.79,0.94,1.77,126.4046087,1.7779,109.0095,1.4258,1.5426,140.2,140.9,130.7,129.1,34.4,115.1,174.2,129.2,155.0,264.7,150.3,125.3,198.1,175.1,167.6,169.3,74.457,139.588,76.776,65.949,15.5,17.78,14.52,107.6,153187.97,490228.4,1161.6199,29.2119
12/1/2000,11859.86,10354.8,70.149,1070164.0,268338.0,92.3457,100.6222,98.4408,103.8808,93.6733,107.0477,86.4814,83.7121,77.2164,108.2835,96.0364,100.7031,71.1314,77.5418,5088.0,0.903088392,143248.0,137614.0,3.9,12.5,2477.0,1825.0,1329.0,687.0,642.0,346000,132716.0,24574.0,525.8,6792.0,17181.0,10862.0,6319.0,108142.0,26263.0,5836.8,15362.5,7838.0,20804.0,40.0,4.1,40.3,1532.0,170.0,237.0,694.0,431.0,1543.0,154.0,268.0,678.0,443.0,125546.0,188659.0,72194.0,549507.0,1187650.0,1.42,1088.6,4927.6,2822.2,598.3,38.4,38.2,1084.8969,1639.388,1034323.35,116.9519844,1330.93,1.222453472,25.59056518,6.4,6.33,5.77,5.68,5.6,5.17,5.24,7.21,8.02,-0.07,-0.63,-0.72,-0.8,-1.23,-1.16,0.81,1.62,123.9947977,1.6855,112.209,1.4629,1.5219,140.5,141.2,131.3,141.1,28.46,119.6,174.6,129.1,155.1,265.6,150.4,125.5,198.8,175.4,168.0,169.6,74.571,139.463,76.763,66.124,15.49,17.77,14.5,98.4,149143.52,495908.16,1175.4122,30.1045
1/1/2001,11932.006,10400.3,70.164,1061578.0,272881.0,91.8908,100.4033,98.044,103.0197,92.0884,106.4823,86.5605,82.9922,76.5263,108.2514,95.6489,99.3651,71.6873,76.9434,5234.0,0.869002158,143800.0,137778.0,4.2,12.7,2648.0,1956.0,1372.0,696.0,676.0,340000,132703.0,24535.0,529.8,6824.0,17105.0,10804.0,6301.0,108168.0,26180.0,5815.5,15336.1,7845.0,20835.0,40.2,4.2,40.7,1600.0,125.0,318.0,740.0,417.0,1699.0,150.0,330.0,740.0,479.0,123752.0,177056.0,63251.0,545536.0,1189079.0,1.43,1096.7,4978.3,2835.0,598.7,39.6,39.5,1093.6156,1643.5643,1043090.18,116.6650091,1335.63,1.21066463,25.51148687,5.98,5.51,5.15,4.95,4.81,4.86,5.16,7.15,7.93,-0.47,-0.83,-1.03,-1.17,-1.12,-0.82,1.17,1.95,122.6520821,1.6305,116.6719,1.4775,1.5032,141.7,142.8,132.1,165.6,29.58,117.4,175.6,129.4,155.4,267.2,150.6,125.5,200.6,176.6,169.1,170.6,74.932,139.368,76.934,66.583,15.51,17.86,14.48,94.7,145506.06,499626.06,1191.2502,27.83
2/1/2001,11960.086,10421.6,70.199,1066262.0,272627.0,91.2851,99.5966,97.4808,102.3683,91.7448,105.7077,86.0118,82.6056,75.9083,107.7672,94.9955,95.2115,72.8365,76.1462,5097.0,0.837083265,143701.0,137612.0,4.2,12.8,2851.0,1764.0,1491.0,777.0,714.0,371250,132788.0,24478.0,532.9,6841.0,17030.0,10764.0,6266.0,108310.0,26177.0,5797.5,15354.0,7868.0,20906.0,40.0,4.0,40.5,1625.0,145.0,326.0,770.0,384.0,1656.0,189.0,330.0,721.0,416.0,125177.0,180276.0,64748.0,540932.0,1182045.0,1.42,1101.2,5017.0,2850.6,595.9,39.1,39.1,1093.8498,1655.5665,1050719.51,117.0613773,1305.75,1.23071032,24.93866545,5.49,5.19,4.88,4.71,4.68,4.89,5.1,7.1,7.87,-0.3,-0.61,-0.78,-0.81,-0.6,-0.39,1.61,2.38,124.2837904,1.6686,116.2337,1.4525,1.5216,141.9,143.2,131.8,141.7,29.61,117.9,176.0,129.6,155.2,268.3,150.8,125.7,201.2,176.8,169.4,171.0,75.048,138.902,77.062,66.752,15.56,17.86,14.55,90.6,147899.05,504434.98,1181.9479,26.1594
3/1/2001,12003.752,10452.6,70.141,1053481.0,269820.0,91.0585,99.4143,97.4031,102.3506,93.907,104.8139,85.4276,82.3272,75.9756,106.2067,94.7752,93.1136,72.7668,75.7103,4762.0,0.775443739,143924.0,137783.0,4.3,12.8,2681.0,2059.0,1521.0,825.0,696.0,387200,132751.0,24410.0,535.5,6862.0,16938.0,10692.0,6246.0,108341.0,26139.0,5778.1,15329.6,7885.0,20945.0,40.1,4.1,40.5,1590.0,153.0,343.0,706.0,388.0,1659.0,158.0,336.0,728.0,437.0,122787.0,182209.0,64218.0,540904.0,1176840.0,1.44,1108.9,5074.8,2881.8,599.1,37.6,37.5,1092.1973,1669.2783,1057981.07,117.4308023,1185.85,1.346713328,22.7723603,5.31,4.81,4.42,4.28,4.3,4.64,4.89,6.98,7.84,-0.5,-0.89,-1.03,-1.01,-0.67,-0.42,1.67,2.53,127.2262617,1.6908,121.505,1.4445,1.5587,141.2,142.2,131.0,132.4,27.24,116.4,176.1,129.5,154.2,269.4,150.5,125.4,201.6,176.9,169.2,171.0,75.055,138.459,76.809,66.884,15.62,17.93,14.59,91.5,149979.77,507303.15,1178.937,32.4231
4/1/2001,11981.996,10410.4,70.094,1045172.0,274410.0,90.7384,98.9945,97.046,102.6904,94.034,105.231,83.4531,82.1153,75.8095,105.9243,94.403,93.4091,72.2966,75.169,4615.0,0.735927284,143569.0,137299.0,4.4,12.4,2972.0,1990.0,1499.0,787.0,712.0,396750,132457.0,24255.0,535.3,6844.0,16802.0,10594.0,6208.0,108202.0,26007.0,5761.4,15233.9,7888.0,20992.0,40.0,4.1,40.4,1649.0,179.0,308.0,745.0,417.0,1666.0,158.0,333.0,744.0,431.0,122438.0,171850.0,59075.0,537624.0,1175468.0,1.45,1116.7,5139.1,2913.3,601.7,38.6,38.5,1089.2749,1683.3982,1065651.31,118.2887267,1189.84,1.334353078,23.01632346,4.8,4.47,3.87,3.85,3.98,4.76,5.14,7.2,8.07,-0.33,-0.93,-0.95,-0.82,-0.04,0.34,2.4,3.27,128.587202,1.7131,123.771,1.4348,1.5578,142.0,143.1,130.9,133.0,27.41,111.9,176.4,128.2,154.8,270.4,150.9,125.2,202.0,177.2,169.6,171.4,75.187,138.267,77.065,67.008,15.62,17.82,14.63,88.4,159761.28,513651.53,1183.5891,32.245
5/1/2001,11953.393,10376.7,70.394,1054208.0,275769.0,90.2607,98.5703,96.6612,102.6964,94.7706,104.9461,82.1251,81.5723,75.411,104.7836,93.8817,90.3778,73.2925,74.5288,4425.0,0.7107292,143318.0,137092.0,4.3,12.1,2701.0,2045.0,1502.0,877.0,624.0,394500,132409.0,24118.0,535.3,6849.0,16660.0,10488.0,6172.0,108291.0,25992.0,5746.8,15237.6,7899.0,21029.0,40.0,4.0,40.4,1605.0,127.0,348.0,714.0,416.0,1665.0,153.0,334.0,756.0,422.0,125831.0,177749.0,59859.0,534563.0,1172056.0,1.43,1118.5,5137.2,2897.5,605.9,39.4,39.2,1083.9579,1695.6825,1071586.95,118.9185505,1270.37,1.242420187,24.88029547,4.21,3.96,3.62,3.62,3.78,4.93,5.39,7.29,8.07,-0.25,-0.59,-0.59,-0.43,0.72,1.18,3.08,3.86,128.702231,1.7528,121.7682,1.4265,1.5411,142.3,143.6,131.1,130.5,28.64,115.3,177.3,127.4,157.6,271.3,151.9,124.8,202.7,178.2,170.5,172.2,75.385,137.725,77.644,67.159,15.7,17.92,14.69,92.0,161911.58,515086.48,1192.709,26.095
6/1/2001,11940.34,10362.4,70.438,1039840.0,274474.0,89.7811,98.299,96.4443,102.735,94.2691,105.1939,81.1344,80.8512,74.6325,103.7837,93.3417,90.0008,73.7881,73.8967,4361.0,0.672578655,143357.0,136873.0,4.5,12.7,2808.0,2025.0,1532.0,822.0,710.0,397200,132299.0,23963.0,535.2,6840.0,16513.0,10383.0,6130.0,108336.0,25958.0,5729.0,15241.8,7904.0,21137.0,40.0,4.0,40.3,1636.0,134.0,339.0,768.0,395.0,1626.0,151.0,350.0,719.0,406.0,122050.0,176350.0,59725.0,532521.0,1163409.0,1.44,1126.2,5180.1,2915.1,609.1,38.1,37.9,1071.9119,1700.1292,1080365.55,119.812972,1238.71,1.266640295,24.77693116,3.97,3.69,3.49,3.45,3.58,4.81,5.28,7.18,7.97,-0.28,-0.48,-0.52,-0.39,0.84,1.31,3.21,4.0,129.8764266,1.7856,122.351,1.402,1.5245,141.8,142.8,130.9,119.9,27.6,112.3,177.7,127.4,157.3,272.4,151.9,124.6,203.5,178.6,170.7,172.6,75.518,137.777,77.666,67.333,15.77,17.99,14.74,92.6,159785.38,525218.47,1202.0543,23.3004
7/1/2001,11940.991,10360.8,70.588,1043806.0,273098.0,89.2352,97.8286,95.8515,102.1768,94.5095,104.3294,80.3241,80.2129,73.9534,103.7945,92.8745,90.2041,74.1895,73.3474,4447.0,0.675527875,143654.0,137071.0,4.6,12.9,2642.0,2187.0,1653.0,951.0,702.0,398000,132171.0,23836.0,536.0,6845.0,16381.0,10284.0,6097.0,108335.0,25886.0,5716.3,15180.5,7891.0,21185.0,40.2,4.2,40.6,1670.0,167.0,319.0,790.0,394.0,1598.0,160.0,338.0,709.0,391.0,122140.0,170129.0,55569.0,528062.0,1154938.0,1.43,1138.9,5210.0,2936.9,616.0,39.3,39.0,1063.9525,1702.2901,1089460.56,120.8551195,1204.45,1.304053026,24.85625478,3.77,3.62,3.51,3.45,3.62,4.76,5.24,7.13,7.97,-0.15,-0.26,-0.32,-0.15,0.99,1.47,3.36,4.2,129.966012,1.757,124.4981,1.4148,1.5308,140.1,140.6,129.4,113.3,26.45,108.9,177.4,127.3,154.0,272.8,150.9,124.4,203.8,178.1,170.1,172.2,75.493,137.864,77.05,67.477,15.82,17.97,14.82,92.4,162438.63,529596.63,1211.0307,24.859
8/1/2001,11924.877,10353.3,70.989,1052430.0,275659.0,89.157,97.3985,95.48,102.4254,93.9327,104.9017,78.8626,80.5329,73.755,104.3081,92.4933,93.3498,73.0857,72.8863,4024.0,0.571428571,143284.0,136241.0,4.9,13.3,2966.0,2187.0,1861.0,1004.0,857.0,398000,132021.0,23668.0,534.0,6827.0,16233.0,10195.0,6038.0,108353.0,25875.0,5709.8,15185.3,7916.0,21218.0,39.9,4.0,40.3,1567.0,156.0,351.0,681.0,379.0,1615.0,161.0,328.0,711.0,415.0,125821.0,170484.0,57022.0,523516.0,1152830.0,1.42,1150.2,5243.8,2955.9,622.4,39.7,39.5,1055.8851,1703.2587,1099667.7,122.1662964,1178.5,1.33418187,25.18606013,3.65,3.44,3.36,3.29,3.47,4.57,4.97,7.02,7.85,-0.21,-0.29,-0.36,-0.18,0.92,1.32,3.37,4.2,127.0504045,1.6808,121.367,1.4372,1.5399,140.7,141.3,129.1,112.3,27.47,105.4,177.4,126.4,153.4,274.3,150.4,124.2,204.4,178.1,169.8,172.2,75.484,137.203,76.756,67.62,15.86,18.05,14.85,91.5,171175.72,537597.28,1222.8921,24.2604
9/1/2001,11930.997,10339.7,70.084,1030304.0,268652.0,88.6749,96.8,94.7294,101.8758,93.0966,104.4741,77.6077,80.1772,73.1757,104.8929,92.1183,90.503,74.5892,72.448,4071.0,0.570008401,143989.0,136846.0,5.0,13.2,2837.0,2350.0,1950.0,1131.0,819.0,435000,131763.0,23535.0,532.9,6813.0,16116.0,10114.0,6002.0,108228.0,25790.0,5694.6,15175.7,7916.0,21242.0,39.7,3.9,40.2,1562.0,139.0,285.0,731.0,407.0,1565.0,149.0,321.0,699.0,396.0,121145.0,164123.0,52585.0,518114.0,1148106.0,1.44,1205.7,5355.1,3006.8,647.2,57.6,54.2,1059.5265,1713.8623,1106989.75,123.3373536,1044.64,1.506739164,23.19224077,3.07,2.84,2.64,2.63,2.82,4.12,4.73,7.17,8.03,-0.23,-0.43,-0.44,-0.25,1.05,1.66,4.1,4.96,126.564253,1.6338,118.6117,1.4638,1.5679,141.3,142.1,129.3,107.2,25.88,104.7,178.1,125.8,156.0,275.2,151.6,123.9,204.5,178.8,170.6,172.9,75.227,135.968,77.61,67.127,15.89,18.02,14.89,81.8,170516.77,539689.26,1239.1667,42.6457
10/1/2001,11904.934,10281.1,71.89,1060915.0,288632.0,88.4051,96.6176,94.6614,102.4007,92.294,105.5325,76.5222,79.8015,72.3333,104.6076,91.7285,91.7677,76.0572,72.0152,3707.0,0.481804003,144086.0,136392.0,5.3,13.3,3111.0,2531.0,2082.0,1173.0,909.0,480750,131452.0,23379.0,529.1,6804.0,15973.0,10002.0,5971.0,108073.0,25718.0,5682.8,15148.9,7925.0,21275.0,39.6,3.8,40.1,1540.0,147.0,327.0,733.0,333.0,1566.0,166.0,310.0,707.0,383.0,121457.0,171530.0,50181.0,521240.0,1130032.0,1.39,1165.7,5343.8,3008.9,635.2,44.6,44.5,1045.2523,1715.0628,1124431.74,125.1134089,1076.59,1.462023612,25.23400529,2.49,2.29,2.16,2.12,2.33,3.91,4.57,7.03,7.91,-0.2,-0.33,-0.37,-0.16,1.42,2.08,4.54,5.42,127.5770292,1.6357,121.4536,1.4501,1.5717,139.0,139.4,127.6,97.4,22.21,101.4,177.6,125.8,152.9,276.3,150.3,123.9,204.8,178.1,169.7,172.3,75.492,136.562,76.708,67.71,15.92,18.07,14.9,82.7,184812.72,545382.55,1258.7754,34.4469
11/1/2001,11910.073,10274.1,71.633,1055757.0,280033.0,87.886,96.1626,94.2789,102.2496,93.8856,104.6787,75.888,79.2004,71.8369,103.7317,91.3816,87.5381,75.5191,71.6324,3775.0,0.471698113,144240.0,136238.0,5.5,14.3,3090.0,2566.0,2318.0,1213.0,1106.0,447500,131144.0,23209.0,528.3,6784.0,15825.0,9896.0,5929.0,107935.0,25632.0,5664.0,15126.5,7940.0,21326.0,39.8,3.8,40.0,1602.0,169.0,361.0,698.0,374.0,1651.0,161.0,354.0,757.0,379.0,122121.0,163811.0,52555.0,515757.0,1116528.0,1.39,1171.0,5387.5,3035.2,639.5,40.1,40.0,1034.2084,1737.0742,1145184.05,127.4536789,1129.68,1.393314921,27.96973719,2.09,2.0,1.87,1.88,2.18,3.97,4.65,6.97,7.81,-0.09,-0.22,-0.21,0.09,1.88,2.56,4.88,5.72,129.2500391,1.6509,122.4055,1.4356,1.5922,138.5,138.7,127.0,102.7,19.67,100.7,177.5,125.4,150.2,277.4,149.2,124.0,205.6,178.0,169.2,172.2,75.441,136.32,75.994,67.884,16.0,18.14,14.96,83.9,198669.19,560789.08,1275.1235,28.2542
12/1/2001,11929.854,10277.7,71.552,1057834.0,276302.0,87.8518,96.2756,94.3419,102.8268,95.9904,104.6264,75.0968,78.9921,72.1754,102.8081,91.5614,85.4899,73.8247,71.6786,3677.0,0.445265197,144305.0,136047.0,5.7,14.5,3037.0,2797.0,2444.0,1318.0,1126.0,416800,130983.0,23094.0,525.5,6785.0,15712.0,9812.0,5900.0,107889.0,25548.0,5645.4,15077.2,7934.0,21355.0,39.9,3.7,40.2,1568.0,141.0,336.0,703.0,388.0,1680.0,171.0,341.0,772.0,396.0,123183.0,165304.0,52756.0,509910.0,1109842.0,1.39,1183.2,5440.5,3066.8,650.8,41.1,41.0,1021.5675,1758.4831,1153012.14,128.2449798,1144.93,1.374756535,30.09304556,1.82,1.81,1.69,1.78,2.22,4.39,5.09,6.77,8.05,-0.01,-0.13,-0.04,0.4,2.57,3.27,4.95,6.23,129.9157164,1.6566,127.5945,1.4413,1.5788,138.0,138.0,126.1,95.5,19.33,102.6,177.4,124.9,149.2,278.2,148.3,124.0,206.1,177.8,168.8,172.0,75.363,136.126,75.412,67.973,16.06,18.22,15.01,88.8,196671.23,567353.6,1302.8741,24.5395
1/1/2002,11952.127,10282.4,71.667,1056809.0,277135.0,88.4634,96.6832,94.9232,103.8789,96.4467,105.9221,74.9485,79.8456,72.7477,104.5684,92.1607,89.0771,76.6261,72.0677,3699.0,0.452089954,143883.0,135701.0,5.7,14.7,3044.0,2606.0,2578.0,1375.0,1203.0,408500,130859.0,22963.0,529.4,6775.0,15588.0,9709.0,5879.0,107896.0,25486.0,5641.2,15039.8,7939.0,21377.0,39.8,3.9,40.2,1698.0,166.0,352.0,800.0,380.0,1665.0,171.0,344.0,768.0,382.0,121997.0,163324.0,49589.0,503401.0,1107925.0,1.39,1190.7,5460.9,3073.1,653.8,43.7,43.7,1011.7855,1757.5946,1152637.2,127.8491947,1140.21,1.380155118,31.7132731,1.73,1.72,1.65,1.73,2.16,4.34,5.04,6.55,7.87,-0.01,-0.08,0.0,0.43,2.61,3.31,4.82,6.14,131.8119204,1.6709,132.6833,1.4322,1.5997,137.7,137.6,125.7,99.8,19.67,104.4,177.7,124.4,149.3,279.8,148.3,123.2,206.8,178.1,168.9,172.3,75.431,135.755,75.593,68.05,16.1,18.26,15.05,93.0,192893.02,563984.32,1300.3029,23.6152
2/1/2002,11953.58,10284.8,71.951,1060653.0,278869.0,88.4578,96.3057,94.3684,103.2014,96.7386,104.8482,74.7511,80.2741,73.4247,104.8498,92.1398,89.3873,76.5186,71.9862,3436.0,0.418259282,144653.0,136438.0,5.7,15.0,2984.0,2577.0,2608.0,1394.0,1214.0,399000,130736.0,22880.0,523.7,6766.0,15518.0,9668.0,5850.0,107856.0,25480.0,5626.0,15043.5,7931.0,21390.0,39.8,3.9,40.2,1829.0,149.0,385.0,853.0,442.0,1787.0,211.0,367.0,808.0,401.0,120513.0,172406.0,54070.0,505885.0,1101887.0,1.37,1190.6,5490.2,3084.4,654.6,42.5,42.5,1016.4296,1767.3499,1167083.27,129.2179132,1100.67,1.429432376,32.3161503,1.74,1.8,1.72,1.82,2.23,4.3,4.91,6.51,7.89,0.06,-0.02,0.08,0.49,2.56,3.17,4.77,6.15,132.7438687,1.697,133.6426,1.4227,1.5964,138.0,138.0,125.5,98.4,20.74,104.4,178.0,124.6,148.7,280.4,148.3,122.3,207.5,178.4,169.0,172.5,75.558,134.926,75.822,68.244,16.15,18.29,15.11,90.7,197800.44,570919.05,1299.448,24.6684
3/1/2002,11946.054,10284.1,71.937,1055421.0,278079.0,89.1265,97.0175,94.9675,104.0791,97.6878,105.6911,75.0397,80.8977,74.3054,105.316,92.7831,93.5809,76.1986,72.438,3612.0,0.434971098,144481.0,136177.0,5.7,15.4,3074.0,2563.0,2719.0,1390.0,1330.0,415400,130722.0,22787.0,517.3,6755.0,15443.0,9611.0,5832.0,107935.0,25470.0,5618.6,15051.6,7929.0,21431.0,39.9,4.1,40.5,1642.0,165.0,337.0,739.0,401.0,1691.0,151.0,341.0,783.0,416.0,120737.0,167853.0,50575.0,504730.0,1099677.0,1.37,1193.3,5502.0,3082.4,659.0,40.3,40.2,1012.0572,1772.375,1174734.29,129.7948545,1153.79,1.363333016,35.67629946,1.73,1.87,1.79,2.0,2.57,4.74,5.28,6.81,8.11,0.14,0.06,0.27,0.84,3.01,3.55,5.08,6.38,131.5532234,1.6743,131.061,1.423,1.5877,138.8,139.2,126.4,103.8,24.42,106.7,178.5,125.3,150.5,281.4,149.0,121.9,207.9,178.9,169.6,173.1,75.763,134.743,76.292,68.407,16.18,18.36,15.15,95.7,198441.03,571134.99,1317.1461,21.014
4/1/2002,11960.946,10280.0,72.321,1067559.0,281147.0,89.5507,97.0005,94.7814,103.9691,99.1194,104.922,74.7148,81.8477,75.395,106.3343,93.0511,97.0147,77.4084,72.6108,3471.0,0.403651587,144725.0,136126.0,5.9,16.3,2932.0,2872.0,2852.0,1395.0,1457.0,429250,130615.0,22689.0,515.6,6710.0,15392.0,9578.0,5814.0,107926.0,25457.0,5607.3,15049.2,7935.0,21443.0,40.1,4.2,40.6,1592.0,127.0,284.0,801.0,380.0,1669.0,165.0,334.0,755.0,415.0,123285.0,171852.0,51737.0,502106.0,1097242.0,1.35,1186.9,5502.1,3068.7,663.4,40.9,40.9,1000.4692,1783.1559,1178730.28,129.5322234,1111.93,1.423650769,36.18715052,1.75,1.83,1.71,1.92,2.48,4.65,5.21,6.76,8.03,0.08,-0.04,0.17,0.73,2.9,3.46,5.01,6.28,130.6008019,1.6542,130.7718,1.4429,1.5815,138.7,139.1,127.2,108.1,26.27,105.4,179.3,125.1,152.5,282.7,150.0,121.7,208.5,179.8,170.5,173.8,76.08,134.641,77.18,68.59,16.21,18.41,15.17,93.0,196634.44,574854.89,1323.2885,21.8145
5/1/2002,11993.987,10307.9,72.041,1069774.0,278966.0,89.9348,97.4084,95.1458,104.3217,99.5833,105.2263,75.0607,82.2065,75.6004,107.6871,93.5305,97.0673,76.5667,72.9601,3457.0,0.411596619,144938.0,136539.0,5.8,16.8,2843.0,2584.0,2967.0,1393.0,1574.0,409000,130632.0,22606.0,512.6,6684.0,15338.0,9545.0,5793.0,108026.0,25441.0,5606.4,15029.6,7933.0,21514.0,39.9,4.3,40.6,1764.0,164.0,363.0,821.0,416.0,1716.0,180.0,346.0,767.0,423.0,124424.0,171854.0,53818.0,499674.0,1100573.0,1.35,1189.3,5528.3,3079.8,668.6,40.3,40.2,990.7703,1791.0413,1186249.89,129.9145647,1079.25,1.476025017,36.91298504,1.75,1.8,1.73,1.86,2.35,4.49,5.16,6.75,8.09,0.05,-0.02,0.11,0.6,2.74,3.41,5.0,6.34,126.9950201,1.5889,126.375,1.4598,1.5502,138.4,138.7,127.1,109.0,27.02,105.6,179.5,124.6,152.8,283.9,149.7,121.6,209.0,180.1,170.5,174.0,76.13,134.569,76.873,68.759,16.25,18.41,15.24,96.9,197826.91,577581.01,1334.1683,22.63
6/1/2002,12023.36,10339.8,72.283,1073259.0,280426.0,90.6736,98.2086,96.0431,105.3953,100.6636,106.2879,75.5667,82.8804,76.5899,108.3832,94.4373,96.2705,76.7024,73.6517,3412.0,0.406529251,144808.0,136415.0,5.8,16.9,2711.0,2654.0,3023.0,1382.0,1641.0,387200,130673.0,22577.0,508.9,6701.0,15297.0,9512.0,5785.0,108096.0,25442.0,5610.0,15018.6,7938.0,21549.0,40.1,4.3,40.7,1717.0,179.0,348.0,777.0,413.0,1758.0,176.0,347.0,817.0,418.0,124490.0,166070.0,49427.0,492380.0,1104258.0,1.35,1193.3,5553.3,3092.0,674.0,38.6,38.5,983.8954,1817.3077,1194367.6,130.3211854,1014.02,1.58083667,36.11211611,1.75,1.78,1.7,1.79,2.2,4.19,4.93,6.63,7.95,0.03,-0.05,0.04,0.45,2.44,3.18,4.88,6.2,123.6893553,1.5399,123.2905,1.4837,1.5318,138.8,139.1,127.3,105.1,25.52,106.9,179.6,123.9,152.8,284.6,149.7,121.4,209.3,180.3,170.6,174.1,76.225,134.177,76.934,68.914,16.29,18.46,15.27,92.4,200599.11,587204.4,1346.2562,28.599
7/1/2002,11987.388,10302.9,72.762,1070268.0,284161.0,90.6436,98.127,96.0298,105.4537,101.8595,105.8424,75.356,82.9106,76.5924,108.1766,94.3397,96.9837,76.8977,73.5672,3367.0,0.401311085,144803.0,136413.0,5.8,16.9,2891.0,2467.0,2966.0,1382.0,1584.0,386000,130583.0,22521.0,507.5,6688.0,15256.0,9484.0,5772.0,108062.0,25450.0,5607.9,15016.5,7942.0,21544.0,39.8,4.3,40.4,1655.0,156.0,362.0,743.0,394.0,1738.0,177.0,352.0,796.0,413.0,123173.0,174282.0,52835.0,493321.0,1109776.0,1.35,1199.1,5596.0,3108.9,679.3,39.4,39.2,976.6186,1836.7377,1202946.94,131.3619372,903.59,1.765181111,33.17168649,1.73,1.76,1.68,1.69,1.96,3.81,4.65,6.53,7.9,0.03,-0.05,-0.04,0.23,2.08,2.92,4.8,6.17,120.6793104,1.4718,117.8991,1.5565,1.5456,138.6,139.2,127.7,106.5,26.94,105.3,180.0,123.5,153.3,286.4,149.9,121.3,209.9,180.7,171.0,174.4,76.393,133.991,77.062,69.131,16.34,18.57,15.3,88.1,204080.63,593815.44,1357.7841,38.4972
8/1/2002,11987.158,10300.4,72.868,1080545.0,285884.0,90.5505,97.9079,95.7164,104.7787,100.997,105.2592,75.7019,82.9666,77.2277,108.189,94.4373,94.9562,77.0482,73.639,3517.0,0.423530829,145009.0,136705.0,5.7,16.5,2927.0,2525.0,2887.0,1313.0,1573.0,393600,130582.0,22448.0,507.2,6701.0,15171.0,9435.0,5736.0,108134.0,25397.0,5598.0,14971.2,7950.0,21589.0,39.9,4.3,40.5,1633.0,170.0,333.0,769.0,361.0,1695.0,165.0,341.0,768.0,421.0,125665.0,177126.0,56817.0,495426.0,1111829.0,1.34,1187.1,5638.3,3123.7,679.8,39.8,39.5,972.4442,1866.2833,1207010.64,131.5499918,912.55,1.73908279,34.07965588,1.74,1.71,1.62,1.6,1.76,3.29,4.26,6.37,7.58,-0.03,-0.12,-0.14,0.02,1.55,2.52,4.63,5.84,122.3648646,1.4972,118.9927,1.5368,1.5694,138.7,139.3,128.0,108.3,28.38,100.8,180.5,124.3,154.0,287.2,150.2,121.3,210.6,181.3,171.4,174.9,76.543,133.748,77.273,69.305,16.38,18.57,15.34,87.6,203144.92,592551.2,1382.0724,37.2527
9/1/2002,11994.021,10302.1,72.531,1071285.0,281064.0,90.6373,98.1936,95.8719,104.9097,100.9973,105.4463,75.7598,82.8164,77.1628,108.0638,94.495,95.9064,75.9401,73.6825,3301.0,0.400072719,145552.0,137302.0,5.7,17.6,2772.0,2526.0,2971.0,1391.0,1580.0,409500,130503.0,22396.0,505.5,6702.0,15119.0,9388.0,5731.0,108107.0,25349.0,5598.5,14952.7,7965.0,21546.0,39.9,4.2,40.5,1804.0,176.0,382.0,809.0,437.0,1803.0,184.0,361.0,790.0,468.0,127454.0,166838.0,50471.0,489727.0,1119935.0,1.36,1196.1,5662.3,3131.8,680.4,38.9,38.6,966.4242,1901.2449,1207325.03,131.2723609,867.81,1.819522707,32.63521743,1.75,1.74,1.63,1.6,1.72,2.94,3.87,6.15,7.4,-0.01,-0.12,-0.15,-0.03,1.19,2.12,4.4,5.65,122.5878221,1.4931,121.078,1.5563,1.5761,139.2,139.8,128.9,110.8,29.67,100.3,180.8,123.4,154.2,288.1,150.2,121.1,211.1,181.5,171.6,175.1,76.681,133.633,77.299,69.503,16.43,18.64,15.37,86.1,210595.84,592529.85,1400.4313,41.656
10/1/2002,12014.38,10322.1,72.827,1066346.0,282940.0,90.3988,98.1322,95.6991,104.7388,100.4569,105.4383,75.4609,82.3634,77.003,107.5973,94.1932,100.1836,73.6639,73.4482,3479.0,0.418803419,145314.0,137008.0,5.7,17.8,2765.0,2512.0,3042.0,1388.0,1653.0,407500,130617.0,22323.0,506.4,6689.0,15059.0,9345.0,5714.0,108294.0,25362.0,5596.1,14958.1,7991.0,21559.0,39.8,4.2,40.3,1648.0,146.0,320.0,697.0,485.0,1799.0,172.0,359.0,795.0,473.0,127921.0,169134.0,51940.0,485819.0,1120778.0,1.36,1204.0,5707.1,3149.6,681.9,38.7,38.5,963.2808,1944.8717,1209211.73,131.0145326,854.63,1.85850407,31.95606293,1.75,1.71,1.58,1.56,1.65,2.95,3.94,6.32,7.73,-0.04,-0.17,-0.19,-0.1,1.2,2.19,4.57,5.98,123.1795352,1.4932,123.9077,1.5575,1.578,140.0,140.9,129.8,112.6,28.85,99.9,181.2,123.0,155.5,289.8,150.5,120.9,211.7,182.0,172.0,175.5,76.821,133.411,77.482,69.668,16.49,18.65,15.46,80.6,205316.48,593107.78,1428.2574,41.3973
11/1/2002,12040.567,10344.9,73.035,1077771.0,283408.0,90.8947,98.5221,96.2788,105.5452,102.8288,105.5499,75.76,82.9924,77.3955,107.9695,94.6597,101.0085,76.9886,73.8179,3514.0,0.412441315,145041.0,136521.0,5.9,17.6,2950.0,2505.0,3062.0,1319.0,1743.0,392200,130616.0,22282.0,506.9,6713.0,14992.0,9295.0,5697.0,108334.0,25330.0,5581.5,14945.3,8003.0,21581.0,39.7,4.2,40.4,1753.0,144.0,372.0,811.0,426.0,1771.0,161.0,338.0,782.0,490.0,127259.0,170023.0,51932.0,482514.0,1122588.0,1.35,1209.6,5758.1,3172.5,688.5,39.2,38.9,960.7924,1978.4656,1215272.9,131.2559835,909.93,1.755812718,33.85809032,1.34,1.37,1.23,1.27,1.49,3.05,4.05,6.31,7.62,0.03,-0.11,-0.07,0.15,1.71,2.71,4.97,6.28,121.4388334,1.4658,121.6079,1.5711,1.5715,140.0,140.9,129.9,116.6,26.27,103.9,181.5,123.1,155.4,291.2,150.5,120.4,212.4,182.3,172.2,175.8,76.897,132.913,77.512,69.819,16.52,18.69,15.49,84.2,196493.8,594256.2,1455.3012,32.005
12/1/2002,12067.267,10360.2,73.513,1069405.0,286646.0,90.3906,97.865,95.523,104.5557,101.1242,104.8802,74.9234,82.6643,76.6218,107.9072,94.0955,98.5666,76.9058,73.387,3169.0,0.366782407,145066.0,136426.0,6.0,18.5,2838.0,2589.0,3271.0,1347.0,1924.0,414250,130465.0,22188.0,505.6,6700.0,14911.0,9240.0,5671.0,108277.0,25342.0,5584.1,14957.2,8017.0,21588.0,39.9,4.3,40.5,1788.0,160.0,384.0,785.0,459.0,1896.0,177.0,402.0,856.0,461.0,127885.0,163962.0,51237.0,479610.0,1129900.0,1.37,1220.2,5779.4,3179.0,699.2,40.3,40.2,957.7599,2010.3645,1221164.76,131.4734408,899.18,1.787183879,33.33149143,1.24,1.32,1.19,1.24,1.45,3.03,4.03,6.21,7.45,0.08,-0.05,0.0,0.21,1.79,2.79,4.97,6.21,120.241206,1.4388,121.8929,1.5863,1.5592,139.7,140.6,130.0,118.9,29.42,104.9,181.8,122.7,155.3,292.1,150.3,120.0,213.0,182.6,172.4,176.0,76.971,132.379,77.457,69.998,16.61,18.86,15.54,86.7,198099.98,598344.33,1488.7595,31.8309
1/1/2003,12033.66,10324.3,73.503,1075692.0,288657.0,91.1369,98.7789,96.4431,105.8701,102.7903,106.0257,75.1437,83.2221,77.8107,107.4266,94.8502,97.5906,74.9678,73.9866,3441.0,0.403873239,145937.0,137417.0,5.8,18.5,2856.0,2582.0,3166.0,1405.0,1760.0,395000,130573.0,22146.0,504.4,6704.0,14867.0,9197.0,5670.0,108427.0,25296.0,5574.1,14939.1,8025.0,21626.0,39.8,4.2,40.3,1853.0,146.0,382.0,816.0,509.0,1808.0,169.0,367.0,796.0,476.0,130435.0,169994.0,51724.0,479051.0,1129014.0,1.35,1227.3,5812.1,3183.0,699.3,42.9,42.8,950.1322,2036.2306,1227771.91,132.1591705,895.84,1.799428469,32.82691022,1.24,1.27,1.17,1.2,1.36,3.05,4.05,6.17,7.35,0.03,-0.07,-0.04,0.12,1.81,2.81,4.93,6.11,117.1306881,1.3765,118.8133,1.6175,1.5414,141.1,142.5,131.4,128.0,32.94,103.9,182.6,122.1,158.0,292.7,151.3,119.5,213.7,183.6,173.3,176.8,77.201,131.567,78.246,70.167,16.62,18.77,15.58,82.4,199408.8,601847.63,1491.6077,30.6685
2/1/2003,11991.075,10285.2,73.266,1063803.0,284696.0,91.2505,98.9938,96.7987,106.2878,101.2133,107.2947,75.1602,83.2182,77.654,107.0,94.7422,104.1273,75.0516,73.9095,3229.0,0.3746809,146100.0,137482.0,5.9,18.5,2798.0,2611.0,3161.0,1297.0,1864.0,411000,130441.0,22022.0,504.9,6667.0,14780.0,9134.0,5646.0,108419.0,25272.0,5581.7,14904.0,8037.0,21624.0,39.5,4.2,40.3,1629.0,144.0,278.0,758.0,449.0,1854.0,166.0,330.0,808.0,550.0,131374.0,174113.0,51771.0,481577.0,1136996.0,1.36,1238.2,5848.2,3185.3,701.0,41.9,41.9,941.2618,2068.5944,1234804.35,132.8289355,837.03,1.9318304,30.1459925,1.26,1.25,1.17,1.18,1.3,2.9,3.9,5.95,7.06,-0.01,-0.09,-0.08,0.04,1.64,2.64,4.69,5.8,115.8160198,1.3602,119.3379,1.6079,1.5121,142.7,144.6,133.8,134.3,35.87,106.8,183.6,121.8,160.8,293.0,152.7,119.3,214.2,184.5,174.6,177.8,77.526,131.153,79.075,70.414,16.65,18.83,15.63,79.9,202769.56,597286.36,1509.5655,36.5405
3/1/2003,12008.784,10298.6,73.687,1073501.0,288177.0,91.0006,98.9669,96.8507,106.2924,101.5315,107.1627,75.2976,82.7029,77.1854,107.2492,94.8308,98.3604,75.5074,73.9865,3099.0,0.360852352,146022.0,137434.0,5.9,18.1,2831.0,2567.0,3161.0,1363.0,1798.0,427400,130235.0,21945.0,501.3,6654.0,14721.0,9096.0,5625.0,108290.0,25228.0,5577.5,14879.2,8051.0,21610.0,39.9,4.1,40.4,1726.0,151.0,349.0,804.0,422.0,1757.0,164.0,339.0,801.0,453.0,132409.0,172245.0,53379.0,481487.0,1139644.0,1.35,1239.3,5868.4,3191.1,705.3,40.6,40.6,937.7421,2084.5933,1241552.94,133.0168784,846.63,1.915831001,29.95212498,1.25,1.21,1.13,1.13,1.24,2.78,3.81,5.89,6.95,-0.04,-0.12,-0.12,-0.01,1.53,2.56,4.64,5.7,114.9433612,1.3614,118.6871,1.5825,1.4761,144.0,146.2,136.3,152.2,33.55,107.0,183.9,120.7,160.8,293.4,152.6,119.3,215.0,184.8,175.1,178.1,77.725,130.858,79.014,70.744,16.68,18.85,15.64,77.6,197657.77,601137.39,1524.2744,35.1947
4/1/2003,12058.25,10341.0,74.035,1070393.0,289053.0,90.4311,98.1493,96.0903,105.4409,100.575,106.3634,74.6129,82.4205,76.6102,106.7367,94.1189,96.3454,74.6113,73.4427,3108.0,0.351504185,146474.0,137633.0,6.0,19.4,2794.0,2661.0,3348.0,1421.0,1927.0,436250,130172.0,21863.0,498.0,6689.0,14608.0,9018.0,5590.0,108309.0,25213.0,5572.3,14889.6,8076.0,21595.0,39.5,4.1,40.1,1643.0,147.0,323.0,718.0,455.0,1803.0,172.0,354.0,820.0,457.0,127448.0,169347.0,51568.0,482630.0,1139882.0,1.37,1250.0,5905.5,3223.5,709.6,41.2,41.1,935.3311,2107.7427,1253347.35,133.956153,890.03,1.820537884,31.10903804,1.26,1.23,1.13,1.14,1.27,2.93,3.96,5.74,6.85,-0.03,-0.13,-0.12,0.01,1.67,2.7,4.48,5.59,114.5835996,1.3783,119.895,1.5739,1.4582,142.2,143.9,133.1,128.2,28.25,102.8,183.2,120.3,157.7,294.0,151.1,119.0,215.1,184.0,174.1,177.4,77.593,130.489,78.109,70.877,16.7,18.9,15.63,86.0,203847.23,607158.35,1539.6921,27.1423
5/1/2003,12147.017,10417.3,74.273,1079781.0,289619.0,90.4,98.1672,95.9298,105.1436,100.6264,105.9206,74.5533,82.3327,77.2923,105.8442,94.1535,97.8013,74.1366,73.4852,3289.0,0.367198839,146500.0,137544.0,6.1,19.0,2988.0,2631.0,3318.0,1389.0,1929.0,424000,130196.0,21834.0,500.5,6706.0,14558.0,8984.0,5574.0,108362.0,25192.0,5566.1,14881.1,8093.0,21567.0,39.8,4.1,40.2,1751.0,151.0,360.0,796.0,444.0,1835.0,177.0,358.0,820.0,480.0,128937.0,171542.0,52832.0,483646.0,1135902.0,1.37,1268.8,5965.3,3261.5,713.7,41.8,41.7,923.877,2131.7814,1263797.77,134.2409256,935.96,1.729418636,32.22487477,1.26,1.2,1.07,1.08,1.18,2.52,3.57,5.22,6.38,-0.06,-0.19,-0.18,-0.08,1.26,2.31,3.96,5.12,109.177708,1.3111,117.3681,1.6224,1.384,141.9,143.5,132.4,129.9,28.14,104.9,182.9,120.0,154.4,295.2,149.4,118.4,216.0,183.6,173.2,177.0,77.504,129.664,77.154,71.137,16.76,18.95,15.69,92.1,207013.75,606170.12,1571.0812,22.5485
6/1/2003,12186.558,10450.0,74.671,1089890.0,293671.0,90.5196,98.2813,96.1517,105.3367,101.6361,105.7676,74.8454,82.4614,77.9086,105.7983,94.5811,92.5193,73.3912,73.8369,3390.0,0.365853659,147056.0,137790.0,6.3,19.9,2906.0,2745.0,3552.0,1453.0,2100.0,421750,130185.0,21788.0,501.3,6723.0,14493.0,8944.0,5549.0,108397.0,25154.0,5555.1,14866.3,8089.0,21606.0,39.8,4.1,40.3,1867.0,163.0,360.0,830.0,514.0,1875.0,171.0,387.0,859.0,458.0,131070.0,173507.0,52705.0,485622.0,1132731.0,1.34,1281.0,6002.2,3278.1,715.0,42.0,41.9,917.209,2150.9881,1269453.53,134.2584085,988.0,1.636639676,33.35335809,1.22,1.02,0.92,0.92,1.01,2.27,3.33,4.97,6.19,-0.2,-0.3,-0.3,-0.21,1.05,2.11,3.75,4.97,107.9448145,1.3196,118.329,1.6609,1.3525,142.7,144.6,133.1,135.5,30.72,103.8,183.1,120.6,154.6,296.1,149.7,118.0,216.2,183.7,173.6,177.2,77.588,129.144,77.421,71.232,16.8,18.98,15.72,89.7,212075.98,608202.13,1600.2089,22.349
7/1/2003,12197.554,10457.1,75.008,1098175.0,296207.0,90.9869,98.9336,96.937,106.3769,104.1179,106.194,75.2061,82.7184,78.3193,105.4597,94.8897,96.7496,73.8339,74.0933,2981.0,0.330817889,146485.0,137474.0,6.2,19.7,2720.0,2616.0,3633.0,1661.0,1972.0,411500,130184.0,21709.0,502.2,6735.0,14403.0,8886.0,5517.0,108475.0,25126.0,5546.8,14854.4,8101.0,21633.0,39.6,4.0,40.1,1897.0,188.0,388.0,870.0,451.0,1885.0,184.0,376.0,845.0,480.0,134069.0,173320.0,52247.0,484344.0,1129635.0,1.33,1287.5,6049.1,3292.9,717.6,43.6,43.5,921.4341,2177.4517,1275675.74,134.4004952,992.54,1.64325871,32.80161363,1.01,1.03,0.9,0.95,1.12,2.87,3.98,5.49,6.62,0.02,-0.11,-0.06,0.11,1.86,2.97,4.48,5.61,110.0637393,1.3611,118.6959,1.6221,1.3821,142.8,144.7,133.3,131.9,30.76,104.5,183.7,121.1,155.7,297.4,150.3,117.6,216.8,184.3,174.1,177.7,77.816,128.949,77.898,71.429,16.83,18.95,15.76,90.9,231352.95,613006.74,1601.4749,21.2068
8/1/2003,12216.821,10473.1,75.672,1097724.0,299592.0,90.7933,98.5463,96.4095,105.5215,102.1928,105.7963,75.3214,82.7506,78.0983,104.8243,94.4529,97.9438,74.3922,73.7685,3190.0,0.35858813,146445.0,137549.0,6.1,19.2,2801.0,2625.0,3557.0,1561.0,1995.0,400200,130153.0,21706.0,501.5,6760.0,14376.0,8869.0,5507.0,108447.0,25147.0,5539.6,14881.5,8102.0,21556.0,39.8,4.1,40.2,1833.0,154.0,398.0,851.0,430.0,1966.0,204.0,388.0,885.0,489.0,132024.0,173044.0,51912.0,486954.0,1124897.0,1.32,1296.4,6107.1,3310.1,720.9,46.1,45.8,909.5964,2220.644,1282799.94,134.4823185,989.53,1.662405384,31.92178083,1.03,1.06,0.95,1.03,1.31,3.37,4.45,5.88,7.01,0.03,-0.08,0.0,0.28,2.34,3.42,4.85,5.98,111.5146201,1.3811,118.6624,1.5939,1.3963,143.7,145.8,133.9,130.8,31.59,106.5,184.5,120.8,158.2,298.3,151.4,117.2,217.2,185.1,175.1,178.5,78.079,128.375,78.701,71.62,16.86,19.0,15.78,89.3,238064.11,622644.15,1572.2775,20.829
9/1/2003,12234.634,10491.3,75.452,1102189.0,298921.0,91.3819,99.1629,97.2434,106.3862,104.7709,105.9481,76.1943,83.3143,78.9581,105.8715,95.2455,97.2058,75.2252,74.406,3091.0,0.34648582,146530.0,137609.0,6.1,19.5,2704.0,2775.0,3486.0,1472.0,2014.0,395500,130253.0,21699.0,501.2,6783.0,14346.0,8855.0,5491.0,108554.0,25185.0,5537.8,14912.4,8100.0,21504.0,39.9,4.2,40.5,1939.0,188.0,429.0,870.0,452.0,1961.0,181.0,393.0,892.0,495.0,134769.0,178690.0,54924.0,489082.0,1127476.0,1.31,1297.2,6079.7,3284.5,721.1,44.4,44.3,899.9446,2234.4403,1291048.87,134.7298586,1019.44,1.627364043,32.11769933,1.01,1.06,0.94,1.01,1.24,3.18,4.27,5.72,6.79,0.05,-0.07,0.0,0.23,2.17,3.26,4.71,5.78,109.5356945,1.3743,114.8,1.6155,1.3634,144.0,146.1,133.8,134.4,28.29,106.8,185.1,120.9,159.9,299.8,152.1,116.2,217.8,185.8,175.8,179.1,78.323,128.036,79.307,71.818,16.9,19.03,15.83,87.7,245947.92,669647.39,1568.8731,20.6823
10/1/2003,12281.469,10547.7,75.574,1104794.0,298205.0,91.5049,98.9174,96.7313,105.6909,104.0716,105.2668,76.0205,83.8675,79.9196,105.9207,95.358,95.523,75.4735,74.5169,3305.0,0.3784929,146716.0,137984.0,6.0,19.3,2710.0,2593.0,3451.0,1492.0,1959.0,382000,130440.0,21692.0,503.9,6784.0,14334.0,8855.0,5479.0,108748.0,25209.0,5537.2,14928.2,8090.0,21558.0,40.0,4.3,40.6,1967.0,153.0,382.0,914.0,518.0,2012.0,200.0,378.0,907.0,527.0,134986.0,183704.0,54231.0,496707.0,1132480.0,1.31,1297.8,6070.0,3282.9,724.8,43.1,43.0,887.2151,2211.7191,1299959.91,135.1253493,1038.73,1.62281504,32.09984192,1.01,1.06,0.92,1.0,1.25,3.19,4.29,5.7,6.73,0.05,-0.09,-0.01,0.24,2.18,3.28,4.69,5.72,105.23749,1.3222,109.4955,1.6792,1.3221,144.8,147.1,134.2,138.2,30.33,111.5,184.9,121.1,157.5,300.4,151.1,115.5,218.4,185.5,175.3,178.9,78.333,127.584,78.817,72.036,16.89,19.0,15.83,89.6,249004.66,679320.73,1581.123,19.1843
11/1/2003,12352.377,10621.1,76.008,1109066.0,299433.0,92.1265,99.7172,97.5676,106.4126,105.3752,105.7503,77.3121,84.2902,81.0422,106.1668,96.1809,96.1832,75.559,75.1849,3324.0,0.387593284,147000.0,138424.0,5.8,19.9,2656.0,2509.0,3420.0,1414.0,2006.0,363000,130481.0,21688.0,505.3,6796.0,14316.0,8861.0,5455.0,108793.0,25192.0,5538.5,14907.5,8083.0,21535.0,40.2,4.5,40.9,2083.0,190.0,435.0,904.0,554.0,1918.0,190.0,393.0,845.0,490.0,133946.0,181685.0,53818.0,500875.0,1136127.0,1.31,1299.1,6075.5,3284.1,730.6,42.6,42.6,882.0882,2200.8577,1301392.17,134.32755,1049.9,1.630948979,31.54614815,1.0,1.08,0.93,1.02,1.34,3.29,4.3,5.65,6.66,0.08,-0.07,0.02,0.34,2.29,3.3,4.65,5.66,104.8545332,1.3318,109.1778,1.6897,1.313,144.6,146.8,134.2,137.9,31.09,114.7,185.0,120.8,156.9,301.4,151.1,115.1,218.6,185.4,175.3,179.0,78.432,127.258,78.865,72.2,16.94,19.02,15.9,93.7,247062.3,679504.65,1602.0353,17.8389
12/1/2003,12356.981,10611.8,76.108,1105930.0,300702.0,92.1732,99.6636,97.5315,106.5504,105.2657,105.9929,77.177,84.4537,81.1691,106.166,96.1064,98.7142,75.9088,75.1529,3414.0,0.41048455,146729.0,138411.0,5.7,19.8,2554.0,2455.0,3366.0,1435.0,1931.0,358250,130589.0,21701.0,506.2,6827.0,14299.0,8857.0,5442.0,108888.0,25183.0,5549.8,14901.3,8076.0,21546.0,39.9,4.5,40.7,2057.0,169.0,395.0,973.0,520.0,1987.0,200.0,370.0,926.0,491.0,134228.0,181513.0,55374.0,506423.0,1137790.0,1.31,1306.2,6073.8,3274.3,739.4,43.0,42.9,883.655,2207.7593,1309102.38,134.7756023,1080.64,1.609231566,31.21948708,0.98,1.07,0.9,0.99,1.31,3.27,4.27,5.62,6.6,0.09,-0.08,0.01,0.33,2.29,3.29,4.64,5.62,102.201173,1.2643,107.7377,1.7516,1.3128,145.1,147.6,135.0,142.4,32.15,118.2,185.5,120.2,157.4,303.0,151.6,114.9,219.0,185.8,175.8,179.4,78.605,126.999,79.243,72.358,16.96,19.03,15.92,92.6,250052.34,686085.21,1622.0907,16.3754
1/1/2004,12332.995,10578.0,76.355,1100415.0,301993.0,92.3268,99.8448,97.6995,106.8999,106.395,106.0327,77.3308,84.5775,81.1882,105.8699,96.0324,102.9149,75.8999,75.122,3424.0,0.409080048,146842.0,138472.0,5.7,19.9,2685.0,2369.0,3364.0,1453.0,1911.0,360200,130756.0,21714.0,507.7,6848.0,14291.0,8864.0,5427.0,109042.0,25272.0,5562.4,14948.1,8078.0,21538.0,40.1,4.5,40.9,1911.0,148.0,340.0,910.0,513.0,1952.0,191.0,362.0,898.0,501.0,135221.0,178696.0,53000.0,510186.0,1138587.0,1.31,1306.0,6082.1,3264.7,736.4,45.5,45.4,876.2356,2226.3157,1317570.54,135.3881646,1132.52,1.554056441,31.01860185,1.0,1.04,0.88,0.97,1.24,3.12,4.15,5.54,6.44,0.04,-0.12,-0.03,0.24,2.12,3.15,4.54,5.44,100.0965676,1.2391,106.2685,1.8255,1.2958,145.9,148.6,136.6,148.7,34.27,124.2,186.3,120.1,159.8,303.8,152.5,114.8,219.7,186.8,176.7,180.2,78.909,127.13,79.799,72.602,17.0,19.1,15.95,103.8,253349.98,689887.49,1616.9778,15.834
2/1/2004,12349.224,10580.1,76.51,1108947.0,303915.0,92.8995,100.5485,98.4343,107.4488,106.2095,106.8749,78.3431,85.0059,82.149,106.203,96.7695,103.9519,76.2481,75.7268,3532.0,0.432472144,146709.0,138542.0,5.6,20.1,2425.0,2436.0,3248.0,1392.0,1856.0,360750,130820.0,21693.0,510.0,6838.0,14279.0,8866.0,5413.0,109127.0,25280.0,5568.7,14946.4,8078.0,21550.0,40.2,4.5,41.0,1846.0,172.0,335.0,866.0,473.0,1966.0,187.0,351.0,913.0,515.0,135911.0,181662.0,54440.0,514772.0,1149599.0,1.3,1321.4,6121.8,3279.0,735.3,43.9,43.8,874.2774,2252.6673,1322978.09,135.4760778,1143.36,1.557689617,29.73708445,1.01,1.03,0.93,0.99,1.24,3.07,4.08,5.5,6.27,0.02,-0.08,-0.02,0.23,2.06,3.07,4.49,5.26,100.6577484,1.2448,106.7079,1.8673,1.3299,145.8,148.6,137.8,150.8,34.74,132.9,186.7,120.1,160.7,305.2,153.1,114.9,220.1,187.2,177.4,180.6,79.077,127.197,80.069,72.749,17.05,19.19,15.98,94.4,256885.64,687869.27,1671.958,15.9247
3/1/2004,12393.884,10619.2,76.947,1134983.0,309471.0,92.5368,99.9581,97.7876,106.4431,105.3327,105.8342,78.2626,84.8993,82.5291,106.0299,96.742,94.4536,77.838,75.7333,3525.0,0.415145448,146944.0,138453.0,5.8,19.8,2637.0,2434.0,3314.0,1331.0,1983.0,342000,131139.0,21758.0,515.1,6887.0,14287.0,8874.0,5413.0,109381.0,25352.0,5575.7,14994.6,8085.0,21588.0,40.2,4.6,40.9,1998.0,169.0,379.0,917.0,533.0,2066.0,207.0,376.0,949.0,534.0,138786.0,190869.0,58317.0,522529.0,1157579.0,1.28,1328.7,6157.9,3291.2,736.8,44.2,44.1,869.5143,2289.6515,1331627.84,135.661672,1123.98,1.603231374,27.78107078,1.0,1.03,0.94,0.99,1.19,2.79,3.83,5.33,6.11,0.03,-0.06,-0.01,0.19,1.79,2.83,4.33,5.11,102.4913492,1.2778,108.5157,1.8261,1.3286,146.2,149.0,138.4,153.2,36.76,135.7,187.1,120.4,160.8,306.5,153.3,114.8,220.8,187.6,177.6,181.0,79.199,127.182,80.275,72.861,17.09,19.18,16.01,95.8,259420.28,689370.52,1712.874,17.733
4/1/2004,12433.863,10655.2,76.884,1122891.0,307358.0,92.8957,100.3741,98.2313,107.0752,105.3405,106.7104,78.3618,85.1961,82.5278,106.6468,97.0587,96.3051,77.4291,76.0074,3511.0,0.429742962,146850.0,138680.0,5.6,19.6,2780.0,2400.0,2971.0,1166.0,1805.0,348250,131412.0,21802.0,517.6,6901.0,14315.0,8900.0,5415.0,109610.0,25386.0,5596.7,15014.6,8097.0,21614.0,39.8,4.5,40.7,2003.0,180.0,394.0,965.0,464.0,2070.0,200.0,380.0,952.0,538.0,138575.0,184368.0,54141.0,527165.0,1164479.0,1.29,1332.8,6198.9,3307.8,741.2,46.1,46.0,864.7337,2343.7832,1337161.36,135.5350159,1133.36,1.607021011,26.75768081,1.0,1.06,0.94,1.09,1.43,3.39,4.35,5.73,6.46,0.06,-0.06,0.09,0.43,2.39,3.35,4.73,5.46,103.6604561,1.2969,107.6564,1.8031,1.342,147.2,150.2,140.1,156.2,36.69,136.7,187.4,120.6,159.8,307.8,153.0,114.7,221.4,187.8,177.5,181.2,79.346,127.217,80.143,73.105,17.11,19.2,16.06,94.2,260616.41,695264.06,1711.7364,15.7881
5/1/2004,12499.431,10720.8,77.289,1126018.0,311088.0,93.5845,100.9982,98.7688,107.5269,104.5284,107.6545,79.0989,85.9629,83.3729,107.543,97.7605,97.7363,77.5987,76.5778,3710.0,0.451777886,147065.0,138852.0,5.6,19.8,2723.0,2378.0,3103.0,1304.0,1799.0,336200,131697.0,21881.0,521.8,6948.0,14342.0,8926.0,5416.0,109816.0,25415.0,5598.5,15029.6,8115.0,21614.0,40.2,4.6,41.1,1981.0,180.0,360.0,876.0,565.0,2150.0,202.0,370.0,1022.0,556.0,139698.0,183459.0,55785.0,531048.0,1174147.0,1.29,1333.3,6275.7,3334.6,745.0,46.3,46.2,862.6995,2384.2848,1342750.5,134.949799,1102.78,1.669115024,24.86062783,1.0,1.16,1.02,1.31,1.78,3.85,4.72,6.04,6.75,0.16,0.02,0.31,0.78,2.85,3.72,5.04,5.75,105.4193826,1.2839,112.196,1.786,1.3789,148.4,151.7,141.7,160.6,40.28,132.6,188.2,120.9,161.6,308.6,154.2,114.7,221.9,188.6,178.5,182.0,79.604,127.026,80.91,73.257,17.13,19.22,16.07,90.2,266970.97,704757.45,1693.3225,18.076
6/1/2004,12511.921,10734.6,76.892,1124971.0,309127.0,92.8651,100.1816,97.7412,106.0563,102.2255,106.5233,79.017,85.3463,83.0696,107.3829,97.1127,97.4566,77.7196,76.0825,3337.0,0.402727492,147460.0,139174.0,5.6,20.5,2677.0,2387.0,3130.0,1284.0,1847.0,349000,131794.0,21887.0,522.4,6962.0,14334.0,8933.0,5401.0,109907.0,25456.0,5602.3,15053.4,8116.0,21601.0,39.9,4.6,40.8,1828.0,164.0,313.0,878.0,473.0,2020.0,207.0,350.0,931.0,532.0,140595.0,185640.0,56353.0,535482.0,1184240.0,1.3,1342.7,6277.9,3323.4,750.7,45.7,45.5,869.0455,2410.0339,1348258.19,134.9823986,1132.76,1.642007133,24.50660907,1.03,1.39,1.27,1.6,2.12,3.93,4.73,6.01,6.78,0.36,0.24,0.57,1.09,2.9,3.7,4.98,5.75,103.7540651,1.2503,109.4336,1.8279,1.3578,148.4,151.5,142.2,161.5,38.02,132.5,188.9,121.2,162.8,309.8,154.9,114.5,222.7,189.3,179.2,182.7,79.831,126.945,81.359,73.45,17.15,19.19,16.11,95.6,266998.41,710912.47,1701.4572,15.0452
7/1/2004,12556.147,10788.8,77.568,1126633.0,311681.0,93.5502,100.9419,98.4987,106.3761,102.6827,106.7898,80.59,85.9507,83.5614,108.4892,97.9693,95.0602,78.6143,76.7549,3814.0,0.468780728,147692.0,139556.0,5.5,18.8,2820.0,2384.0,2918.0,1237.0,1681.0,343000,131853.0,21902.0,526.3,6977.0,14331.0,8935.0,5396.0,109951.0,25456.0,5610.4,15037.3,8099.0,21606.0,40.1,4.6,40.8,2002.0,184.0,351.0,904.0,563.0,2112.0,198.0,363.0,986.0,565.0,137739.0,186835.0,61571.0,543311.0,1196968.0,1.31,1340.8,6291.1,3326.9,757.3,46.8,46.5,878.117,2413.4801,1351005.83,134.6562175,1105.85,1.698844026,23.10941173,1.26,1.51,1.33,1.66,2.1,3.69,4.5,5.82,6.62,0.25,0.07,0.4,0.84,2.43,3.24,4.56,5.36,102.4403435,1.2452,109.4871,1.8438,1.3225,148.2,151.3,142.9,161.3,40.69,136.9,189.1,121.0,162.3,310.8,154.6,114.3,223.2,189.4,179.3,182.8,79.905,126.521,81.234,73.643,17.17,19.2,16.12,96.7,271283.97,716151.5,1701.6535,15.6685
8/1/2004,12606.222,10816.8,77.855,1136416.0,311192.0,93.6301,101.131,98.7309,106.8319,103.4834,107.1111,80.3045,85.907,84.164,109.198,98.4231,92.4219,79.2867,77.0981,3541.0,0.443178974,147564.0,139573.0,5.4,18.8,2660.0,2563.0,2846.0,1206.0,1640.0,340750,131940.0,21943.0,527.7,7003.0,14345.0,8963.0,5382.0,109997.0,25468.0,5618.5,15038.1,8107.0,21626.0,40.1,4.5,40.8,2024.0,202.0,366.0,917.0,539.0,2056.0,180.0,384.0,958.0,534.0,142413.0,183728.0,54795.0,543542.0,1207657.0,1.31,1354.3,6317.8,3339.2,757.2,45.8,45.6,882.8316,2436.6706,1356423.46,134.5898534,1088.94,1.742367195,21.98877988,1.43,1.65,1.48,1.72,2.02,3.47,4.28,5.65,6.46,0.22,0.05,0.29,0.59,2.04,2.85,4.22,5.03,102.7393953,1.2623,110.2336,1.8203,1.3127,148.6,151.6,144.4,161.7,44.94,136.1,189.2,120.3,162.1,311.8,154.4,114.0,223.7,189.6,179.4,182.9,79.946,125.863,81.183,73.795,17.22,19.22,16.2,95.9,278460.06,723613.47,1703.2479,16.5927
9/1/2004,12621.706,10834.4,78.358,1141076.0,317446.0,93.7353,101.1153,98.8409,106.7629,102.8719,107.2466,80.5462,86.1455,84.5092,109.4691,98.434,95.5604,76.8588,77.0778,3821.0,0.482023464,147415.0,139487.0,5.4,19.4,2758.0,2276.0,2910.0,1209.0,1702.0,337250,132091.0,21958.0,529.2,7029.0,14332.0,8957.0,5375.0,110133.0,25518.0,5631.7,15062.7,8120.0,21635.0,40.1,4.6,40.7,1905.0,157.0,345.0,907.0,496.0,2041.0,200.0,383.0,931.0,527.0,142384.0,188444.0,59343.0,548017.0,1206471.0,1.3,1362.5,6352.2,3346.8,762.2,46.5,46.2,886.7373,2465.6049,1366512.48,135.1577548,1117.66,1.71429594,21.82326585,1.61,1.81,1.65,1.87,2.12,3.36,4.13,5.46,6.27,0.2,0.04,0.26,0.51,1.75,2.52,3.85,4.66,102.2044866,1.2629,110.0914,1.7937,1.2881,148.8,151.8,144.8,154.0,45.95,136.9,189.8,120.0,163.4,312.9,154.9,114.6,224.2,190.3,179.9,183.4,80.104,125.893,81.385,73.953,17.3,19.24,16.3,94.2,288372.41,734800.9,1721.9631,13.8804
10/1/2004,12628.422,10842.5,78.542,1143491.0,318476.0,94.5695,101.987,99.7161,107.8279,105.0974,107.8676,81.1604,86.941,85.5321,110.3478,99.344,96.6733,80.2243,77.7436,3943.0,0.489145267,147793.0,139732.0,5.5,19.5,2732.0,2303.0,3041.0,1304.0,1737.0,334000,132431.0,22004.0,527.6,7077.0,14332.0,8968.0,5364.0,110427.0,25556.0,5635.2,15090.7,8115.0,21656.0,39.9,4.5,40.6,2072.0,177.0,392.0,960.0,543.0,2097.0,183.0,368.0,1020.0,526.0,146824.0,185187.0,56647.0,547928.0,1216168.0,1.29,1362.3,6379.8,3343.7,763.9,45.7,45.5,889.5302,2494.8004,1380022.85,135.8383796,1117.21,1.723340584,21.075693,1.76,1.97,1.76,2.0,2.23,3.35,4.1,5.47,6.21,0.21,0.0,0.24,0.47,1.59,2.34,3.71,4.45,99.8698231,1.233,108.7835,1.8077,1.2469,151.2,154.9,146.6,161.0,53.13,145.8,190.8,120.3,166.7,314.0,156.7,115.0,224.6,191.3,181.2,184.4,80.448,126.202,82.446,74.079,17.31,19.29,16.27,91.7,294242.5,745501.61,1722.9434,15.1847
11/1/2004,12595.005,10809.0,78.683,1145583.0,320520.0,94.8015,101.9591,99.6064,107.6803,103.6546,108.1975,80.8839,87.4601,85.8263,110.7092,99.3411,98.1463,79.8723,77.6761,3472.0,0.437720625,148162.0,140231.0,5.4,19.7,2638.0,2339.0,2960.0,1258.0,1702.0,328750,132504.0,21996.0,532.1,7091.0,14306.0,8958.0,5348.0,110508.0,25575.0,5637.2,15111.8,8117.0,21692.0,39.9,4.4,40.5,1782.0,164.0,310.0,841.0,467.0,2079.0,203.0,343.0,948.0,585.0,149822.0,192545.0,61024.0,554750.0,1228121.0,1.29,1374.2,6406.3,3341.8,770.5,45.6,45.4,897.9707,2525.1874,1386561.38,136.3182795,1168.94,1.65506071,21.54136603,1.93,2.2,2.07,2.27,2.5,3.53,4.19,5.52,6.2,0.27,0.14,0.34,0.57,1.6,2.26,3.59,4.27,95.98498942,1.1711,104.699,1.8607,1.1968,152.1,156.1,147.9,172.7,48.46,145.1,191.7,120.6,169.1,314.7,157.8,115.4,225.4,192.3,182.4,185.4,80.758,126.264,83.022,74.334,17.34,19.29,16.31,92.8,298063.25,751863.72,1721.6234,14.05
12/1/2004,13020.595,11216.7,79.199,1163441.0,324672.0,95.5415,102.7164,100.4091,108.4501,104.7046,108.855,81.7375,88.183,86.3132,111.6763,100.0964,99.0215,81.7864,78.1838,4074.0,0.513486262,148059.0,140125.0,5.4,19.4,2768.0,2268.0,2927.0,1274.0,1653.0,325250,132629.0,22004.0,535.2,7117.0,14285.0,8953.0,5332.0,110625.0,25598.0,5651.3,15104.1,8133.0,21693.0,40.1,4.5,40.6,2042.0,195.0,381.0,939.0,527.0,2082.0,190.0,392.0,946.0,554.0,147719.0,193578.0,60317.0,558457.0,1230005.0,1.28,1376.0,6424.5,3351.3,776.3,46.8,46.8,906.5194,2552.9238,1392693.99,132.3752937,1199.21,1.621067203,21.80086064,2.16,2.38,2.19,2.43,2.67,3.6,4.23,5.47,6.15,0.22,0.03,0.27,0.51,1.44,2.07,3.31,3.99,94.95730198,1.1465,103.8104,1.9286,1.2189,151.4,155.0,147.7,167.2,43.33,147.7,191.7,119.8,168.5,315.8,157.4,115.5,225.8,192.3,182.3,185.4,80.801,126.329,82.646,74.504,17.36,19.25,16.34,97.1,298273.72,743896.27,1746.7299,13.014
1/1/2005,12665.162,10842.0,79.033,1167649.0,321272.0,95.8785,103.3918,100.9976,108.7157,103.8636,109.5158,83.0599,88.1469,86.9339,111.7279,100.7301,99.1348,80.8156,78.5792,3804.0,0.488694759,148029.0,140245.0,5.3,19.5,2635.0,2298.0,2851.0,1203.0,1648.0,343400,132781.0,21959.0,540.3,7095.0,14257.0,8944.0,5313.0,110822.0,25625.0,5645.5,15124.4,8143.0,21735.0,39.8,4.6,40.7,2144.0,163.0,334.0,1090.0,557.0,2139.0,197.0,334.0,1051.0,557.0,149256.0,194875.0,61857.0,559852.0,1242663.0,1.29,1367.1,6430.8,3356.4,775.2,50.4,50.4,921.3183,2577.3224,1392141.86,135.8584815,1181.41,1.667781154,21.1685066,2.28,2.56,2.33,2.61,2.86,3.71,4.22,5.36,6.02,0.28,0.05,0.33,0.58,1.43,1.94,3.08,3.74,96.06688252,1.1792,103.341,1.8797,1.2248,151.9,155.5,148.5,164.2,46.84,149.8,191.6,120.3,166.5,316.9,156.8,115.7,226.2,192.1,182.0,185.2,80.907,126.143,82.154,74.829,17.36,19.22,16.38,95.5,290729.06,744811.65,1812.802,13.512
2/1/2005,12674.095,10836.7,79.383,1168023.0,325308.0,96.5709,104.1068,101.8431,109.4058,106.1997,109.6051,83.9529,88.8163,87.7647,112.5038,101.588,96.5016,82.4591,79.1297,3965.0,0.496867168,148364.0,140385.0,5.4,19.1,2749.0,2345.0,2896.0,1268.0,1628.0,311750,133033.0,22035.0,544.3,7153.0,14272.0,8965.0,5307.0,110998.0,25691.0,5658.6,15164.4,8146.0,21744.0,39.9,4.6,40.7,2207.0,200.0,446.0,996.0,565.0,2114.0,197.0,368.0,995.0,554.0,151286.0,196475.0,62307.0,564784.0,1251337.0,1.29,1371.1,6438.9,3346.6,772.9,46.6,46.6,931.6006,2606.3614,1407451.42,136.8756669,1199.63,1.66440208,21.12564344,2.5,2.71,2.54,2.77,3.03,3.77,4.17,5.2,5.82,0.21,0.04,0.27,0.53,1.27,1.67,2.7,3.32,96.96415638,1.1918,104.9442,1.8871,1.2401,152.7,156.6,149.5,162.9,47.97,154.1,192.4,120.0,168.4,318.4,157.5,115.6,226.9,193.0,182.7,185.9,81.132,125.965,82.604,75.031,17.44,19.31,16.44,94.1,291505.0,746918.46,1838.6182,11.5626
3/1/2005,12716.359,10877.8,79.51,1160056.0,326179.0,96.4345,103.8096,101.5634,108.8728,104.1764,109.6033,83.9605,88.8535,87.2555,112.5672,101.1019,101.2451,82.289,78.6182,4044.0,0.522683211,148391.0,140654.0,5.2,19.5,2483.0,2328.0,2817.0,1157.0,1660.0,332000,133152.0,22065.0,548.5,7181.0,14268.0,8959.0,5309.0,111087.0,25710.0,5669.2,15165.9,8139.0,21740.0,39.8,4.5,40.4,1864.0,210.0,311.0,855.0,488.0,2062.0,183.0,340.0,993.0,546.0,152261.0,186608.0,58897.0,562236.0,1257770.0,1.29,1370.9,6448.3,3339.4,773.5,45.9,45.9,945.8622,2650.7811,1415559.22,136.7967626,1194.9,1.693028705,20.66019337,2.63,2.91,2.74,3.0,3.3,4.17,4.5,5.4,6.06,0.28,0.11,0.37,0.67,1.54,1.87,2.77,3.43,95.8600196,1.1756,105.2543,1.9043,1.216,153.7,157.8,150.7,170.5,54.31,158.6,193.1,120.5,169.2,319.7,157.9,115.4,228.0,193.8,183.2,186.6,81.375,125.868,82.948,75.283,17.46,19.37,16.44,92.6,291580.22,751034.07,1847.8075,12.8804
4/1/2005,12759.492,10909.6,80.026,1177581.0,329124.0,96.6347,104.3651,101.9057,108.8593,103.17,109.9362,84.9615,88.6654,87.603,112.0257,101.538,98.9813,83.1474,78.8132,4159.0,0.542101147,148926.0,141254.0,5.2,19.6,2688.0,2289.0,2678.0,1069.0,1609.0,323200,133519.0,22135.0,555.2,7266.0,14249.0,8954.0,5295.0,111384.0,25786.0,5681.1,15215.2,8150.0,21754.0,40.0,4.5,40.4,2061.0,192.0,330.0,1037.0,502.0,2150.0,202.0,371.0,1025.0,552.0,155253.0,194847.0,60960.0,561491.0,1264334.0,1.28,1358.4,6461.8,3336.0,775.5,46.5,46.4,958.801,2681.6391,1421976.98,136.5696622,1164.43,1.757369128,19.8109529,2.79,3.02,2.78,3.05,3.32,4.0,4.34,5.33,6.05,0.23,-0.01,0.26,0.53,1.21,1.55,2.54,3.26,97.4516097,1.1954,107.1938,1.8961,1.2359,154.2,158.4,151.3,175.0,53.04,158.2,193.7,119.9,170.3,320.7,158.6,115.3,228.5,194.3,184.1,187.2,81.603,125.794,83.399,75.477,17.51,19.39,16.46,87.7,289411.13,755097.87,1837.6853,14.0571
5/1/2005,12815.998,10963.9,79.917,1175330.0,327233.0,96.7251,104.7177,102.3911,109.3854,103.2107,110.6241,85.6719,88.47,87.6518,111.3376,101.8232,98.0288,81.7428,78.8801,3797.0,0.496274997,149261.0,141609.0,5.1,18.6,2754.0,2231.0,2683.0,1145.0,1538.0,327000,133689.0,22170.0,556.5,7294.0,14255.0,8967.0,5288.0,111519.0,25824.0,5692.7,15232.1,8154.0,21781.0,39.9,4.4,40.4,2025.0,183.0,384.0,928.0,530.0,2085.0,206.0,351.0,979.0,549.0,154722.0,206623.0,73042.0,574720.0,1266451.0,1.29,1366.0,6479.0,3346.6,776.4,46.3,46.2,968.6237,2696.4669,1423459.97,136.0327185,1178.28,1.756515146,19.89862088,3.0,3.15,2.84,3.08,3.33,3.85,4.14,5.15,6.01,0.15,-0.16,0.08,0.33,0.85,1.14,2.15,3.01,98.82568603,1.2172,106.5952,1.8559,1.2555,153.9,157.8,150.6,169.1,49.83,152.6,193.6,119.9,168.7,321.8,158.1,115.5,228.9,194.1,184.0,187.1,81.649,126.056,82.977,75.642,17.54,19.36,16.53,86.9,286871.34,757762.53,1868.267,13.179
6/1/2005,12849.466,10996.5,80.62,1186461.0,337219.0,97.1483,105.2339,103.0747,110.3823,103.8221,111.743,85.4889,88.7938,87.9361,110.9805,102.025,101.8083,82.8514,78.8741,4062.0,0.539872408,149238.0,141714.0,5.0,17.9,2659.0,2361.0,2405.0,1030.0,1375.0,325750,133947.0,22184.0,560.2,7333.0,14227.0,8953.0,5274.0,111763.0,25869.0,5703.2,15266.2,8172.0,21763.0,39.9,4.4,40.4,2068.0,194.0,339.0,1037.0,498.0,2178.0,215.0,355.0,1064.0,544.0,155614.0,210020.0,70201.0,590937.0,1264110.0,1.27,1380.1,6511.7,3361.7,780.7,46.0,45.7,975.0068,2733.9789,1433651.78,136.564277,1202.25,1.740902475,20.12461015,3.04,3.3,2.97,3.13,3.36,3.77,4.0,4.96,5.86,0.26,-0.07,0.09,0.32,0.73,0.96,1.92,2.82,100.6257959,1.2665,108.7473,1.8177,1.2402,153.9,157.9,151.1,165.5,56.26,153.5,193.7,119.4,169.1,322.8,158.0,115.4,229.1,194.3,184.0,187.1,81.7,125.591,82.963,75.773,17.58,19.42,16.54,96.0,283991.13,764988.55,1849.3251,11.2418
7/1/2005,12868.735,11029.5,81.199,1185681.0,339529.0,96.8397,104.915,102.6442,109.9249,101.8103,111.8212,85.0431,88.4954,87.4187,111.4491,101.6692,103.2005,81.9125,78.4339,4256.0,0.574669187,149432.0,142026.0,5.0,17.6,2568.0,2368.0,2449.0,1068.0,1380.0,324400,134300.0,22204.0,560.8,7353.0,14225.0,8950.0,5275.0,112096.0,25933.0,5712.6,15307.7,8191.0,21857.0,39.9,4.4,40.5,2054.0,196.0,364.0,986.0,508.0,2203.0,205.0,371.0,1045.0,582.0,156154.0,194475.0,64436.0,594807.0,1261244.0,1.26,1369.0,6543.5,3357.4,782.9,47.1,46.7,989.703,2781.408,1442322.48,136.6055596,1222.24,1.727429419,20.20464602,3.26,3.49,3.22,3.42,3.64,3.98,4.18,5.06,5.95,0.23,-0.04,0.16,0.38,0.72,0.92,1.8,2.69,101.5582175,1.2945,111.9535,1.7507,1.2229,155.0,159.3,152.3,174.4,58.7,155.7,194.9,119.0,172.8,324.1,159.6,115.0,229.9,195.6,185.5,188.3,82.046,125.16,84.02,75.996,17.62,19.5,16.57,96.5,280111.88,765290.44,1864.2022,10.489
8/1/2005,12891.416,11028.8,80.839,1188599.0,335605.0,97.1584,105.5069,103.3328,110.446,104.7781,111.4974,86.137,88.5214,88.6272,109.9603,102.2089,102.232,80.7888,78.6842,4142.0,0.563921035,149779.0,142434.0,4.9,18.4,2570.0,2304.0,2569.0,1161.0,1407.0,315750,134503.0,22224.0,564.4,7394.0,14200.0,8945.0,5255.0,112279.0,25965.0,5722.6,15323.9,8215.0,21863.0,39.9,4.5,40.5,2095.0,202.0,383.0,927.0,583.0,2219.0,207.0,350.0,1104.0,558.0,161824.0,204839.0,68920.0,604717.0,1264858.0,1.26,1377.8,6576.3,3353.5,782.7,45.5,45.1,995.5061,2823.1152,1449202.47,136.4648829,1224.27,1.739540025,19.97435069,3.5,3.69,3.44,3.66,3.87,4.12,4.26,5.09,5.96,0.19,-0.06,0.16,0.37,0.62,0.76,1.59,2.46,99.72568177,1.2629,110.6065,1.7944,1.2043,156.3,161.0,153.2,181.5,64.97,158.9,196.1,119.5,177.3,324.2,161.5,114.7,230.4,197.0,187.1,189.6,82.377,124.73,85.216,76.152,17.67,19.49,16.63,89.1,281038.34,767003.26,1859.9242,11.9852
9/1/2005,12850.144,10998.5,80.521,1182865.0,336600.0,95.2764,105.078,102.5472,110.5493,106.9094,110.9037,83.5374,85.0678,89.7274,102.6015,101.0854,104.4239,77.834,77.6572,4352.0,0.576194889,149954.0,142401.0,5.0,17.9,2763.0,2294.0,2537.0,1098.0,1439.0,382750,134554.0,22223.0,570.1,7415.0,14173.0,8929.0,5244.0,112331.0,25945.0,5728.0,15297.6,8224.0,21845.0,40.1,4.5,40.7,2151.0,196.0,375.0,1008.0,572.0,2263.0,213.0,356.0,1075.0,619.0,166811.0,203997.0,62715.0,610942.0,1271340.0,1.25,1378.6,6610.1,3325.0,787.9,46.1,45.8,1000.7563,2844.2378,1451981.53,135.8553786,1225.92,1.752153485,19.59764025,3.62,3.79,3.42,3.67,3.85,4.01,4.2,5.13,6.03,0.17,-0.2,0.05,0.23,0.39,0.58,1.51,2.41,99.19396831,1.2671,111.239,1.8064,1.1777,158.8,164.4,157.2,200.3,65.57,161.1,198.8,119.1,187.7,325.3,166.0,115.1,231.4,200.0,191.0,192.3,83.172,124.826,87.783,76.48,17.66,19.51,16.6,76.9,282928.81,770467.55,1859.1781,11.959
10/1/2005,12925.11,11081.4,80.738,1182725.0,336753.0,96.4411,106.3278,103.8949,110.5145,107.936,110.5053,87.9889,86.1469,90.6712,104.5394,102.5418,103.0729,76.7029,78.6157,4184.0,0.561384677,150001.0,142548.0,5.0,17.9,2719.0,2296.0,2492.0,1070.0,1422.0,352200,134643.0,22290.0,575.6,7460.0,14189.0,8956.0,5233.0,112353.0,25957.0,5736.0,15294.6,8259.0,21829.0,40.3,4.6,41.0,2065.0,171.0,339.0,1036.0,519.0,2170.0,200.0,361.0,1056.0,553.0,164383.0,209901.0,67294.0,619436.0,1281654.0,1.25,1376.5,6643.9,3337.0,787.2,44.8,44.5,1014.6763,2869.4851,1455760.47,135.2019977,1191.96,1.822768102,18.86588351,3.78,4.05,3.71,3.99,4.18,4.33,4.46,5.35,6.3,0.27,-0.07,0.21,0.4,0.55,0.68,1.57,2.52,100.729464,1.288,114.8695,1.7651,1.1774,160.5,166.7,162.3,212.7,62.37,171.6,199.1,119.0,184.5,326.9,164.8,115.1,233.1,200.3,190.9,192.5,83.305,124.719,87.112,76.888,17.74,19.56,16.69,74.2,283953.63,773524.18,1860.6147,14.5823
11/1/2005,13010.071,11158.5,80.976,1198972.0,339719.0,97.5016,106.732,104.2256,110.42,106.492,110.8739,89.251,87.9176,90.8808,107.4456,103.4452,98.2534,81.2619,79.1512,4248.0,0.561459159,150065.0,142499.0,5.0,17.5,2823.0,2282.0,2486.0,1116.0,1370.0,317250,134999.0,22355.0,582.1,7524.0,14184.0,8953.0,5231.0,112644.0,26013.0,5748.6,15325.6,8281.0,21859.0,40.5,4.6,40.9,2147.0,198.0,390.0,1003.0,556.0,2218.0,213.0,359.0,1071.0,575.0,162238.0,220733.0,81362.0,638462.0,1289762.0,1.25,1376.1,6660.7,3362.3,793.5,44.7,44.5,1023.0361,2893.9762,1457783.19,134.7877277,1237.37,1.775809445,19.56163368,4.0,4.23,3.88,4.15,4.33,4.45,4.54,5.42,6.39,0.23,-0.12,0.15,0.33,0.45,0.54,1.42,2.39,102.455018,1.311,118.454,1.7349,1.1815,158.7,164.4,160.3,209.9,58.3,178.9,198.1,119.2,176.8,328.7,161.8,115.0,234.2,199.1,189.3,191.5,83.131,124.62,85.411,77.181,17.73,19.54,16.68,81.6,283010.69,775362.5,1834.7311,11.6061
12/1/2005,13055.374,11206.7,81.292,1205870.0,339895.0,97.9723,106.9906,104.4956,111.1659,105.2709,112.2881,88.5788,88.6193,91.0655,108.1755,103.5446,103.4494,80.6562,79.0756,4282.0,0.588267619,150030.0,142752.0,4.9,17.5,2588.0,2249.0,2429.0,1073.0,1356.0,316400,135158.0,22373.0,586.8,7533.0,14189.0,8962.0,5227.0,112785.0,26033.0,5761.0,15331.2,8284.0,21879.0,40.2,4.6,40.8,1994.0,167.0,292.0,1104.0,431.0,2120.0,208.0,325.0,1066.0,521.0,163990.0,221499.0,78881.0,653074.0,1303339.0,1.25,1374.3,6687.8,3376.0,803.1,45.4,45.2,1036.3155,2925.6017,1461409.78,134.6536731,1262.07,1.76059965,19.81380593,4.16,4.37,3.89,4.18,4.35,4.39,4.47,5.37,6.32,0.21,-0.27,0.02,0.19,0.23,0.31,1.21,2.16,101.5486317,1.3053,118.4624,1.7458,1.1615,159.6,165.6,160.2,202.0,59.43,191.8,198.1,118.6,176.0,329.2,161.5,115.0,234.4,199.0,189.0,191.4,83.131,124.506,85.238,77.247,17.76,19.61,16.68,91.5,277955.28,781358.94,1857.4215,10.9238
1/1/2006,13214.527,11309.9,81.714,1212206.0,349664.0,98.127,106.9588,104.2161,110.2454,106.5666,110.6167,90.1504,88.9762,91.9555,110.2392,104.3493,91.447,81.5579,79.5428,4397.0,0.622451869,150214.0,143150.0,4.7,16.9,2527.0,2194.0,2270.0,1100.0,1170.0,295750,135426.0,22465.0,591.1,7601.0,14208.0,8980.0,5228.0,112961.0,26057.0,5780.5,15318.9,8305.0,21847.0,40.5,4.6,41.0,2273.0,224.0,370.0,1146.0,533.0,2212.0,211.0,350.0,1090.0,561.0,167243.0,209540.0,69074.0,657114.0,1312932.0,1.25,1379.5,6730.1,3376.9,804.2,47.1,47.0,1048.677,2945.3764,1487893.96,134.7900966,1278.73,1.752520079,19.68451157,4.29,4.48,4.24,4.31,4.45,4.35,4.42,5.29,6.24,0.19,-0.05,0.02,0.16,0.06,0.13,1.0,1.95,100.0,1.2773,115.4765,1.7686,1.1572,160.5,166.7,162.4,203.2,65.51,198.5,199.3,118.9,179.0,329.6,162.9,115.0,235.5,200.3,190.5,192.6,83.534,124.402,86.132,77.558,17.78,19.62,16.69,91.2,274432.63,777349.9,1871.315,11.7115
2/1/2006,13283.182,11389.7,81.885,1215079.0,347021.0,98.1687,106.7166,104.0261,109.7119,104.6844,110.5505,90.4969,89.3231,92.0873,109.5031,104.0762,92.2864,82.2982,79.1933,4325.0,0.602032294,150641.0,143457.0,4.8,17.8,2577.0,2088.0,2546.0,1195.0,1350.0,290750,135731.0,22533.0,596.1,7664.0,14208.0,8985.0,5223.0,113198.0,26090.0,5796.5,15325.6,8333.0,21878.0,40.4,4.6,41.0,2119.0,189.0,329.0,1033.0,568.0,2141.0,205.0,354.0,1030.0,552.0,162922.0,219738.0,70649.0,670468.0,1316834.0,1.25,1378.4,6754.7,3387.5,804.9,44.6,44.6,1058.2694,2972.9844,1489687.58,134.17466,1276.65,1.770258097,19.38134877,4.49,4.63,4.43,4.52,4.68,4.57,4.57,5.35,6.27,0.14,-0.06,0.03,0.19,0.08,0.08,0.86,1.78,100.7907,1.3052,117.8605,1.748,1.1489,158.7,164.0,161.6,186.6,61.63,207.3,199.4,117.8,178.5,331.2,162.5,114.9,235.9,200.3,190.3,192.6,83.584,124.121,85.846,77.753,17.8,19.65,16.7,86.7,267241.56,767378.68,1883.775,11.8673
3/1/2006,13340.072,11441.6,82.057,1217128.0,348357.0,98.3913,107.1709,104.5829,110.3269,105.588,111.0629,91.3078,89.3015,92.2998,108.8883,104.0615,99.4762,79.5719,79.0448,4732.0,0.669117647,150813.0,143741.0,4.7,17.1,2659.0,1999.0,2373.0,1064.0,1309.0,301750,136036.0,22567.0,602.6,7689.0,14210.0,8996.0,5214.0,113469.0,26129.0,5811.9,15351.8,8350.0,21903.0,40.4,4.5,41.1,1969.0,169.0,296.0,1017.0,487.0,2118.0,211.0,323.0,1070.0,514.0,165535.0,227188.0,77906.0,689656.0,1328303.0,1.26,1383.2,6769.3,3389.7,810.1,42.7,42.6,1068.6019,2998.1457,1497564.31,134.0486144,1293.74,1.76155951,19.29072449,4.59,4.79,4.51,4.62,4.77,4.72,4.72,5.53,6.41,0.2,-0.08,0.03,0.18,0.13,0.13,0.94,1.82,100.7567,1.305,117.2778,1.7442,1.1573,159.3,164.8,161.5,179.6,62.9,206.4,199.7,119.1,178.1,332.6,162.6,114.8,236.5,200.7,190.4,192.9,83.746,123.75,86.053,77.966,17.82,19.66,16.71,88.9,268086.45,774480.04,1881.9745,11.1908
4/1/2006,13347.045,11453.9,82.203,1205627.0,350072.0,98.6826,107.5839,105.2348,110.6302,105.3677,111.5443,92.7194,89.466,92.434,108.6464,104.4247,98.032,79.5277,79.185,4790.0,0.672752809,150881.0,143761.0,4.7,16.7,2665.0,2142.0,2353.0,1022.0,1331.0,303600,136208.0,22627.0,612.3,7726.0,14223.0,9016.0,5207.0,113581.0,26123.0,5823.7,15317.0,8372.0,21919.0,40.6,4.5,41.2,1821.0,180.0,341.0,873.0,427.0,1998.0,184.0,283.0,1017.0,514.0,165064.0,214625.0,71120.0,700280.0,1339022.0,1.27,1381.4,6806.9,3391.6,809.2,44.7,44.5,1085.217,3030.8713,1504153.67,133.946629,1302.17,1.766794402,19.00640667,4.79,4.94,4.6,4.72,4.9,4.9,4.99,5.84,6.68,0.15,-0.19,-0.07,0.11,0.11,0.2,1.05,1.89,99.4118,1.283,117.0695,1.768,1.1441,160.6,166.4,163.0,182.9,69.69,236.8,200.7,119.6,181.8,333.8,164.1,114.9,237.1,201.9,191.5,193.9,84.135,123.763,86.99,78.228,17.86,19.7,16.74,87.4,267824.92,776729.98,1920.0776,11.1636
5/1/2006,13336.874,11437.1,82.341,1215535.0,348889.0,98.7074,107.4449,105.1685,110.4544,104.7208,111.5323,92.847,89.6653,92.1583,108.7044,104.1684,98.4563,83.1699,78.8539,4463.0,0.639398281,151069.0,144089.0,4.6,17.1,2545.0,2189.0,2303.0,969.0,1333.0,332750,136249.0,22594.0,614.1,7713.0,14200.0,9013.0,5187.0,113655.0,26116.0,5835.8,15285.6,8376.0,21926.0,40.3,4.5,41.2,1942.0,193.0,288.0,954.0,507.0,1905.0,167.0,288.0,953.0,497.0,169705.0,215819.0,71934.0,707154.0,1352673.0,1.27,1387.2,6813.7,3384.8,812.6,45.5,45.3,1103.3153,3059.2308,1507690.12,134.003797,1290.01,1.800244443,18.5136297,4.94,5.05,4.72,4.82,5.0,5.0,5.11,5.95,6.75,0.11,-0.22,-0.12,0.06,0.06,0.17,1.01,1.81,95.5569,1.219,111.7305,1.8687,1.11,160.6,166.3,164.4,184.4,70.94,270.8,201.3,119.9,182.7,335.0,164.6,114.8,237.8,202.6,192.0,194.5,84.361,123.615,87.284,78.479,17.92,19.86,16.77,79.1,260976.42,777623.37,1935.1538,13.4881
6/1/2006,13353.303,11447.3,82.386,1212189.0,350795.0,99.0398,107.8531,105.7747,110.9989,105.4368,112.0148,93.5728,89.9186,92.1896,108.8714,104.4744,100.3388,85.2078,78.9444,4614.0,0.659048707,151354.0,144353.0,4.6,16.6,2705.0,2076.0,2127.0,982.0,1145.0,305500,136335.0,22594.0,620.0,7699.0,14210.0,9024.0,5186.0,113741.0,26136.0,5839.9,15297.4,8364.0,21922.0,40.5,4.5,41.2,1802.0,166.0,288.0,902.0,446.0,1867.0,172.0,286.0,929.0,480.0,168231.0,221220.0,71231.0,718927.0,1363182.0,1.27,1375.4,6851.8,3395.3,812.4,45.1,44.9,1118.8134,3093.7306,1498329.88,132.6801041,1253.17,1.870456522,17.75741419,4.99,5.25,4.79,4.97,5.16,5.07,5.11,5.89,6.78,0.26,-0.2,-0.02,0.17,0.08,0.12,0.9,1.79,96.5617,1.2321,114.625,1.8435,1.1137,161.4,167.3,165.2,178.5,70.96,252.1,201.8,120.1,183.0,336.0,164.8,114.6,238.5,203.0,192.3,195.0,84.569,123.165,87.525,78.756,18.0,20.04,16.78,84.9,264646.94,785318.65,1930.487,15.8913
7/1/2006,13342.387,11430.6,82.851,1206927.0,351916.0,98.9751,107.5969,105.3948,110.0086,101.6311,111.9971,94.359,90.0556,91.6403,109.1258,104.1196,102.2175,84.0761,78.5312,4394.0,0.612404181,151377.0,144202.0,4.7,17.1,2721.0,2126.0,2289.0,986.0,1304.0,318800,136529.0,22587.0,624.2,7712.0,14185.0,9004.0,5181.0,113942.0,26161.0,5848.1,15298.9,8366.0,21973.0,40.6,4.6,41.4,1737.0,150.0,291.0,876.0,420.0,1763.0,172.0,277.0,898.0,416.0,164909.0,209494.0,69535.0,726406.0,1371203.0,1.29,1372.4,6893.6,3397.5,811.5,44.9,44.6,1130.7415,3120.4987,1504422.61,132.8748739,1260.24,1.877420174,17.62805319,5.24,5.37,4.95,5.06,5.22,5.04,5.09,5.85,6.76,0.13,-0.29,-0.18,-0.02,-0.2,-0.15,0.61,1.52,97.0316,1.2376,115.767,1.8443,1.1294,161.0,167.0,165.5,180.5,74.41,260.5,202.9,119.0,186.9,336.9,166.4,114.7,239.2,204.2,193.6,196.1,84.858,123.175,88.372,78.905,18.01,20.07,16.78,84.7,268807.9,794497.22,1936.9745,14.522
8/1/2006,13329.621,11414.5,82.576,1213695.0,353285.0,99.4047,108.1799,106.3562,111.0476,104.5049,112.3995,95.1691,90.3224,92.5294,109.7698,104.8622,102.1625,85.2877,78.9377,4710.0,0.664222254,151716.0,144625.0,4.7,17.1,2603.0,2246.0,2293.0,987.0,1306.0,314250,136693.0,22566.0,627.6,7720.0,14154.0,8987.0,5167.0,114127.0,26172.0,5856.3,15301.6,8373.0,22011.0,40.6,4.4,41.1,1650.0,160.0,248.0,842.0,400.0,1722.0,166.0,272.0,871.0,413.0,166536.0,210473.0,67780.0,727801.0,1380342.0,1.28,1372.4,6925.1,3398.0,809.7,42.7,42.3,1151.7102,3129.2585,1511807.75,133.2364852,1287.15,1.855261625,17.78560071,5.25,5.29,4.96,4.97,5.08,4.82,4.88,5.68,6.59,0.04,-0.29,-0.28,-0.17,-0.43,-0.37,0.43,1.34,96.1155,1.2318,115.9243,1.8941,1.1182,162.1,168.3,166.5,187.0,73.05,256.9,203.8,119.8,188.4,338.1,167.2,114.5,239.9,205.1,194.4,196.9,85.125,123.169,88.97,79.103,18.08,20.13,16.83,82.0,273650.64,805602.77,1945.8075,12.5604
9/1/2006,13408.301,11486.6,83.088,1213475.0,351240.0,99.2246,107.9884,106.1091,110.5432,102.7526,112.3281,95.3092,90.1519,92.6682,110.0802,104.9454,97.8819,87.3131,78.8383,4737.0,0.691835841,151662.0,144815.0,4.5,17.1,2608.0,2053.0,2231.0,986.0,1245.0,316200,136829.0,22533.0,631.1,7718.0,14120.0,8968.0,5152.0,114296.0,26193.0,5864.7,15304.8,8389.0,22082.0,40.3,4.2,41.1,1720.0,142.0,268.0,931.0,379.0,1655.0,164.0,248.0,837.0,406.0,159473.0,234701.0,86771.0,756106.0,1386013.0,1.31,1364.4,6952.4,3428.2,810.4,42.6,42.2,1150.8735,3156.9502,1518998.89,133.4339629,1317.74,1.828888855,18.10389523,5.25,5.25,4.81,4.89,4.97,4.67,4.72,5.51,6.43,0.0,-0.44,-0.36,-0.28,-0.58,-0.53,0.26,1.18,96.5461,1.2455,117.2145,1.8839,1.1161,160.2,165.6,164.7,182.7,63.87,249.9,202.8,120.2,181.5,339.1,164.6,114.3,240.7,203.9,192.9,195.9,84.902,122.549,87.478,79.324,18.1,20.19,16.84,85.4,277171.62,816345.07,1936.8891,11.397
10/1/2006,13479.95,11562.6,83.447,1214355.0,351035.0,99.1229,107.9253,106.1247,110.4057,101.3738,112.6192,95.5095,90.006,91.6424,109.9916,104.4712,101.1246,84.6,78.3115,4591.0,0.682473614,152041.0,145314.0,4.4,16.3,2616.0,2103.0,2062.0,984.0,1078.0,315500,136846.0,22449.0,636.6,7682.0,14068.0,8940.0,5128.0,114397.0,26233.0,5863.1,15338.6,8384.0,22068.0,40.6,4.2,41.1,1491.0,144.0,228.0,735.0,384.0,1570.0,152.0,238.0,808.0,372.0,158589.0,216952.0,76107.0,766321.0,1391353.0,1.32,1370.3,7001.7,3467.9,809.8,41.7,41.5,1161.5392,3307.056,1517785.34,132.9315052,1363.38,1.786735906,18.60449551,5.25,5.24,4.92,4.92,5.01,4.69,4.73,5.51,6.42,-0.01,-0.33,-0.33,-0.24,-0.56,-0.52,0.26,1.17,97.4819,1.2602,118.609,1.8765,1.1285,158.7,163.7,163.0,168.6,58.88,253.3,201.9,119.8,175.9,340.0,162.5,114.0,241.0,202.8,191.2,194.9,84.702,122.484,86.117,79.47,18.19,20.27,16.91,93.6,274801.39,821745.98,1971.1006,10.7972
11/1/2006,13547.935,11624.9,83.477,1215059.0,352116.0,99.0963,108.072,106.4372,110.6037,101.9914,112.6713,95.9633,89.7905,91.5414,109.8282,104.6127,101.515,84.6021,78.238,4645.0,0.675931316,152406.0,145534.0,4.5,16.2,2511.0,2212.0,2159.0,1028.0,1131.0,326250,137061.0,22400.0,637.6,7666.0,14034.0,8912.0,5122.0,114661.0,26293.0,5875.0,15374.0,8392.0,22083.0,40.4,4.1,41.0,1570.0,151.0,228.0,833.0,358.0,1535.0,147.0,234.0,801.0,353.0,161288.0,224809.0,75348.0,782311.0,1395929.0,1.31,1370.8,7037.2,3483.8,816.8,42.1,42.0,1170.5212,3335.6789,1523402.89,132.7086922,1388.64,1.772957714,18.74131449,5.25,5.24,4.94,4.95,5.01,4.58,4.6,5.33,6.2,-0.01,-0.31,-0.3,-0.24,-0.67,-0.65,0.08,0.95,96.4641,1.2356,117.3205,1.9125,1.1359,160.0,165.0,163.8,189.4,59.37,255.4,202.0,119.4,174.9,340.8,162.0,113.6,241.7,202.9,191.0,195.0,84.731,122.192,85.825,79.64,18.24,20.38,16.93,92.1,269928.17,824717.39,1973.3447,10.4842
12/1/2006,13627.346,11683.5,83.961,1234494.0,356367.0,100.1125,109.1603,107.34,111.1557,104.3561,112.5937,97.5011,90.7296,92.7492,112.4276,106.1356,94.7046,85.8623,79.188,4620.0,0.683229814,152732.0,145970.0,4.4,16.1,2596.0,2047.0,2083.0,990.0,1093.0,324000,137249.0,22398.0,641.4,7685.0,14009.0,8908.0,5101.0,114851.0,26340.0,5899.9,15375.3,8391.0,22088.0,40.8,4.2,41.1,1649.0,176.0,234.0,802.0,437.0,1638.0,172.0,246.0,831.0,389.0,168094.0,229243.0,79761.0,795263.0,1399095.0,1.28,1366.6,7080.1,3486.0,826.7,43.3,43.1,1182.8014,3371.1027,1532838.92,132.2826918,1416.42,1.756541139,18.8657968,5.24,5.24,4.85,4.88,4.94,4.53,4.56,5.32,6.22,0.0,-0.39,-0.36,-0.3,-0.71,-0.68,0.08,0.98,95.7831,1.2099,117.322,1.9629,1.1532,161.1,166.4,164.7,195.4,62.03,254.6,203.1,119.8,178.3,341.2,163.4,113.4,242.4,204.1,192.3,196.1,85.032,121.861,86.764,79.819,18.33,20.45,17.0,91.7,267010.68,832937.09,1991.6153,10.499
1/1/2007,13651.743,11666.7,84.127,1226965.0,355792.0,99.7546,108.4999,106.6165,110.5145,101.6873,112.6592,95.822,90.6949,92.912,112.1414,105.7628,96.8734,87.4541,78.7154,4763.0,0.669336706,153144.0,146028.0,4.6,16.3,2561.0,2267.0,2156.0,1015.0,1141.0,317250,137472.0,22434.0,643.5,7725.0,14004.0,8886.0,5118.0,115038.0,26381.0,5903.4,15411.5,8388.0,22095.0,40.4,4.1,41.0,1409.0,178.0,191.0,712.0,328.0,1626.0,184.0,267.0,785.0,390.0,163494.0,222969.0,72901.0,808745.0,1401566.0,1.3,1371.7,7118.3,3499.0,823.0,44.6,44.4,1192.29,3394.4599,1530316.12,131.3903135,1424.16,1.761272142,18.70549532,5.25,5.24,4.98,4.95,5.06,4.75,4.76,5.4,6.34,-0.01,-0.27,-0.3,-0.19,-0.5,-0.49,0.15,1.09,97.4853,1.2431,120.4471,1.9587,1.1763,160.9,166.1,164.1,184.9,54.57,251.5,203.437,119.86,177.09,343.579,163.335,113.079,243.214,204.297,192.469,196.344,85.316,121.655,86.816,80.236,18.37,20.56,17.01,96.9,262033.15,830990.1,2003.6584,10.627
2/1/2007,13711.191,11713.7,84.106,1234327.0,356545.0,100.7166,109.4825,107.7129,111.7575,102.9188,113.8961,96.5591,91.6361,93.6388,112.6619,106.1218,109.4908,86.2906,78.7814,4699.0,0.67836004,152983.0,146057.0,4.5,16.7,2574.0,2168.0,2211.0,962.0,1249.0,322750,137558.0,22329.0,648.3,7626.0,13993.0,8886.0,5107.0,115229.0,26426.0,5918.0,15440.3,8391.0,22131.0,40.2,4.1,40.9,1480.0,137.0,163.0,796.0,384.0,1598.0,144.0,222.0,815.0,417.0,167361.0,220962.0,74961.0,816748.0,1408178.0,1.29,1363.0,7134.3,3493.3,820.0,42.6,42.6,1204.8529,3422.3617,1536694.12,130.9585758,1444.8,1.75018457,18.67505794,5.26,5.23,5.03,4.96,5.05,4.71,4.72,5.39,6.28,-0.03,-0.23,-0.3,-0.21,-0.55,-0.54,0.13,1.02,97.0753,1.2393,120.5047,1.9589,1.171,162.7,168.3,165.3,201.6,59.26,253.2,204.226,120.237,177.727,345.35,164.066,112.972,244.091,204.992,193.242,197.089,85.581,121.647,87.274,80.475,18.39,20.59,17.05,91.3,259521.7,828199.65,2010.4455,10.9205
3/1/2007,13762.811,11765.5,84.2,1235875.0,359415.0,100.8952,109.5398,107.567,110.8851,103.4197,112.5525,98.3138,91.946,94.6999,114.1978,106.9888,100.3407,87.934,79.2181,4962.0,0.737186154,153051.0,146320.0,4.4,17.8,2307.0,2138.0,2255.0,1010.0,1245.0,309400,137782.0,22384.0,652.8,7706.0,13964.0,8865.0,5099.0,115398.0,26492.0,5921.5,15498.8,8381.0,22149.0,40.6,4.3,41.3,1495.0,131.0,234.0,752.0,378.0,1596.0,164.0,244.0,777.0,411.0,170197.0,229526.0,83612.0,829553.0,1410230.0,1.28,1366.5,7168.2,3491.8,820.9,40.7,40.6,1215.6537,3363.4269,1545969.6,130.7772007,1406.95,1.811720388,17.84587691,5.26,5.22,4.94,4.89,4.92,4.48,4.56,5.3,6.27,-0.04,-0.32,-0.37,-0.34,-0.78,-0.7,0.04,1.01,96.183,1.2178,117.26,1.9474,1.1682,164.1,170.3,166.7,203.6,60.56,264.7,205.288,119.797,181.041,345.899,165.554,112.936,244.743,206.114,194.566,198.161,85.894,121.325,88.214,80.671,18.47,20.68,17.1,88.4,262576.94,831085.9,2018.0856,14.9213
4/1/2007,13784.697,11801.5,84.281,1233744.0,358562.0,101.5723,110.212,108.3168,111.4533,105.2181,112.6872,99.2687,92.63,95.674,114.654,107.6504,102.3173,86.3047,79.4993,4689.0,0.684525547,152435.0,145586.0,4.5,16.9,2456.0,2178.0,2281.0,1075.0,1206.0,320250,137845.0,22345.0,658.7,7686.0,13939.0,8854.0,5085.0,115500.0,26491.0,5937.2,15477.4,8362.0,22175.0,40.5,4.2,41.3,1490.0,166.0,206.0,732.0,386.0,1470.0,159.0,222.0,727.0,362.0,171494.0,233420.0,83261.0,844913.0,1419110.0,1.28,1378.0,7240.7,3516.5,823.0,42.5,42.4,1226.6366,3391.2159,1552343.26,130.7996444,1463.64,1.757034972,18.28162315,5.25,5.23,4.87,4.86,4.93,4.59,4.69,5.47,6.39,-0.02,-0.38,-0.39,-0.32,-0.66,-0.56,0.22,1.14,94.4757,1.2124,118.9324,1.9879,1.135,165.3,171.9,168.3,204.0,63.97,289.7,205.904,119.331,182.489,347.32,166.198,112.805,245.315,206.747,195.195,198.742,86.096,121.035,88.629,80.867,18.56,20.78,17.2,87.1,262969.09,837718.92,2025.9263,12.246
5/1/2007,13791.861,11811.5,84.405,1242000.0,363085.0,101.6269,109.9785,108.1659,111.0204,104.5878,112.3283,99.4021,93.0019,95.9826,114.571,107.5737,103.3204,87.0046,79.237,4657.0,0.688294413,152670.0,145903.0,4.4,16.6,2464.0,2183.0,2231.0,1100.0,1132.0,304250,137993.0,22316.0,661.0,7673.0,13922.0,8839.0,5083.0,115677.0,26520.0,5945.0,15494.4,8371.0,22193.0,40.5,4.2,41.1,1415.0,158.0,243.0,688.0,326.0,1493.0,145.0,226.0,766.0,356.0,174262.0,228836.0,77474.0,854020.0,1426983.0,1.27,1380.9,7254.6,3508.8,825.7,44.1,44.0,1244.7308,3410.7778,1559390.02,130.9454449,1511.14,1.716805414,18.59427377,5.25,5.23,4.73,4.78,4.91,4.67,4.75,5.47,6.39,-0.02,-0.52,-0.47,-0.34,-0.58,-0.5,0.22,1.14,93.6287,1.2211,120.7732,1.9842,1.0951,166.0,172.8,169.7,204.8,63.46,290.8,206.755,119.166,184.669,348.491,167.309,112.534,245.896,207.609,196.197,199.573,86.346,120.922,89.348,81.017,18.64,20.91,17.24,88.3,264255.57,844573.91,2021.0853,12.965
6/1/2007,13786.416,11807.8,84.409,1240587.0,360234.0,101.6547,110.1246,108.468,111.1814,105.925,112.078,99.3647,92.8976,96.4619,114.7981,107.9346,99.9511,87.194,79.3042,4859.0,0.696231552,153041.0,146063.0,4.6,16.5,2551.0,2134.0,2281.0,1138.0,1143.0,315200,138069.0,22315.0,663.4,7687.0,13903.0,8822.0,5081.0,115754.0,26514.0,5956.1,15478.7,8368.0,22207.0,40.6,4.3,41.4,1448.0,159.0,232.0,708.0,349.0,1407.0,153.0,219.0,705.0,330.0,174004.0,228868.0,81194.0,863893.0,1433845.0,1.28,1368.2,7287.8,3516.7,827.2,43.9,43.7,1263.9333,3428.3902,1565195.95,131.2071178,1514.19,1.72831679,18.43586341,5.25,5.25,4.61,4.76,4.96,5.03,5.1,5.79,6.7,0.0,-0.64,-0.49,-0.29,-0.22,-0.15,0.54,1.45,93.2532,1.233,122.6886,1.9867,1.0651,166.1,172.8,170.4,205.9,67.48,287.0,207.234,118.576,184.902,349.513,167.519,112.365,246.645,208.032,196.592,200.028,86.529,120.929,89.457,81.246,18.69,20.95,17.29,85.3,264984.93,852963.87,2033.6041,14.8819
7/1/2007,13795.953,11812.0,84.666,1233195.0,361770.0,101.4953,109.7512,108.2736,110.8005,104.7665,111.9745,99.384,92.9748,96.4169,115.318,107.8683,99.2899,87.2277,79.071,4598.0,0.643166877,153054.0,145905.0,4.7,17.2,2502.0,2203.0,2364.0,1073.0,1291.0,313250,138044.0,22269.0,668.1,7660.0,13881.0,8807.0,5074.0,115775.0,26528.0,5962.2,15483.2,8370.0,22171.0,40.6,4.2,41.3,1354.0,148.0,237.0,638.0,331.0,1361.0,151.0,207.0,666.0,337.0,174450.0,233176.0,81461.0,877570.0,1436799.0,1.29,1371.8,7318.7,3525.3,828.9,42.9,42.6,1281.8644,3447.4912,1575345.36,131.7652133,1520.71,1.73844235,18.36292532,5.26,5.25,4.82,4.83,4.96,4.88,5.0,5.73,6.65,-0.01,-0.44,-0.43,-0.3,-0.38,-0.26,0.47,1.39,91.5744,1.2069,121.4148,2.0355,1.0502,167.2,174.2,171.8,203.7,74.18,291.3,207.603,118.449,185.396,351.719,167.808,112.092,247.065,208.349,196.913,200.322,86.661,120.543,89.694,81.409,18.7,20.98,17.29,90.4,269563.73,863453.14,2047.2725,17.2476
8/1/2007,13795.066,11798.6,85.023,1248674.0,363676.0,101.6943,109.6792,108.2418,110.5826,104.4626,111.791,99.5534,93.4732,96.7266,114.2675,107.5516,104.8355,87.8992,78.6738,4546.0,0.643271544,152749.0,145682.0,4.6,17.0,2614.0,2156.0,2333.0,1086.0,1246.0,320000,138013.0,22159.0,669.7,7610.0,13821.0,8772.0,5049.0,115854.0,26525.0,5961.4,15484.0,8342.0,22226.0,40.5,4.2,41.3,1330.0,98.0,239.0,695.0,298.0,1321.0,150.0,194.0,622.0,355.0,173350.0,235758.0,77094.0,892561.0,1441040.0,1.28,1376.3,7394.8,3560.9,829.6,44.9,44.0,1306.9108,3468.9916,1584541.45,132.452412,1454.62,1.835760084,17.50599003,5.02,5.3,4.2,4.38,4.47,4.43,4.67,5.79,6.65,0.28,-0.82,-0.64,-0.55,-0.59,-0.35,0.77,1.63,91.6939,1.2027,116.7335,2.011,1.0579,166.0,172.5,170.1,198.6,72.39,278.6,207.667,117.901,184.328,353.376,167.468,112.117,247.505,208.295,196.763,200.325,86.72,119.998,89.485,81.626,18.74,21.0,17.35,83.4,272580.27,879460.31,2064.8153,25.12
9/1/2007,13813.791,11808.3,85.095,1249279.0,365178.0,101.9428,110.0879,108.6758,110.4689,103.0889,112.1198,101.0414,93.5512,96.748,115.1866,107.8594,107.8069,87.3821,78.756,4652.0,0.648814505,153414.0,146244.0,4.7,16.3,2557.0,2292.0,2355.0,1091.0,1264.0,313400,138101.0,22089.0,669.1,7577.0,13784.0,8745.0,5039.0,116012.0,26557.0,5962.7,15492.7,8319.0,22279.0,40.6,4.2,41.3,1183.0,144.0,174.0,592.0,273.0,1261.0,136.0,202.0,626.0,297.0,176624.0,226473.0,79156.0,900124.0,1450983.0,1.28,1375.7,7413.0,3554.6,827.4,42.7,41.1,1349.608,3501.7785,1591495.59,132.3434028,1497.12,1.801458801,17.9324197,4.94,5.19,3.89,4.05,4.14,4.2,4.52,5.74,6.59,0.25,-1.05,-0.89,-0.8,-0.74,-0.42,0.8,1.65,89.8177,1.1852,115.0435,2.0184,1.0267,167.6,174.8,171.4,203.2,79.93,275.7,208.547,118.023,186.324,354.531,168.479,112.116,248.248,209.157,197.77,201.187,87.054,119.846,90.134,81.924,18.78,21.07,17.37,83.4,268316.76,885527.97,2087.9284,22.1821
10/1/2007,13796.513,11791.6,85.162,1255916.0,367322.0,101.6446,109.3887,107.8557,109.4727,102.8525,110.8703,100.703,93.6794,97.1308,114.546,107.6756,102.3314,87.0547,78.5051,4636.0,0.640596932,153183.0,145946.0,4.7,17.0,2545.0,2502.0,2300.0,1003.0,1298.0,328250,138177.0,22050.0,670.5,7565.0,13756.0,8719.0,5037.0,116127.0,26553.0,5970.0,15485.8,8306.0,22297.0,40.5,4.1,41.2,1264.0,159.0,203.0,625.0,277.0,1192.0,146.0,185.0,559.0,302.0,181878.0,230700.0,77092.0,911349.0,1455045.0,1.27,1379.4,7428.1,3550.9,829.0,42.1,41.8,1375.0587,3557.1902,1599473.18,132.7716223,1539.66,1.768139286,18.44188929,4.76,4.91,3.9,4.01,4.1,4.2,4.53,5.66,6.48,0.15,-0.86,-0.75,-0.66,-0.56,-0.23,0.9,1.72,87.4087,1.1741,115.8661,2.0449,0.9754,169.3,176.8,172.7,214.4,86.2,283.7,209.19,118.435,186.922,356.343,168.985,112.086,249.054,209.799,198.459,201.78,87.318,119.849,90.519,82.182,18.79,21.1,17.37,80.9,268152.26,891353.35,2095.6007,18.8595
11/1/2007,13787.506,11784.9,85.34,1252867.0,370776.0,102.2167,109.7053,108.1989,109.4374,103.2526,110.6871,101.4219,94.5202,98.5949,115.3298,108.2375,102.7434,86.3825,78.8266,4646.0,0.641712707,153835.0,146595.0,4.7,17.3,2645.0,2241.0,2366.0,992.0,1374.0,336000,138291.0,22008.0,675.5,7523.0,13751.0,8717.0,5034.0,116283.0,26614.0,5970.6,15549.8,8291.0,22334.0,40.7,4.2,41.3,1197.0,130.0,213.0,598.0,256.0,1224.0,131.0,188.0,625.0,280.0,190642.0,227005.0,79283.0,918836.0,1464683.0,1.26,1371.8,7453.6,3535.3,834.3,42.6,42.2,1394.4104,3586.4483,1603084.02,132.4556318,1463.39,1.877603829,17.56338644,4.49,4.75,3.27,3.46,3.5,3.67,4.15,5.44,6.4,0.26,-1.22,-1.03,-0.99,-0.82,-0.34,0.95,1.91,85.3839,1.1233,111.0729,2.0701,0.9672,172.4,180.8,176.7,229.5,94.62,272.5,210.834,118.737,192.289,357.75,171.484,112.246,249.818,211.575,200.487,203.419,87.781,119.688,92.046,82.395,18.86,21.2,17.43,76.1,264460.64,892679.84,2104.9445,26.6571
12/1/2007,13846.539,11825.3,85.286,1242662.0,366569.0,102.2764,109.7482,108.3129,109.121,103.2699,110.2603,102.4111,94.5978,98.6721,116.0534,108.4226,99.587,85.8655,78.9031,4545.0,0.594506213,153918.0,146273.0,5.0,16.6,2718.0,2376.0,2501.0,1177.0,1324.0,348200,138395.0,21968.0,680.2,7490.0,13739.0,8700.0,5039.0,116427.0,26608.0,5970.4,15544.7,8280.0,22376.0,40.5,4.0,41.1,1037.0,106.0,139.0,571.0,221.0,1149.0,136.0,169.0,584.0,260.0,189543.0,244443.0,87730.0,944036.0,1477562.0,1.28,1373.4,7483.9,3539.4,837.2,43.5,28.0,1418.0137,3598.7766,1607851.24,131.9782347,1479.22,1.874636633,18.01169182,4.24,4.76,3.0,3.23,3.26,3.49,4.1,5.49,6.65,0.52,-1.24,-1.01,-0.98,-0.75,-0.14,1.25,2.41,87.2291,1.1402,112.449,2.0161,1.0021,171.7,179.9,176.9,235.6,91.73,264.6,211.445,119.35,193.205,358.908,171.973,112.244,250.546,212.225,201.081,204.004,87.984,119.337,92.447,82.606,18.92,21.31,17.43,75.5,265277.24,896985.06,2103.3018,23.0965
1/1/2008,13862.766,11830.2,85.272,1248910.0,367368.0,102.1493,109.7365,108.2928,108.8788,100.7999,110.7912,102.8688,94.3542,98.6608,114.8451,108.1953,103.1047,87.4159,78.7097,4624.0,0.601691607,154063.0,146378.0,5.0,17.5,2554.0,2406.0,2540.0,1152.0,1388.0,338750,138391.0,21939.0,686.7,7476.0,13717.0,8686.0,5031.0,116452.0,26586.0,5966.3,15525.5,8276.0,22388.0,40.5,4.1,41.1,1084.0,130.0,160.0,551.0,243.0,1094.0,131.0,181.0,570.0,212.0,191066.0,239389.0,85602.0,960585.0,1489025.0,1.27,1377.7,7517.5,3543.1,830.6,44.9,-0.8,1440.7731,3614.1662,1611393.19,131.7811209,1378.76,2.025007978,17.02776003,3.94,3.7,2.75,2.75,2.71,2.98,3.74,5.33,6.54,-0.24,-1.19,-1.19,-1.23,-0.96,-0.2,1.39,2.6,86.6291,1.1006,107.8181,1.9702,1.0099,173.3,182.0,179.2,243.3,92.95,268.8,212.174,119.438,194.135,360.463,172.74,112.229,251.254,212.866,201.876,204.694,88.206,119.423,92.887,82.777,19.0,21.37,17.5,78.4,266087.96,896771.21,2071.1808,28.1161
2/1/2008,13877.177,11841.2,84.977,1236974.0,364126.0,101.7756,109.4264,108.1628,108.7092,100.2357,110.7604,102.8457,93.9172,98.4462,112.6006,107.4721,105.5072,87.4746,78.1859,4279.0,0.570761638,153653.0,146156.0,4.9,16.9,2653.0,2370.0,2446.0,1116.0,1329.0,346750,138327.0,21890.0,688.9,7453.0,13690.0,8668.0,5022.0,116437.0,26545.0,5956.2,15490.6,8269.0,22417.0,40.4,4.0,41.1,1103.0,126.0,152.0,580.0,245.0,1014.0,110.0,145.0,518.0,241.0,192065.0,235037.0,80850.0,973625.0,1495906.0,1.28,1380.4,7604.0,3575.2,829.5,43.8,-16.3,1448.8634,3629.8114,1619551.97,132.047711,1354.87,2.074737798,17.05854288,2.98,3.03,2.12,2.04,2.05,2.78,3.74,5.53,6.82,0.05,-0.86,-0.94,-0.93,-0.2,0.76,2.55,3.84,86.0542,1.089,107.03,1.9646,0.9986,173.9,182.5,180.8,253.3,95.35,294.3,212.687,118.904,194.934,360.75,173.2,111.975,251.827,213.336,202.455,205.211,88.382,119.236,93.212,82.95,19.06,21.48,17.57,70.8,262442.99,893282.25,2080.8771,27.1565
3/1/2008,13893.695,11844.7,85.189,1220580.0,365164.0,101.4508,108.6528,107.4087,107.1691,97.517,109.6387,103.6037,94.0318,98.1056,112.4929,107.0128,103.2601,85.6153,77.881,4225.0,0.540143186,153908.0,146086.0,5.1,16.5,2823.0,2537.0,2491.0,1168.0,1323.0,363400,138257.0,21810.0,695.9,7406.0,13650.0,8637.0,5013.0,116447.0,26525.0,5946.2,15479.9,8268.0,22443.0,40.6,4.1,41.3,1005.0,115.0,136.0,526.0,228.0,967.0,116.0,133.0,521.0,197.0,189336.0,234868.0,82581.0,990908.0,1496888.0,1.28,1388.7,7670.0,3593.4,833.0,43.8,-50.7,1470.5797,3647.9551,1628831.64,132.2672611,1316.94,2.148920983,16.85603663,2.61,2.7,1.26,1.48,1.54,2.48,3.51,5.51,6.89,0.09,-1.35,-1.13,-1.07,-0.13,0.9,2.9,4.28,83.4089,1.0126,100.7562,2.0015,1.0029,175.4,184.5,184.6,264.2,105.56,316.8,213.448,118.399,195.872,361.533,173.692,111.885,252.919,214.153,203.238,205.965,88.635,119.207,93.584,83.2,19.13,21.56,17.62,69.5,262951.57,891590.43,2078.7422,29.009
4/1/2008,13854.44,11775.0,85.327,1233018.0,364816.0,100.7554,107.6302,106.4838,106.5074,95.2162,109.5451,101.6654,93.6525,97.6182,110.9182,105.9182,103.5972,86.8539,77.136,4035.0,0.528348828,153769.0,146132.0,5.0,16.9,2493.0,2574.0,2687.0,1314.0,1372.0,359500,138038.0,21671.0,695.9,7327.0,13589.0,8587.0,5002.0,116367.0,26425.0,5925.0,15396.7,8258.0,22450.0,40.5,4.0,41.2,1013.0,93.0,168.0,510.0,242.0,1008.0,111.0,163.0,511.0,223.0,196647.0,231086.0,79313.0,998772.0,1503268.0,1.26,1391.4,7712.5,3604.9,830.2,45.0,-90.4,1490.1961,3660.8773,1635711.27,132.9565515,1370.47,2.074957253,17.93414651,2.28,2.72,1.29,1.55,1.74,2.84,3.68,5.55,6.97,0.44,-0.99,-0.73,-0.54,0.56,1.4,3.27,4.69,83.5171,1.0138,102.6777,1.9816,1.0137,175.9,185.0,186.4,272.8,112.57,322.1,213.942,118.729,195.179,362.072,173.978,111.553,253.59,214.432,203.954,206.452,88.799,118.722,93.996,83.366,19.14,21.65,17.63,62.6,262381.06,890438.55,2066.2955,22.5268
5/1/2008,14441.892,11728.6,85.486,1224494.0,368255.0,100.1336,107.1068,106.1644,105.8716,94.2354,109.0327,101.997,92.9358,96.5301,110.2458,105.2518,101.8033,86.4811,76.7172,4194.0,0.499583085,154303.0,145908.0,5.4,16.6,3278.0,2476.0,2780.0,1219.0,1561.0,366800,137851.0,21593.0,706.1,7274.0,13555.0,8569.0,4986.0,116258.0,26338.0,5912.1,15334.0,8249.0,22483.0,40.2,3.9,41.0,973.0,125.0,137.0,496.0,215.0,995.0,142.0,148.0,471.0,234.0,198580.0,227370.0,76983.0,1006604.0,1506104.0,1.26,1393.4,7725.2,3589.6,834.7,46.9,-108.9,1491.5275,3650.8389,1640556.19,127.3792978,1403.22,2.036268962,18.8178995,1.98,2.61,1.73,1.82,2.06,3.15,3.88,5.57,6.93,0.63,-0.25,-0.16,0.08,1.17,1.9,3.59,4.95,83.8101,1.0448,104.3595,1.965,0.9993,178.4,188.2,191.1,287.3,125.39,310.8,215.208,118.716,198.535,362.658,175.384,111.275,254.677,215.76,205.624,207.733,89.18,118.439,94.886,83.671,19.21,21.74,17.68,59.8,261863.35,892486.56,2074.9347,18.7919
6/1/2008,14094.894,11669.1,85.328,1222857.0,368926.0,99.8728,106.6331,105.9149,105.6335,94.9193,108.4813,101.3163,92.8701,96.423,108.5266,104.5008,103.8511,85.9912,76.2463,3830.0,0.44664723,154313.0,145737.0,5.6,17.1,2753.0,3016.0,2913.0,1337.0,1576.0,383250,137698.0,21475.0,712.3,7213.0,13494.0,8532.0,4962.0,116223.0,26290.0,5899.7,15310.0,8236.0,22517.0,40.4,3.9,41.0,1046.0,236.0,133.0,472.0,205.0,1180.0,306.0,153.0,477.0,244.0,202913.0,229262.0,76282.0,1014809.0,1515720.0,1.25,1404.6,7743.9,3561.0,840.2,45.8,-125.5,1498.3048,3637.7011,1643087.46,129.7754885,1341.25,2.140540541,18.49945584,2.0,2.7,1.86,2.13,2.42,3.49,4.1,5.68,7.07,0.7,-0.14,0.13,0.42,1.49,2.1,3.68,5.07,84.5558,1.0371,106.9152,1.9664,1.0166,181.2,191.9,195.3,294.2,133.93,302.7,217.463,118.501,206.313,363.671,178.686,111.098,255.839,218.168,208.604,210.014,89.827,118.371,96.935,83.977,19.29,21.82,17.75,56.4,258312.56,886753.54,2083.8503,23.1914
7/1/2008,13867.615,11623.9,84.917,1201769.0,367594.0,99.4194,105.7552,104.9447,104.9601,92.7585,108.3212,99.462,92.807,94.9264,107.2242,103.3626,101.4356,86.1133,75.497,3749.0,0.419492,154469.0,145532.0,5.8,17.0,2854.0,2833.0,3114.0,1450.0,1664.0,398000,137498.0,21349.0,714.5,7160.0,13419.0,8477.0,4942.0,116149.0,26226.0,5878.3,15270.2,8219.0,22568.0,40.3,3.8,41.0,923.0,161.0,151.0,432.0,179.0,921.0,101.0,140.0,486.0,194.0,202777.0,220411.0,74644.0,1017555.0,1524721.0,1.26,1421.1,7791.2,3557.4,847.0,46.0,-119.7,1512.2658,3629.7004,1646957.35,131.6007727,1257.33,2.287121652,18.03526417,2.01,2.72,1.63,1.93,2.28,3.3,4.01,5.67,7.16,0.71,-0.38,-0.08,0.27,1.29,2.0,3.66,5.15,83.9273,1.0283,106.8518,1.9888,1.013,183.4,194.7,200.6,303.4,133.44,308.2,219.016,119.006,209.349,364.156,180.525,111.007,257.074,219.632,210.612,211.593,90.245,118.412,98.043,84.229,19.36,21.88,17.8,61.2,258856.93,887372.9,2069.3002,25.6322
8/1/2008,13780.34,11680.1,84.907,1192943.0,364611.0,97.8491,104.1988,103.2452,103.083,88.6276,107.231,97.5998,91.2241,93.8254,105.8674,102.0386,98.0362,85.5122,74.6122,3674.0,0.389277389,154641.0,145203.0,6.1,17.7,3256.0,2758.0,3420.0,1554.0,1866.0,433000,137211.0,21242.0,724.8,7114.0,13348.0,8420.0,4928.0,115969.0,26126.0,5857.3,15209.3,8205.0,22567.0,40.3,3.7,40.9,844.0,136.0,126.0,397.0,185.0,858.0,85.0,142.0,445.0,186.0,195050.0,214106.0,71246.0,1019751.0,1528086.0,1.29,1407.4,7805.8,3569.3,847.6,45.8,-122.3,1512.8682,3630.1226,1644807.26,132.3682006,1281.47,2.247679098,19.33065557,2.0,2.76,1.72,1.92,2.18,3.14,3.89,5.64,7.15,0.76,-0.28,-0.08,0.18,1.14,1.89,3.64,5.15,87.7913,1.0841,109.3624,1.8865,1.0535,182.0,192.6,198.1,270.3,116.61,293.8,218.69,119.736,205.848,364.977,179.394,110.72,257.56,219.074,210.016,211.227,90.172,118.154,97.49,84.323,19.45,22.03,17.8,63.0,260745.74,885917.93,2050.6051,20.9769
9/1/2008,13789.923,11678.3,84.343,1163601.0,358991.0,93.5576,101.7369,100.5963,102.3615,87.8664,106.5291,89.833,85.1904,91.7938,97.6596,98.5386,99.588,77.1889,72.1343,3222.0,0.339372235,154570.0,145076.0,6.1,18.6,2848.0,3035.0,3626.0,1599.0,2027.0,464000,136762.0,21095.0,728.5,7044.0,13267.0,8363.0,4904.0,115667.0,26013.0,5845.8,15143.5,8173.0,22537.0,39.9,3.5,40.5,820.0,114.0,140.0,398.0,168.0,797.0,88.0,132.0,408.0,169.0,187619.0,215245.0,70681.0,1023845.0,1517817.0,1.31,1462.0,7872.4,3596.7,909.7,102.9,-187.2,1530.4048,3667.2397,1644828.19,132.1677935,1216.95,2.3706808,19.2867855,1.81,2.91,1.13,1.61,1.91,2.88,3.69,5.65,7.31,1.1,-0.68,-0.2,0.1,1.07,1.88,3.84,5.5,89.687,1.1102,106.5748,1.7973,1.0582,182.7,193.3,198.0,255.2,103.9,269.5,218.877,119.618,205.856,365.841,179.74,110.342,257.582,219.09,210.075,211.388,90.247,117.826,97.821,84.369,19.49,22.11,17.82,70.3,259676.23,879803.09,2080.414,30.7233
10/1/2008,13883.254,11749.8,84.213,1152758.0,346137.0,94.4985,101.058,100.0932,102.6366,85.6903,107.6493,87.3544,87.6971,88.7878,102.1011,97.9063,100.4302,89.5421,71.7535,3377.0,0.335219377,154876.0,144802.0,6.5,19.9,3170.0,3055.0,3990.0,1710.0,2280.0,475250,136293.0,20886.0,725.4,6967.0,13138.0,8266.0,4872.0,115407.0,25902.0,5808.3,15081.9,8139.0,22549.0,40.0,3.4,40.5,777.0,77.0,124.0,414.0,162.0,736.0,75.0,126.0,375.0,160.0,176804.0,191912.0,64965.0,1015274.0,1503326.0,1.36,1473.8,7974.9,3675.2,1136.4,314.8,-333.5,1586.9164,3824.9725,1644268.17,132.106871,968.8,2.962083677,16.29692846,0.97,3.19,0.67,1.2,1.42,2.73,3.81,6.28,8.88,2.22,-0.3,0.23,0.45,1.76,2.84,5.31,7.91,96.0413,1.1429,99.9659,1.6862,1.1847,178.3,186.7,189.4,215.9,76.65,234.0,216.995,118.799,195.608,366.53,175.931,109.877,257.712,216.751,207.31,209.425,89.651,117.719,95.564,84.215,19.56,22.14,17.9,57.6,254726.54,866180.44,2203.3174,62.9648
11/1/2008,13982.019,11812.4,83.955,1121305.0,332498.0,93.2617,99.9167,99.76,101.7702,82.3879,107.6371,88.5561,86.3553,84.5268,97.7381,95.4729,103.0135,87.9932,70.0521,3231.0,0.306604669,154639.0,144100.0,6.8,18.9,3335.0,3260.0,3923.0,1704.0,2219.0,519800,135543.0,20615.0,720.6,6813.0,13026.0,8184.0,4842.0,114928.0,25696.0,5770.7,14953.1,8100.0,22560.0,39.6,3.2,40.1,652.0,59.0,107.0,351.0,135.0,626.0,71.0,98.0,297.0,160.0,160028.0,181552.0,61322.0,1004603.0,1487209.0,1.44,1514.6,8027.0,3765.8,1442.3,609.1,-89.7,1576.3301,3826.702,1640999.33,132.4764739,883.04,3.232394154,16.08191266,0.39,1.54,0.19,0.73,1.07,2.29,3.53,6.12,9.21,1.15,-0.2,0.34,0.68,1.9,3.14,5.73,8.82,99.1731,1.191,96.9656,1.5327,1.2171,172.9,179.5,179.7,187.3,57.44,201.9,213.153,118.867,175.507,367.459,168.25,109.41,257.821,212.215,201.695,205.438,88.593,117.29,90.917,84.159,19.64,22.31,17.95,55.3,251393.94,855069.63,2143.1758,62.7229
12/1/2008,13891.878,11680.5,83.711,1115214.0,324767.0,90.6266,97.8138,98.4357,99.6812,78.5434,106.1808,89.4093,83.1692,79.6057,92.5795,92.2723,105.0194,88.3945,67.7838,3146.0,0.278752437,154655.0,143369.0,7.3,19.9,3255.0,3498.0,4547.0,1936.0,2610.0,564000,134847.0,20313.0,715.3,6701.0,12842.0,8056.0,4786.0,114534.0,25523.0,5730.1,14847.5,8067.0,22556.0,39.3,2.9,39.8,560.0,63.0,79.0,283.0,135.0,554.0,61.0,84.0,293.0,116.0,149291.0,173849.0,54777.0,994104.0,1455315.0,1.47,1601.7,8204.7,3881.2,1666.4,820.9,167.3,1559.194,3818.9501,1639791.92,133.986348,877.56,3.235106431,17.35650147,0.16,1.09,0.03,0.26,0.49,1.52,2.42,5.05,8.43,0.93,-0.13,0.1,0.33,1.36,2.26,4.89,8.27,96.8182,1.1404,91.275,1.4854,1.2337,169.7,174.9,172.3,176.7,41.02,185.7,211.398,118.119,166.673,368.748,164.636,109.069,257.988,210.172,199.21,203.584,88.098,116.852,88.739,84.159,19.72,22.47,17.99,60.1,246190.46,843686.96,2094.2307,51.1192
1/1/2009,13762.24,11475.8,84.092,1091570.0,329787.0,88.3712,94.9069,95.2963,97.3258,69.6361,106.1452,84.429,81.5762,74.9802,93.1358,89.2831,104.2725,88.9702,65.6656,2738.0,0.227069166,154210.0,142152.0,7.8,19.8,3524.0,3662.0,4764.0,2065.0,2699.0,572000,134078.0,19879.0,706.4,6567.0,12552.0,7823.0,4729.0,114199.0,25383.0,5697.3,14763.8,8017.0,22579.0,39.2,2.9,39.7,490.0,36.0,59.0,254.0,141.0,545.0,59.0,89.0,282.0,115.0,150268.0,151085.0,49061.0,972987.0,1437468.0,1.48,1582.8,8289.0,3911.1,1712.0,860.2,296.7,1544.5985,3802.0491,1639813.61,135.2356675,865.58,3.235980499,18.62172281,0.15,1.1,0.13,0.3,0.44,1.6,2.52,5.05,8.14,0.95,-0.02,0.15,0.29,1.45,2.37,4.9,7.99,97.4122,1.1267,90.1205,1.4462,1.2248,170.8,176.6,172.4,173.1,41.74,183.7,211.933,117.967,168.403,369.824,165.247,109.025,258.453,210.769,199.784,204.094,88.108,116.767,89.043,84.094,19.71,22.39,18.01,61.2,237064.04,819511.57,2138.9181,45.5042
2/1/2009,13603.699,11296.4,83.747,1098345.0,328376.0,87.843,94.2875,94.9291,97.4007,71.2467,105.6856,83.9842,81.1303,74.4822,94.4324,89.2009,100.238,90.6249,65.6845,2864.0,0.22204993,154538.0,141640.0,8.3,20.2,3450.0,3936.0,5455.0,2456.0,2999.0,644000,133317.0,19565.0,693.7,6446.0,12371.0,7690.0,4681.0,113752.0,25229.0,5650.1,14680.6,7969.0,22576.0,39.3,2.7,39.6,582.0,63.0,95.0,311.0,113.0,558.0,74.0,89.0,296.0,99.0,150136.0,148834.0,47589.0,949518.0,1416350.0,1.45,1567.2,8319.3,3911.2,1561.7,701.0,118.5,1532.4425,3825.7841,1639656.56,136.5538385,805.23,3.43131776,19.01221021,0.22,0.67,0.3,0.45,0.62,1.87,2.87,5.27,8.08,0.45,0.08,0.23,0.4,1.65,2.65,5.05,7.86,100.0127,1.1639,92.9158,1.4422,1.2452,170.6,176.4,170.9,163.4,39.16,163.9,212.705,119.888,171.424,370.853,166.58,109.221,258.656,211.713,200.822,204.849,88.266,116.772,89.909,84.058,19.76,22.4,18.08,56.3,233644.56,803715.57,2155.9494,46.3349
3/1/2009,13570.847,11225.3,83.401,1075682.0,322634.0,86.4689,92.977,93.7332,96.8441,71.0824,105.0017,82.2893,79.6691,72.1013,92.664,87.5721,101.1924,89.7167,64.5624,2534.0,0.188738269,154133.0,140707.0,8.7,20.9,3465.0,4122.0,5886.0,2625.0,3260.0,659250,132492.0,19214.0,676.6,6291.0,12196.0,7565.0,4631.0,113278.0,25066.0,5607.8,14594.3,7927.0,22560.0,38.9,2.6,39.3,505.0,66.0,96.0,264.0,79.0,513.0,61.0,86.0,262.0,104.0,145389.0,146323.0,46437.0,927451.0,1396024.0,1.47,1578.9,8386.4,3946.6,1647.3,778.1,166.0,1511.0127,3825.9988,1638315.23,136.9222025,757.13,3.599117721,19.90644318,0.18,0.62,0.21,0.42,0.64,1.82,2.82,5.5,8.42,0.44,0.03,0.24,0.46,1.64,2.64,5.32,8.24,100.5571,1.1555,97.855,1.417,1.2645,169.1,174.2,168.3,160.1,47.98,161.5,212.495,120.368,169.449,371.705,166.142,109.264,258.744,211.541,200.418,204.601,88.169,116.432,89.815,83.988,19.83,22.6,18.12,57.3,230616.18,794688.77,2174.7233,45.2124
4/1/2009,13601.477,11215.7,83.277,1067305.0,324323.0,85.7903,92.1881,92.9169,96.5621,71.1957,104.5882,80.5862,79.0965,71.064,93.5921,86.98,102.671,89.7287,64.2002,2295.0,0.165668086,154509.0,140656.0,9.0,21.7,3338.0,4138.0,6385.0,2634.0,3752.0,627750,131821.0,18881.0,660.7,6154.0,12017.0,7416.0,4601.0,112940.0,24909.0,5562.4,14530.6,7872.0,22677.0,38.9,2.9,39.4,478.0,50.0,86.0,230.0,112.0,521.0,58.0,83.0,270.0,110.0,146345.0,147467.0,44615.0,912236.0,1377332.0,1.45,1611.6,8391.1,3944.9,1753.2,881.7,323.5,1491.647,3840.8479,1635306.87,136.1689069,848.15,3.147635049,25.18503247,0.15,0.48,0.16,0.35,0.55,1.86,2.93,5.39,8.39,0.33,0.01,0.2,0.4,1.71,2.78,5.24,8.24,98.586,1.1481,98.92,1.4712,1.2242,170.0,175.5,168.4,162.4,49.79,155.1,212.709,120.182,170.09,373.077,166.58,109.404,258.698,211.845,200.633,204.77,88.295,116.481,90.217,84.04,19.83,22.56,18.16,65.1,228524.29,786755.45,2166.1628,37.7324
5/1/2009,13779.884,11207.2,83.353,1067765.0,327011.0,84.9436,91.003,91.4315,95.2975,68.1829,103.9642,78.4151,78.6173,69.5791,94.7135,86.0776,100.7968,88.4863,63.6069,2549.0,0.175805228,154747.0,140248.0,9.4,22.4,3246.0,4458.0,7022.0,3049.0,3973.0,612000,131468.0,18644.0,644.3,6100.0,11850.0,7277.0,4573.0,112824.0,24849.0,5536.4,14514.9,7844.0,22617.0,38.9,2.8,39.3,540.0,56.0,79.0,273.0,132.0,556.0,64.0,95.0,285.0,112.0,147785.0,149255.0,48173.0,901550.0,1362233.0,1.43,1617.5,8449.2,3966.4,1775.1,902.8,377.4,1469.7132,3878.6818,1643250.44,134.91826,902.41,2.89705714,30.48163504,0.18,0.37,0.18,0.3,0.5,2.13,3.29,5.54,8.06,0.19,0.0,0.12,0.32,1.95,3.11,5.36,7.88,94.4733,1.1076,96.6445,1.5418,1.1528,170.3,176.1,169.4,167.5,59.16,162.3,213.022,120.038,172.235,374.359,167.281,109.65,258.584,212.268,201.048,205.043,88.387,116.319,90.581,84.078,19.85,22.64,18.14,68.7,227023.19,780544.98,2194.664,31.8886
6/1/2009,13544.781,11120.7,83.376,1066077.0,332227.0,84.6746,90.697,90.9457,94.8716,67.4783,103.6485,77.7709,78.3777,68.8727,95.2196,85.8798,98.1914,89.2007,63.5333,2503.0,0.170191066,154716.0,140009.0,9.5,23.9,3114.0,4052.0,7837.0,3488.0,4349.0,598250,131007.0,18409.0,636.8,6010.0,11713.0,7169.0,4544.0,112598.0,24795.0,5512.6,14501.7,7819.0,22576.0,39.1,2.8,39.6,585.0,80.0,104.0,277.0,124.0,601.0,63.0,100.0,320.0,118.0,153277.0,147033.0,49376.0,888567.0,1344788.0,1.38,1658.8,8459.3,3938.4,1683.7,809.7,371.0,1436.3434,3860.6748,1628328.32,135.2106486,926.12,2.763140846,35.6740676,0.21,0.36,0.18,0.31,0.51,2.71,3.72,5.61,7.5,0.15,-0.03,0.1,0.3,2.5,3.51,5.4,7.29,92.031,1.0809,96.6145,1.6369,1.1264,173.5,180.3,171.7,175.0,69.68,167.5,214.79,120.276,180.667,375.177,170.658,109.983,258.686,214.326,203.603,206.832,88.912,116.256,92.681,84.198,19.87,22.66,18.17,70.8,223602.24,768923.93,2243.6761,28.8608
7/1/2009,13493.206,11067.3,83.654,1081824.0,333670.0,85.6853,91.5684,92.1374,96.1354,74.4431,102.8676,78.7265,79.5552,71.5335,95.7658,87.2497,97.83,88.1898,64.6196,2232.0,0.152866242,154502.0,139901.0,9.5,25.1,3137.0,3505.0,7839.0,2923.0,4917.0,566500,130662.0,18264.0,628.7,5932.0,11654.0,7132.0,4522.0,112398.0,24692.0,5488.0,14446.8,7805.0,22521.0,39.3,3.0,39.9,594.0,61.0,110.0,297.0,126.0,595.0,64.0,109.0,292.0,130.0,151689.0,153691.0,51190.0,879300.0,1328683.0,1.36,1662.5,8463.5,3941.5,1673.6,796.5,429.6,1395.4735,3838.8186,1630637.63,135.9045898,935.82,2.674303463,41.90637602,0.16,0.33,0.18,0.27,0.48,2.46,3.56,5.41,7.09,0.17,0.02,0.11,0.32,2.3,3.4,5.25,6.93,91.3628,1.078,94.367,1.6378,1.1229,171.5,177.7,171.1,168.0,64.09,172.3,214.726,119.984,180.915,376.001,170.456,109.924,258.747,214.321,203.65,206.735,88.922,115.67,92.55,84.313,19.94,22.7,18.29,66.0,222130.75,765121.92,2260.062,26.2151
8/1/2009,13468.487,11040.4,84.406,1082444.0,339586.0,86.6393,92.3574,93.0201,97.0218,75.3789,103.7331,79.6086,80.7066,73.1406,96.9594,88.2321,98.0854,87.6506,65.4206,2338.0,0.15782368,154307.0,139492.0,9.6,25.3,2940.0,3927.0,7828.0,2791.0,5037.0,559200,130472.0,18136.0,618.7,5855.0,11612.0,7099.0,4513.0,112336.0,24656.0,5470.9,14438.7,7780.0,22537.0,39.3,3.0,40.0,586.0,69.0,104.0,286.0,127.0,616.0,70.0,106.0,316.0,124.0,155040.0,157489.0,51317.0,872444.0,1311895.0,1.32,1660.0,8463.0,3928.1,1710.8,828.7,497.3,1362.9194,3813.9628,1630080.98,135.7134158,1009.73,2.42275988,52.87696823,0.16,0.29,0.17,0.26,0.46,2.57,3.59,5.26,6.58,0.13,0.01,0.1,0.3,2.41,3.43,5.1,6.42,89.9078,1.0683,94.8971,1.6532,1.0872,173.9,181.0,173.8,176.1,71.06,188.1,215.445,120.236,183.729,377.091,171.332,109.129,259.285,215.159,204.516,207.433,89.18,115.202,93.328,84.5,19.93,22.65,18.32,65.7,221553.55,761172.44,2286.2717,25.366
9/1/2009,13502.606,11032.9,83.627,1083725.0,330998.0,87.3821,92.9838,93.807,97.8716,78.8095,103.662,80.094,81.5863,74.9373,97.1814,89.1286,99.0435,89.9611,66.1611,2487.0,0.16570058,153827.0,138818.0,9.8,26.6,2841.0,3775.0,8402.0,2908.0,5494.0,547500,130247.0,18034.0,616.8,5787.0,11580.0,7072.0,4508.0,112213.0,24599.0,5454.3,14406.6,7770.0,22451.0,39.2,3.1,40.1,585.0,66.0,105.0,297.0,117.0,609.0,70.0,105.0,309.0,125.0,157513.0,158041.0,50601.0,860893.0,1305586.0,1.31,1664.9,8461.6,3919.9,1801.2,922.6,615.8,1337.3367,3765.6989,1628671.13,135.0350408,1044.55,2.288066632,64.91708966,0.15,0.23,0.12,0.21,0.4,2.37,3.4,5.13,6.31,0.08,-0.03,0.06,0.25,2.22,3.25,4.98,6.16,88.5014,1.0391,91.2748,1.6323,1.0816,173.5,180.5,174.3,174.1,69.46,201.9,215.861,120.779,185.329,378.359,171.922,109.387,259.523,215.663,205.145,207.814,89.324,115.508,93.564,84.597,19.92,22.5,18.41,73.5,219007.16,752414.36,2289.9327,24.9017
10/1/2009,13460.827,11031.5,83.722,1089060.0,334595.0,87.5809,93.1647,94.0507,98.1084,77.598,104.4176,80.4532,81.8026,75.218,97.9498,89.1851,107.2311,88.3416,66.2818,2406.0,0.156722251,153784.0,138432.0,10.0,27.5,3223.0,3552.0,8648.0,3006.0,5643.0,525400,130062.0,17904.0,611.4,5716.0,11527.0,7032.0,4495.0,112158.0,24516.0,5434.6,14358.2,7751.0,22524.0,39.2,3.3,40.2,534.0,54.0,103.0,266.0,111.0,583.0,67.0,104.0,299.0,113.0,161504.0,161097.0,51372.0,852785.0,1313895.0,1.31,1677.7,8487.9,3920.3,1936.3,1056.7,791.7,1308.1789,3741.8211,1623030.62,134.4748389,1067.66,2.19202118,79.8640307,0.12,0.22,0.07,0.16,0.37,2.33,3.39,5.15,6.29,0.1,-0.05,0.04,0.25,2.21,3.27,5.03,6.17,87.0457,1.0213,90.3671,1.6212,1.0547,174.3,181.7,175.0,186.9,75.82,203.0,216.509,120.5,187.793,379.291,172.746,110.684,260.011,216.385,205.968,208.445,89.663,115.895,93.734,84.979,20.02,22.91,18.38,70.6,218566.96,729066.3,2286.7291,24.6223
11/1/2009,13494.222,11063.7,83.588,1097236.0,337321.0,87.9388,93.0987,93.6915,97.5266,79.0461,103.1293,80.33,82.6448,76.714,100.1225,90.0829,97.3009,87.2795,67.032,2503.0,0.164465471,153878.0,138659.0,9.9,28.9,2816.0,3457.0,8755.0,2847.0,5908.0,494000,130058.0,17858.0,614.5,5696.0,11498.0,7009.0,4489.0,112200.0,24480.0,5424.0,14340.4,7756.0,22533.0,39.7,3.4,40.5,588.0,67.0,104.0,301.0,116.0,623.0,74.0,114.0,318.0,117.0,164715.0,160419.0,50603.0,840164.0,1323841.0,1.29,1683.0,8517.0,3920.7,2024.6,1141.6,924.3,1290.6774,3805.7256,1626748.38,134.1139345,1088.07,2.105256708,86.84311717,0.12,0.19,0.05,0.15,0.31,2.23,3.4,5.19,6.32,0.07,-0.07,0.03,0.19,2.11,3.28,5.07,6.2,86.5217,1.0131,89.2674,1.6599,1.0593,176.6,184.7,176.9,195.3,78.08,208.1,217.234,120.007,191.243,380.45,173.95,111.159,260.213,217.207,207.163,209.147,89.887,115.964,94.267,85.126,20.05,22.9,18.41,67.4,215533.92,718230.87,2300.0033,23.7799
12/1/2009,13551.644,11090.7,84.099,1100924.0,338736.0,88.2404,93.3864,94.0566,97.4112,78.5168,103.1683,81.7295,82.9613,76.9127,98.8404,89.9615,104.4255,85.5827,67.0286,2568.0,0.170088754,153111.0,138013.0,9.9,29.7,2879.0,3457.0,8835.0,2712.0,6122.0,485500,129808.0,17782.0,614.4,5654.0,11465.0,6988.0,4477.0,112026.0,24384.0,5410.2,14309.1,7744.0,22482.0,39.6,3.5,40.6,581.0,63.0,97.0,313.0,108.0,664.0,101.0,116.0,319.0,128.0,167138.0,160520.0,49624.0,825089.0,1321703.0,1.28,1692.8,8512.2,3916.4,2026.2,1140.4,970.5,1265.5793,3776.5583,1638940.01,134.4694057,1110.38,2.018227994,81.98598654,0.12,0.2,0.05,0.17,0.37,2.34,3.59,5.26,6.37,0.08,-0.07,0.05,0.25,2.22,3.47,5.14,6.25,87.5319,1.0301,89.9509,1.6226,1.0537,177.1,185.5,177.8,200.8,74.3,216.0,217.347,120.441,191.517,381.111,174.106,111.477,260.285,217.286,207.32,209.239,89.939,115.703,94.304,85.218,20.05,22.93,18.41,72.5,213465.86,710913.8,2325.1635,20.9744
1/1/2010,13610.249,11065.2,83.945,1097775.0,339093.0,89.1897,94.2817,95.0201,98.0711,79.4489,103.7332,82.902,83.9744,78.8452,99.4041,90.865,108.7959,83.0475,67.7946,2837.0,0.188555098,153484.0,138438.0,9.8,30.3,2921.0,3390.0,8894.0,2574.0,6319.0,479800,129802.0,17693.0,618.3,5580.0,11447.0,6976.0,4471.0,112109.0,24433.0,5389.2,14358.8,7733.0,22491.0,40.0,3.6,40.9,614.0,69.0,94.0,325.0,126.0,636.0,75.0,99.0,313.0,149.0,168529.0,181016.0,56916.0,827911.0,1323974.0,1.27,1674.7,8477.7,3898.0,1995.0,1112.4,970.2,1238.5212,3758.653,1633976.87,133.193416,1123.58,1.979683986,67.79279797,0.11,0.18,0.06,0.15,0.35,2.48,3.73,5.26,6.25,0.07,-0.05,0.04,0.24,2.37,3.62,5.15,6.14,88.1928,1.0345,91.1011,1.6158,1.0438,178.9,188.0,180.8,213.9,78.22,217.1,217.488,119.91,193.116,382.742,174.876,111.934,259.833,217.351,207.987,209.322,90.136,115.555,94.68,85.398,20.09,23.03,18.43,74.4,222450.86,710973.4,2325.1131,20.9652
2/1/2010,13610.405,11055.9,84.259,1105025.0,339580.0,89.5046,93.8962,94.4914,97.2429,78.1805,103.0737,82.5133,85.0663,79.6216,100.0897,90.8006,109.965,85.1557,67.8466,2666.0,0.17640442,153694.0,138581.0,9.8,29.8,2807.0,3390.0,8922.0,2793.0,6129.0,485750,129705.0,17613.0,624.2,5500.0,11439.0,6971.0,4468.0,112092.0,24421.0,5379.1,14357.8,7725.0,22476.0,39.6,3.4,40.5,604.0,70.0,109.0,286.0,139.0,650.0,78.0,110.0,312.0,150.0,165716.0,180450.0,62116.0,832657.0,1332323.0,1.28,1699.8,8527.3,3924.5,2115.2,1225.5,1114.3,1223.367,3721.2003,1627694.05,132.6823543,1089.16,2.026944312,54.29790347,0.13,0.2,0.11,0.18,0.35,2.36,3.69,5.35,6.34,0.07,-0.02,0.05,0.22,2.23,3.56,5.22,6.21,90.2853,1.0722,90.1395,1.5618,1.0572,177.7,186.4,180.4,208.7,76.42,200.0,217.281,120.184,191.978,384.308,174.321,111.811,259.97,217.101,207.71,209.049,90.134,115.146,94.471,85.502,20.12,23.08,18.47,73.6,218553.65,702097.24,2328.7916,22.2187
3/1/2010,13661.363,11099.4,84.662,1119036.0,346974.0,90.1356,94.6716,95.3704,97.5932,79.306,103.1552,84.0899,85.5406,81.3522,100.4841,91.946,104.7768,87.8202,68.8106,2679.0,0.176226812,153954.0,138751.0,9.9,31.6,2769.0,3294.0,9087.0,2542.0,6545.0,470250,129865.0,17657.0,630.9,5537.0,11439.0,6982.0,4457.0,112208.0,24467.0,5379.1,14392.2,7708.0,22518.0,40.0,3.6,41.0,636.0,65.0,96.0,342.0,133.0,687.0,72.0,115.0,357.0,143.0,169709.0,182148.0,58873.0,835110.0,1338599.0,1.26,1711.9,8523.5,3921.5,2079.6,1184.5,1092.8,1209.7429,3704.6632,1638672.35,132.8915448,1152.05,1.901827178,47.70970185,0.16,0.24,0.15,0.22,0.4,2.43,3.73,5.27,6.27,0.08,-0.01,0.06,0.24,2.27,3.57,5.11,6.11,89.946,1.0666,90.7161,1.5058,1.0229,178.9,188.0,181.3,212.1,81.24,212.3,217.353,120.225,191.375,385.712,174.137,111.683,260.342,217.115,207.844,209.07,90.261,114.98,94.467,85.701,20.14,23.11,18.46,73.6,258957.69,692658.01,2318.063,17.6603
4/1/2010,13776.728,11218.9,84.835,1129045.0,349869.0,90.4607,94.8812,95.1926,96.807,79.5122,102.0348,85.0498,85.9918,82.7165,101.1011,92.6955,96.8455,88.5006,69.486,3153.0,0.205742251,154622.0,139297.0,9.9,33.3,2725.0,3086.0,9130.0,2330.0,6800.0,469000,130120.0,17715.0,635.9,5553.0,11475.0,7012.0,4463.0,112405.0,24469.0,5379.6,14388.3,7711.0,22569.0,40.6,3.8,41.1,687.0,82.0,118.0,379.0,108.0,637.0,75.0,116.0,319.0,127.0,168906.0,182948.0,59108.0,835804.0,1343584.0,1.25,1699.0,8554.8,3935.0,2014.4,1117.4,1037.2,1207.5429,3714.1236,1636161.88,131.5052388,1197.32,1.833539349,41.73383818,0.2,0.3,0.16,0.24,0.45,2.58,3.85,5.29,6.25,0.1,-0.04,0.04,0.25,2.38,3.65,5.09,6.05,90.0137,1.069,93.4527,1.5332,1.0052,178.9,187.9,182.7,210.6,84.48,223.3,217.403,119.646,191.249,386.589,173.874,111.397,260.672,217.138,207.896,209.087,90.31,114.54,94.398,85.84,20.17,23.06,18.5,72.2,257338.98,687386.63,2314.8634,17.3652
5/1/2010,13885.106,11326.7,85.046,1125510.0,346858.0,91.7014,96.2022,96.7984,98.6139,82.567,103.3977,86.6139,87.1497,84.3781,101.4405,93.8844,102.9252,88.1104,70.4982,2988.0,0.201225672,154091.0,139241.0,9.6,34.0,2773.0,3127.0,8897.0,2260.0,6638.0,459400,130643.0,17727.0,645.3,5520.0,11511.0,7039.0,4472.0,112916.0,24483.0,5374.5,14396.5,7699.0,22996.0,40.5,4.0,41.4,583.0,72.0,108.0,290.0,113.0,575.0,64.0,102.0,299.0,110.0,166735.0,189932.0,64043.0,841383.0,1347852.0,1.26,1710.1,8609.0,3962.0,2012.3,1111.3,1035.7,1196.9216,3700.2451,1639092.5,130.6705757,1125.06,1.955154984,33.72355787,0.2,0.44,0.16,0.22,0.37,2.18,3.42,4.96,6.05,0.24,-0.04,0.02,0.17,1.98,3.22,4.76,5.85,93.8324,1.1295,91.973,1.4669,1.0403,178.9,187.8,183.4,206.2,73.84,205.6,217.29,119.648,190.231,387.094,173.367,111.206,260.932,216.988,207.671,208.952,90.339,114.227,94.122,85.997,20.2,23.1,18.58,73.6,254828.49,681791.4,2302.7653,32.6959
6/1/2010,13898.726,11339.4,85.253,1136355.0,346516.0,91.9033,96.1196,96.6748,98.3867,81.8571,103.3448,87.0741,87.6554,84.8201,102.177,93.8713,107.2802,87.5741,70.6131,2801.0,0.193519414,153616.0,139141.0,9.4,34.5,2683.0,3159.0,8907.0,2284.0,6623.0,460500,130509.0,17747.0,650.8,5516.0,11529.0,7056.0,4473.0,112762.0,24505.0,5377.8,14399.4,7687.0,22740.0,40.3,3.8,41.0,536.0,62.0,84.0,281.0,109.0,587.0,77.0,97.0,296.0,117.0,167463.0,185667.0,63013.0,841914.0,1357633.0,1.27,1731.6,8628.1,3972.4,2002.4,1099.2,1029.3,1190.1483,3682.8644,1641373.29,130.7794219,1083.36,2.034411461,28.416589,0.18,0.46,0.12,0.19,0.32,2.0,3.2,4.88,6.23,0.28,-0.06,0.01,0.14,1.82,3.02,4.7,6.05,94.4833,1.1255,90.8059,1.4768,1.0376,178.3,186.9,182.3,201.5,75.35,194.2,217.199,119.623,189.426,388.188,172.929,110.989,261.188,216.89,207.476,208.816,90.301,113.84,93.838,86.072,20.23,23.16,18.57,76.0,252786.2,677809.06,2293.54,29.7614
7/1/2010,13928.888,11368.1,85.486,1145984.0,347612.0,92.2549,96.5915,97.3995,99.015,85.0936,103.0709,87.8682,87.8799,85.4949,102.0489,94.3585,106.8033,89.2099,71.1056,3082.0,0.212375965,153691.0,139179.0,9.4,33.9,2806.0,2972.0,8714.0,2208.0,6506.0,459200,130415.0,17763.0,657.9,5508.0,11546.0,7069.0,4477.0,112652.0,24526.0,5380.4,14402.2,7676.0,22569.0,40.3,3.8,41.1,546.0,76.0,92.0,271.0,107.0,579.0,67.0,102.0,297.0,113.0,168240.0,187506.0,58990.0,841422.0,1369755.0,1.27,1724.0,8639.5,3970.3,1994.3,1087.8,1021.9,1189.0278,3661.2692,1647881.52,130.9016435,1079.8,2.050997098,25.05769945,0.18,0.37,0.16,0.2,0.29,1.76,3.01,4.72,6.01,0.19,-0.02,0.02,0.11,1.58,2.83,4.54,5.83,91.7906,1.053,87.5005,1.5304,1.0422,178.5,187.2,181.9,207.1,76.37,193.6,217.605,119.322,191.082,388.123,173.391,111.085,261.525,217.369,207.995,209.237,90.378,113.337,94.152,86.145,20.28,23.2,18.64,67.8,251341.38,675883.26,2351.1603,25.5846
8/1/2010,13980.745,11387.7,85.693,1146566.0,349188.0,92.5936,96.5567,97.319,98.7961,82.6833,103.6049,87.9497,88.6118,86.0625,102.7309,94.4822,107.4178,88.6863,71.3236,2999.0,0.204737848,154086.0,139438.0,9.5,33.7,2671.0,3534.0,8421.0,2162.0,6259.0,475000,130416.0,17778.0,665.2,5524.0,11538.0,7075.0,4463.0,112638.0,24537.0,5382.5,14414.1,7675.0,22420.0,40.5,3.9,41.2,599.0,75.0,106.0,282.0,136.0,580.0,71.0,98.0,284.0,127.0,169573.0,191745.0,63920.0,845695.0,1381722.0,1.27,1748.7,8687.9,3986.7,1993.7,1085.1,1025.0,1187.4701,3655.4109,1653637.2,130.6923472,1087.28,2.046697569,22.60093243,0.19,0.27,0.16,0.19,0.26,1.47,2.7,4.49,5.66,0.08,-0.03,0.0,0.07,1.28,2.51,4.3,5.47,90.8241,1.0388,85.3727,1.5661,1.0404,179.5,188.5,182.8,211.4,76.82,209.1,217.923,118.96,192.287,389.059,173.829,111.239,261.722,217.698,208.442,209.529,90.502,113.422,94.381,86.241,20.32,23.25,18.64,68.9,248909.09,673329.74,2387.1582,24.6424
9/1/2010,13989.519,11399.6,85.774,1146388.0,352179.0,92.8533,96.4139,97.0901,98.4339,82.7143,103.1142,88.3332,89.293,86.507,102.848,94.5469,106.1572,88.4686,71.4931,2918.0,0.200150902,153975.0,139396.0,9.5,33.4,2819.0,3308.0,8454.0,2291.0,6163.0,453500,130342.0,17772.0,672.0,5501.0,11549.0,7091.0,4458.0,112570.0,24564.0,5388.0,14420.3,7682.0,22247.0,40.6,4.0,41.4,594.0,70.0,95.0,296.0,133.0,563.0,68.0,95.0,288.0,112.0,172825.0,201932.0,70531.0,858160.0,1396644.0,1.28,1766.2,8718.7,3994.4,1961.2,1047.9,995.3,1185.7277,3641.6328,1660003.55,130.9832839,1122.08,1.992727791,21.13979074,0.19,0.25,0.15,0.19,0.26,1.41,2.65,4.53,5.66,0.06,-0.04,0.0,0.07,1.22,2.46,4.34,5.47,89.7141,1.0002,84.3571,1.5591,1.033,180.1,189.3,183.5,209.7,75.31,215.4,218.275,119.21,193.316,391.288,174.383,111.283,261.884,217.988,208.883,209.806,90.592,113.305,94.697,86.288,20.35,23.23,18.71,68.2,245464.86,666627.91,2412.468,22.2046
10/1/2010,14000.339,11418.9,85.993,1152306.0,356215.0,92.6033,96.2973,97.0733,98.4371,83.1774,102.9657,88.6373,88.9029,87.1939,101.8818,94.6117,101.6908,87.8854,71.6572,3235.0,0.222857537,153635.0,139119.0,9.4,34.0,2655.0,3345.0,8613.0,2387.0,6227.0,446800,130621.0,17788.0,682.2,5508.0,11548.0,7095.0,4453.0,112833.0,24626.0,5396.4,14462.1,7683.0,22297.0,40.6,4.0,41.3,543.0,83.0,94.0,265.0,101.0,558.0,67.0,112.0,266.0,113.0,176880.0,193066.0,66779.0,862014.0,1413297.0,1.27,1780.4,8768.4,4003.2,1961.7,1039.7,991.1,1185.2038,3627.2637,1674725.61,131.6235664,1171.58,1.919060869,20.1709061,0.19,0.25,0.13,0.18,0.23,1.18,2.54,4.68,5.72,0.06,-0.06,-0.01,0.04,0.99,2.35,4.49,5.53,86.587,0.9686,81.7285,1.5867,1.0179,181.6,191.6,185.7,217.0,81.9,233.6,219.035,118.917,196.845,391.926,175.737,111.201,262.075,218.821,209.904,210.564,90.881,113.132,95.473,86.484,20.42,23.39,18.72,67.7,243766.86,644834.45,2441.2943,20.3284
11/1/2010,14018.501,11440.1,86.211,1155595.0,359450.0,92.6686,96.2899,96.7119,97.9145,81.9113,102.6881,88.6415,89.043,87.5189,101.8946,94.7232,101.4576,88.1441,71.8495,3211.0,0.212916915,154125.0,139044.0,9.8,33.9,2912.0,3321.0,8696.0,2370.0,6326.0,426250,130749.0,17813.0,687.6,5506.0,11571.0,7110.0,4461.0,112936.0,24625.0,5402.0,14446.3,7680.0,22287.0,40.6,4.0,41.3,545.0,73.0,109.0,266.0,97.0,560.0,64.0,95.0,280.0,121.0,179955.0,197202.0,63913.0,869894.0,1424215.0,1.27,1828.4,8789.0,4002.5,1973.1,1038.6,991.9,1187.5082,3623.9653,1680208.56,131.6210536,1198.89,1.8856331,19.30195749,0.19,0.25,0.14,0.18,0.25,1.35,2.76,4.87,5.92,0.06,-0.05,-0.01,0.06,1.16,2.57,4.68,5.73,87.158,0.9847,82.518,1.5961,1.0129,182.4,192.8,187.3,219.6,84.14,239.6,219.59,119.027,198.783,392.535,176.497,111.005,262.41,219.397,210.567,211.113,91.062,113.094,95.971,86.597,20.47,23.45,18.76,71.6,242037.22,642123.82,2455.3677,19.8765
12/1/2010,14104.762,11523.9,86.325,1157650.0,361979.0,93.5916,96.9678,97.6378,99.022,81.6129,104.243,89.388,90.22,88.3248,102.9999,95.2054,111.4885,89.5741,72.3143,3058.0,0.21313075,153650.0,139301.0,9.3,34.7,2693.0,3169.0,8549.0,2120.0,6429.0,420250,130830.0,17780.0,686.0,5467.0,11579.0,7122.0,4457.0,113050.0,24657.0,5409.5,14444.5,7684.0,22266.0,40.6,4.0,41.3,539.0,58.0,68.0,273.0,140.0,632.0,113.0,98.0,257.0,164.0,187036.0,193452.0,60121.0,871076.0,1440606.0,1.27,1836.7,8822.7,4001.7,2017.0,1078.0,1032.5,1192.7014,3613.2997,1807708.59,140.4252736,1241.53,1.830805538,19.01231519,0.18,0.27,0.14,0.19,0.29,1.93,3.29,5.02,6.1,0.09,-0.04,0.01,0.11,1.75,3.11,4.84,5.92,88.2841,0.9689,83.3376,1.5595,1.0081,184.0,195.0,189.3,229.8,89.04,242.4,220.472,119.223,202.454,393.514,177.948,111.034,262.733,220.376,211.693,211.983,91.268,112.774,96.85,86.663,20.48,23.44,18.79,74.5,277440.0,827673.57,2425.5702,17.4159
1/1/2011,14289.288,11708.4,86.422,1171839.0,364394.0,93.3889,96.9879,97.8587,99.0552,82.4607,104.0163,90.0639,89.7872,89.1425,102.2553,95.2478,109.8727,89.4319,72.4352,3104.0,0.221508599,153263.0,139250.0,9.1,37.2,2686.0,3033.0,8393.0,2218.0,6175.0,426800,130837.0,17770.0,688.3,5427.0,11606.0,7153.0,4453.0,113067.0,24675.0,5415.1,14491.0,7680.0,22258.0,40.1,4.0,41.0,630.0,93.0,115.0,303.0,119.0,576.0,77.0,101.0,288.0,110.0,190908.0,203636.0,66278.0,879376.0,1452299.0,1.25,1846.3,8845.0,3998.9,2047.9,1110.3,1078.1,1195.9352,3603.7848,1821941.83,139.2847348,1282.62,1.790345803,18.92960009,0.17,0.26,0.15,0.18,0.27,1.99,3.39,5.04,6.09,0.09,-0.02,0.01,0.1,1.82,3.22,4.87,5.92,87.2483,0.9565,82.625,1.5782,0.9939,185.4,196.7,192.0,237.4,89.42,252.5,221.187,119.82,204.232,394.072,178.945,111.106,263.159,221.006,212.567,212.699,91.542,112.994,97.498,86.832,20.55,23.51,18.89,74.2,276142.34,822949.0,2425.0574,17.4319
2/1/2011,14331.186,11761.8,86.398,1155055.0,367475.0,93.0045,96.8476,97.735,98.8419,84.4812,103.1038,90.2177,89.152,89.8175,101.363,95.3948,105.5474,89.0826,72.6217,3226.0,0.233429812,153214.0,139394.0,9.0,37.4,2469.0,3118.0,8175.0,2284.0,5892.0,401500,131056.0,17826.0,688.4,5451.0,11637.0,7178.0,4459.0,113230.0,24746.0,5426.8,14518.2,7676.0,22215.0,40.9,4.2,41.4,517.0,52.0,64.0,311.0,90.0,542.0,60.0,89.0,296.0,97.0,192164.0,196393.0,63920.0,881311.0,1461934.0,1.26,1870.1,8908.8,4014.8,2211.6,1263.7,1241.8,1199.5471,3570.1308,1830034.93,139.1069149,1321.12,1.755833434,18.85724761,0.16,0.25,0.13,0.17,0.29,2.26,3.58,5.22,6.15,0.09,-0.03,0.01,0.13,2.1,3.42,5.06,5.99,86.1069,0.95,82.5368,1.6124,0.9876,187.4,199.4,194.8,243.4,89.58,258.8,221.898,119.904,205.704,395.518,179.827,111.401,263.701,221.665,213.448,213.375,91.797,113.135,98.084,87.001,20.57,23.49,18.91,77.5,275265.05,816382.37,2418.5291,17.2866
3/1/2011,14298.318,11734.0,86.697,1168286.0,370775.0,93.9684,97.0485,97.8394,99.0949,86.0177,102.9591,89.9568,90.8947,90.9508,102.5287,95.9876,101.4033,91.3362,73.1338,3261.0,0.237388076,153376.0,139639.0,9.0,39.1,2535.0,2980.0,8166.0,2061.0,6105.0,406000,131282.0,17890.0,703.5,5477.0,11659.0,7198.0,4461.0,113392.0,24794.0,5444.6,14537.9,7681.0,22192.0,40.7,4.2,41.4,600.0,62.0,81.0,341.0,116.0,583.0,59.0,95.0,309.0,120.0,199519.0,212748.0,72943.0,891823.0,1478764.0,1.24,1896.5,8966.8,4020.2,2395.3,1434.9,1415.0,1206.4413,3540.2176,1836363.45,139.3485795,1304.49,1.796104225,17.9872164,0.14,0.23,0.1,0.16,0.26,2.11,3.41,5.13,6.03,0.09,-0.04,0.02,0.12,1.97,3.27,4.99,5.89,84.7073,0.9185,81.647,1.6159,0.9766,188.8,201.3,197.6,247.8,102.94,256.0,223.046,119.739,209.591,396.29,181.764,111.753,264.114,222.725,214.971,214.527,92.166,112.914,99.268,87.197,20.55,23.46,18.89,67.5,275970.06,814946.14,2430.8269,20.5593
4/1/2011,14275.294,11719.4,86.594,1164024.0,372820.0,93.6571,96.8773,97.6305,98.9465,82.5399,103.8192,89.3351,90.4406,90.3443,101.4146,95.4601,104.2098,89.1847,72.7771,3259.0,0.233502902,153543.0,139586.0,9.1,38.7,2787.0,2987.0,8016.0,2090.0,5925.0,420600,131597.0,17941.0,718.8,5485.0,11689.0,7225.0,4464.0,113656.0,24891.0,5457.6,14602.8,7680.0,22184.0,40.9,4.1,41.4,554.0,57.0,94.0,280.0,123.0,581.0,58.0,98.0,299.0,126.0,199251.0,200733.0,64802.0,894996.0,1492150.0,1.25,1897.0,9030.2,4029.7,2496.6,1528.0,1510.1,1214.9147,3521.5312,1845724.01,139.6921175,1331.51,1.782437483,17.85765658,0.1,0.22,0.06,0.12,0.25,2.17,3.46,5.16,6.02,0.12,-0.04,0.02,0.15,2.07,3.36,5.06,5.92,83.144,0.8972,83.1771,1.6379,0.958,190.5,203.5,200.2,260.3,110.04,260.7,224.093,120.037,213.032,397.701,183.488,112.122,264.465,223.802,216.345,215.552,92.557,113.18,100.345,87.396,20.6,23.57,18.9,69.8,270240.1,807608.64,2443.6198,16.2042
5/1/2011,14260.443,11715.9,86.494,1154888.0,372505.0,93.7723,97.1883,97.9741,99.0877,83.5236,103.7061,90.0581,90.3576,90.9937,100.2462,95.4453,106.1521,89.1896,72.794,3179.0,0.229447853,153479.0,139624.0,9.0,39.6,2668.0,2903.0,8205.0,2052.0,6153.0,422500,131704.0,17990.0,729.2,5516.0,11697.0,7241.0,4456.0,113714.0,24906.0,5462.7,14604.3,7702.0,22129.0,41.0,4.2,41.5,561.0,58.0,105.0,265.0,133.0,618.0,81.0,99.0,303.0,135.0,196188.0,207170.0,71159.0,903737.0,1510423.0,1.27,1941.6,9102.5,4049.0,2567.2,1589.8,1574.7,1229.0589,3508.8388,1851462.73,139.8480811,1338.31,1.796046257,17.5281804,0.09,0.18,0.04,0.09,0.19,1.84,3.17,4.96,5.78,0.09,-0.05,0.0,0.1,1.75,3.08,4.87,5.69,83.3047,0.874,81.1257,1.6332,0.968,191.5,204.9,202.0,253.1,101.33,253.7,224.806,121.146,214.499,398.721,184.504,112.552,264.86,224.49,217.25,216.246,92.838,113.29,100.893,87.618,20.62,23.55,18.92,74.3,270391.11,807095.41,2437.5342,16.9607
6/1/2011,14324.383,11785.7,86.695,1166558.0,375587.0,94.0493,97.1777,97.9748,99.0467,83.1639,103.7569,90.1503,90.9245,91.1891,100.1353,95.5632,105.4228,90.4152,72.894,3455.0,0.247457384,153346.0,139384.0,9.1,39.9,2933.0,2987.0,8143.0,1871.0,6271.0,418250,131931.0,18026.0,740.1,5528.0,11710.0,7258.0,4452.0,113905.0,24962.0,5470.1,14637.7,7690.0,22164.0,40.9,4.0,41.4,608.0,69.0,124.0,285.0,130.0,636.0,69.0,102.0,327.0,138.0,198665.0,201579.0,68347.0,905689.0,1516643.0,1.27,1963.4,9176.5,4082.0,2648.5,1665.8,1652.6,1233.6241,3501.9607,1856839.9,139.6571749,1287.29,1.890793838,16.59454393,0.09,0.17,0.04,0.1,0.18,1.58,3.0,4.99,5.75,0.08,-0.05,0.01,0.09,1.49,2.91,4.9,5.66,83.2281,0.8401,80.4259,1.6219,0.9766,190.8,203.7,202.2,253.8,96.29,251.8,224.806,121.71,212.957,399.416,184.09,112.922,265.284,224.4,217.046,216.22,92.819,113.426,100.492,87.694,20.63,23.58,18.9,71.5,269968.25,807581.84,2430.5518,19.4515
7/1/2011,14386.123,11856.3,86.846,1171851.0,375442.0,94.4958,97.8953,98.8043,99.6861,84.394,104.2223,91.3384,91.0985,91.4411,100.4501,96.1129,106.0022,91.1364,73.305,3623.0,0.263242026,153288.0,139524.0,9.0,40.7,2632.0,2931.0,8177.0,1982.0,6195.0,412600,131993.0,18075.0,750.6,5547.0,11729.0,7271.0,4458.0,113918.0,25010.0,5478.3,14676.0,7693.0,22049.0,40.9,4.1,41.4,623.0,88.0,92.0,307.0,136.0,621.0,60.0,101.0,329.0,131.0,199517.0,206458.0,69136.0,909220.0,1524015.0,1.26,1996.0,9338.4,4143.1,2684.8,1696.6,1684.2,1244.3309,3496.8982,1881066.75,140.632093,1325.19,1.857846799,16.80830455,0.07,0.17,0.04,0.08,0.19,1.54,3.0,4.93,5.76,0.1,-0.03,0.01,0.12,1.47,2.93,4.86,5.69,82.6783,0.8214,79.2425,1.6158,0.9553,191.6,204.6,203.1,254.5,97.19,257.8,225.395,122.547,213.661,400.539,184.566,113.204,265.962,224.929,217.614,216.784,92.977,113.373,100.725,87.854,20.67,23.62,18.93,63.7,271191.65,807543.51,2432.8057,19.1724
8/1/2011,14378.666,11854.7,86.793,1180548.0,375860.0,95.0974,98.5079,99.5848,100.2621,85.352,104.6856,92.4334,91.6895,91.8401,99.7602,96.5349,107.4228,91.9047,73.6013,3329.0,0.240917644,153760.0,139942.0,9.0,40.5,2650.0,2989.0,8247.0,2199.0,6048.0,409500,132125.0,18105.0,756.4,5552.0,11748.0,7286.0,4462.0,114020.0,25029.0,5488.4,14677.7,7697.0,22017.0,40.8,4.1,41.4,585.0,56.0,87.0,300.0,142.0,647.0,63.0,111.0,331.0,142.0,196954.0,216705.0,79302.0,921840.0,1531385.0,1.26,2115.4,9524.9,4212.6,2657.7,1666.6,1654.7,1263.0844,3492.0643,1872938.27,139.7683835,1185.31,2.100716268,14.77833665,0.1,0.21,0.02,0.06,0.11,1.02,2.3,4.37,5.36,0.11,-0.08,-0.04,0.01,0.92,2.2,4.27,5.26,82.6938,0.78,76.9657,1.6356,0.9817,191.1,204.0,201.6,250.7,86.33,250.3,226.106,123.551,214.651,401.387,185.262,113.306,266.69,225.571,218.42,217.484,93.196,113.24,101.14,88.055,20.71,23.8,18.9,55.8,272591.96,808640.94,2453.2453,36.0196
9/1/2011,14359.76,11840.1,86.936,1172878.0,380042.0,95.0244,98.4222,99.349,99.6767,85.4509,103.8982,92.9139,91.6298,92.4518,100.397,96.7831,104.4283,92.4026,73.7503,3774.0,0.270576427,154131.0,140183.0,9.0,40.4,2754.0,2881.0,8316.0,2012.0,6304.0,417750,132344.0,18148.0,763.8,5584.0,11752.0,7297.0,4455.0,114196.0,25046.0,5491.4,14686.2,7695.0,21983.0,40.9,4.1,41.4,650.0,59.0,99.0,328.0,164.0,610.0,68.0,109.0,301.0,132.0,198403.0,204738.0,70273.0,924154.0,1525998.0,1.26,2120.0,9545.1,4212.4,2637.7,1643.5,1631.9,1269.5994,3488.4481,1881767.36,140.4146819,1173.88,2.145023341,14.41859042,0.08,0.22,0.01,0.04,0.1,0.9,1.98,4.09,5.27,0.14,-0.07,-0.04,0.02,0.82,1.9,4.01,5.19,85.3382,0.8767,76.7957,1.5771,1.0025,192.8,206.2,202.6,251.4,85.61,239.3,226.597,123.244,215.455,402.202,185.808,113.22,267.123,225.974,218.977,217.958,93.327,112.741,101.576,88.171,20.72,23.81,18.9,59.5,274041.61,809532.78,2465.9546,37.1545
10/1/2011,14364.71,11842.3,87.093,1187685.0,382207.0,95.6891,98.8029,99.9705,99.9387,87.0588,103.7647,94.1033,92.5842,92.9267,100.7377,97.3028,101.3932,90.9464,74.0935,3619.0,0.266220391,153961.0,140368.0,8.8,38.7,2668.0,3250.0,7802.0,1964.0,5838.0,402400,132553.0,18170.0,772.5,5588.0,11762.0,7313.0,4449.0,114383.0,25083.0,5508.4,14698.8,7708.0,21998.0,40.9,4.1,41.5,610.0,64.0,104.0,314.0,128.0,671.0,68.0,108.0,360.0,135.0,199911.0,210799.0,73409.0,928974.0,1540169.0,1.26,2128.5,9577.9,4224.0,2637.8,1638.9,1627.7,1280.3982,3497.9902,1889727.44,140.957113,1207.22,2.120298427,14.67340868,0.07,0.24,0.02,0.05,0.11,1.06,2.15,3.98,5.37,0.17,-0.05,-0.02,0.04,0.99,2.08,3.91,5.3,85.8991,0.8958,76.643,1.5768,1.0198,192.4,205.5,200.7,244.4,86.41,222.4,226.75,123.775,214.682,404.068,185.725,113.091,267.52,226.116,218.988,218.044,93.329,112.773,101.526,88.185,20.75,23.75,18.97,60.8,274076.96,808631.2,2471.5383,32.7655
11/1/2011,14349.583,11829.9,86.946,1183388.0,383422.0,95.6778,98.402,99.67,98.9952,85.6772,102.9473,94.9706,92.9716,93.3585,100.0787,97.1041,98.3738,92.6204,73.8792,3565.0,0.268004811,154128.0,140826.0,8.6,40.2,2556.0,2913.0,7706.0,2009.0,5698.0,389250,132690.0,18171.0,775.9,5593.0,11753.0,7313.0,4440.0,114519.0,25111.0,5515.4,14715.2,7721.0,21971.0,41.0,4.1,41.5,711.0,99.0,93.0,348.0,171.0,706.0,82.0,103.0,357.0,164.0,202918.0,215531.0,76603.0,938755.0,1547277.0,1.26,2182.0,9629.5,4238.9,2605.4,1592.4,1582.1,1293.2356,3505.1637,1904729.61,141.9353346,1226.42,2.121078695,14.75966491,0.08,0.21,0.01,0.05,0.11,0.91,2.01,3.87,5.14,0.13,-0.07,-0.03,0.03,0.83,1.93,3.79,5.06,86.6202,0.9079,77.5595,1.5806,1.0248,192.9,206.2,200.9,251.2,97.21,219.4,227.169,124.762,215.149,405.751,186.239,113.027,267.829,226.567,219.406,218.412,93.52,112.656,101.877,88.366,20.75,23.73,18.96,63.7,275083.08,811994.07,2484.9323,31.9011
12/1/2011,14479.33,11949.8,86.985,1193759.0,383985.0,96.1809,98.7873,99.9775,98.8925,86.1671,102.6687,96.4829,93.5967,94.4031,100.2904,97.7508,96.7406,91.5257,74.2998,3768.0,0.287787367,153995.0,140902.0,8.5,40.4,2678.0,2873.0,7545.0,1959.0,5586.0,377000,132888.0,18225.0,781.3,5611.0,11783.0,7350.0,4433.0,114663.0,25124.0,5536.4,14707.2,7729.0,21954.0,41.1,4.0,41.6,694.0,61.0,177.0,326.0,130.0,697.0,76.0,111.0,358.0,152.0,200795.0,223835.0,84355.0,952436.0,1556708.0,1.26,2165.7,9677.1,4258.9,2619.6,1598.7,1589.2,1304.0391,3494.9012,1916060.62,141.4181683,1243.32,2.125760062,14.86769385,0.07,0.18,0.01,0.05,0.12,0.89,1.98,3.93,5.25,0.11,-0.06,-0.02,0.05,0.82,1.91,3.86,5.18,87.8182,0.9334,77.7967,1.5587,1.0235,192.7,205.8,200.2,244.9,98.57,214.4,227.223,124.865,213.784,407.23,185.713,112.984,268.463,226.561,219.272,218.411,93.574,112.558,101.579,88.541,20.79,23.78,18.99,69.9,276945.17,816723.75,2492.2656,24.6171
1/1/2012,14518.055,12032.0,87.321,1200818.0,387531.0,96.7595,99.2333,100.3434,98.7849,88.348,101.8857,97.946,94.3132,95.4768,101.2884,98.5791,92.4648,90.0158,74.8515,3909.0,0.305462218,154381.0,141584.0,8.3,40.2,2474.0,2908.0,7433.0,1957.0,5476.0,377750,133245.0,18287.0,790.1,5626.0,11820.0,7380.0,4440.0,114958.0,25217.0,5550.5,14766.5,7735.0,21946.0,41.2,4.1,41.8,723.0,74.0,109.0,407.0,133.0,712.0,77.0,109.0,395.0,131.0,202573.0,226295.0,85537.0,964644.0,1563455.0,1.25,2201.8,9750.3,4279.4,2640.8,1619.2,1610.6,1321.3179,3511.5716,1929640.14,141.556394,1300.58,2.055749486,15.37232151,0.08,0.26,0.03,0.07,0.12,0.84,1.97,3.85,5.23,0.18,-0.05,-0.01,0.04,0.76,1.89,3.77,5.15,87.9631,0.9376,76.964,1.5524,1.013,193.4,206.6,200.4,246.8,100.24,223.6,227.842,125.399,215.385,408.394,186.508,112.944,268.94,227.18,219.997,219.007,93.894,112.684,102.128,88.816,20.78,23.71,19.02,75.0,277522.76,814355.55,2526.6351,20.3742
2/1/2012,14591.389,12108.5,87.85,1205143.0,392310.0,97.0662,99.4934,100.5168,98.6645,87.7793,101.8958,98.6596,94.6687,96.439,101.018,98.9848,92.3414,90.9947,75.0782,3616.0,0.282213377,154671.0,141858.0,8.3,39.7,2610.0,2848.0,7293.0,2051.0,5242.0,363250,133508.0,18316.0,796.3,5629.0,11841.0,7402.0,4439.0,115192.0,25246.0,5560.9,14760.1,7744.0,21947.0,41.2,4.1,41.8,704.0,64.0,97.0,408.0,135.0,738.0,96.0,125.0,374.0,143.0,203594.0,226783.0,84945.0,978365.0,1576403.0,1.25,2207.1,9802.0,4292.9,2694.4,1659.9,1652.0,1344.1778,3539.4811,1934911.81,140.9145524,1352.49,1.99952187,15.81441526,0.1,0.21,0.09,0.12,0.16,0.83,1.97,3.85,5.14,0.11,-0.01,0.02,0.06,0.73,1.87,3.75,5.04,86.6186,0.9118,78.47,1.5804,0.9967,193.9,207.3,201.1,245.4,102.25,230.9,228.329,125.075,217.686,408.89,187.426,112.996,269.034,227.758,220.509,219.49,94.104,112.548,102.678,88.967,20.83,23.78,19.0,75.3,278361.8,812714.86,2567.3473,18.3541
3/1/2012,14635.02,12142.7,87.735,1204027.0,393698.0,96.5609,98.7441,99.7215,97.0933,86.7616,100.1593,99.5276,94.4163,95.3882,100.5942,98.458,87.5195,89.361,74.596,3979.0,0.312986707,154749.0,142036.0,8.2,39.3,2708.0,2788.0,7176.0,1940.0,5236.0,366600,133748.0,18354.0,799.4,5625.0,11880.0,7428.0,4452.0,115394.0,25276.0,5568.5,14776.3,7767.0,21943.0,41.1,4.2,41.6,695.0,86.0,112.0,350.0,147.0,806.0,79.0,132.0,404.0,191.0,205812.0,221729.0,78525.0,985067.0,1582173.0,1.25,2227.8,9846.0,4303.2,2655.2,1606.3,1599.0,1350.492,3544.3135,1948791.0,141.2320904,1389.24,1.968702312,16.03227875,0.13,0.2,0.08,0.14,0.19,1.02,2.17,3.99,5.23,0.07,-0.05,0.01,0.06,0.89,2.04,3.86,5.1,87.3166,0.9131,82.4659,1.5824,0.9938,194.1,207.4,203.4,247.0,106.19,230.7,228.807,125.85,218.457,410.257,187.863,112.952,269.562,228.24,220.975,219.928,94.284,112.29,103.138,89.118,20.87,23.9,19.01,76.2,280232.73,813331.1,2581.7899,15.8857
4/1/2012,14689.558,12191.2,87.816,1207954.0,392073.0,97.251,99.4815,100.3801,97.839,87.1366,101.0135,100.4349,95.0581,96.6026,100.8194,98.9247,94.3498,88.4725,74.8665,3793.0,0.299936739,154545.0,141899.0,8.2,39.2,2624.0,2878.0,7072.0,1940.0,5132.0,381750,133825.0,18365.0,801.5,5618.0,11897.0,7442.0,4455.0,115460.0,25285.0,5582.5,14784.0,7771.0,21931.0,41.2,4.2,41.7,753.0,78.0,125.0,400.0,150.0,732.0,90.0,115.0,366.0,161.0,203267.0,218445.0,75741.0,988139.0,1590724.0,1.26,2237.3,9899.5,4319.4,2639.8,1586.7,1579.8,1368.5956,3540.964,1964040.83,141.622921,1386.43,1.996013743,15.87419748,0.14,0.2,0.08,0.14,0.18,0.89,2.05,3.96,5.19,0.06,-0.06,0.0,0.04,0.75,1.91,3.82,5.05,87.161,0.9133,81.2524,1.6,0.9928,194.0,207.2,202.3,239.7,103.33,223.3,229.187,126.432,218.615,411.475,188.067,113.04,270.105,228.609,221.28,220.272,94.408,112.001,103.224,89.303,20.92,23.83,19.09,76.4,281944.14,816540.55,2596.5388,17.876
5/1/2012,14687.217,12183.0,87.822,1211617.0,391376.0,97.4595,99.8051,100.8725,98.3875,86.415,101.9383,101.153,95.1466,95.8577,99.7296,98.597,102.0693,88.9808,74.5373,3835.0,0.302922591,154866.0,142206.0,8.2,39.6,2550.0,3006.0,7091.0,1690.0,5401.0,373500,133933.0,18367.0,804.1,5604.0,11908.0,7452.0,4456.0,115566.0,25337.0,5594.1,14791.9,7782.0,21911.0,41.1,4.2,41.6,708.0,77.0,109.0,363.0,159.0,796.0,79.0,120.0,421.0,176.0,201040.0,219486.0,77485.0,989719.0,1595201.0,1.27,2256.2,9942.8,4347.3,2616.5,1558.5,1552.3,1379.0397,3539.6909,1978007.14,142.8133066,1341.27,2.087325197,15.31266843,0.16,0.2,0.09,0.15,0.19,0.76,1.8,3.8,5.07,0.04,-0.07,-0.01,0.03,0.6,1.64,3.64,4.91,88.5108,0.9383,79.6668,1.5924,1.0097,192.9,205.5,200.5,232.4,94.7,216.4,228.713,126.663,215.029,412.864,186.81,113.091,270.363,228.028,220.457,219.725,94.302,111.94,102.362,89.414,20.87,23.9,19.03,79.3,284298.3,811811.47,2601.5151,21.1563
6/1/2012,14680.673,12168.5,87.73,1208240.0,387901.0,97.4768,99.9026,101.0426,98.147,86.5706,101.5789,102.4863,95.0794,96.3312,99.7455,98.8801,101.2204,89.9459,74.6728,3911.0,0.308146864,155083.0,142391.0,8.2,40.3,2747.0,2806.0,7227.0,1817.0,5409.0,379200,134012.0,18391.0,801.1,5621.0,11918.0,7461.0,4457.0,115621.0,25323.0,5599.0,14772.6,7781.0,21930.0,41.1,4.2,41.7,757.0,80.0,97.0,369.0,211.0,794.0,81.0,120.0,409.0,184.0,197305.0,217930.0,74631.0,991560.0,1600988.0,1.29,2275.3,10012.8,4381.5,2618.8,1555.4,1550.2,1397.9731,3529.8059,1991032.28,143.8908644,1323.48,2.13981322,15.07874762,0.16,0.21,0.09,0.15,0.19,0.71,1.62,3.64,5.02,0.05,-0.07,-0.01,0.03,0.55,1.46,3.48,4.86,89.8884,0.9576,79.3152,1.5556,1.028,192.1,204.3,198.5,225.0,82.41,210.2,228.524,126.248,212.225,415.289,185.837,113.041,270.956,227.734,220.049,219.432,94.254,111.596,101.748,89.57,20.92,23.92,19.08,73.2,286914.02,814053.31,2605.1865,21.0661
7/1/2012,14586.106,12080.6,87.914,1210539.0,389686.0,97.6714,99.7084,100.8543,98.1802,86.3637,101.6828,101.2607,95.6846,96.262,99.8611,98.655,103.5757,89.6363,74.4286,3735.0,0.295116941,154948.0,142292.0,8.2,39.3,2662.0,2984.0,6983.0,1773.0,5210.0,372500,134157.0,18427.0,799.5,5632.0,11944.0,7483.0,4461.0,115730.0,25329.0,5609.3,14762.5,7778.0,21913.0,41.1,4.2,41.7,740.0,87.0,114.0,350.0,189.0,849.0,90.0,120.0,435.0,204.0,198729.0,222851.0,80356.0,1001402.0,1614258.0,1.3,2315.0,10065.5,4403.3,2647.8,1583.8,1579.5,1413.7811,3524.6099,2002559.37,145.609971,1359.78,2.113822334,15.47860411,0.16,0.24,0.1,0.15,0.19,0.62,1.53,3.4,4.87,0.08,-0.06,-0.01,0.03,0.46,1.37,3.24,4.71,90.0701,0.9783,78.9348,1.5593,1.0142,192.4,204.5,197.7,232.5,87.93,207.0,228.59,125.935,211.791,417.004,185.502,113.131,271.392,227.784,220.007,219.43,94.288,111.429,101.612,89.678,20.96,24.01,19.09,72.3,289797.81,814532.25,2640.3889,17.379
8/1/2012,14553.669,12061.8,87.932,1209461.0,394524.0,97.2734,99.5755,100.6969,97.6978,85.4695,101.3226,102.0361,95.0055,95.6105,100.276,98.5295,102.4664,90.3994,74.2631,3809.0,0.305428594,154763.0,142291.0,8.1,39.6,2784.0,2811.0,6889.0,1846.0,5042.0,373250,134338.0,18440.0,800.5,5648.0,11940.0,7473.0,4467.0,115898.0,25361.0,5610.1,14773.7,7787.0,21916.0,40.9,4.1,41.5,754.0,76.0,131.0,379.0,168.0,840.0,82.0,125.0,440.0,193.0,203118.0,200405.0,64090.0,990552.0,1620390.0,1.29,2354.1,10136.1,4408.6,2650.7,1582.2,1578.9,1425.6215,3526.1138,2015693.33,146.3989055,1403.45,2.078212025,15.86706063,0.13,0.19,0.1,0.14,0.18,0.71,1.68,3.48,4.91,0.06,-0.03,0.01,0.05,0.58,1.55,3.35,4.78,88.8922,0.9681,78.6909,1.5722,0.9924,194.7,207.7,199.7,243.1,94.16,207.8,229.918,125.333,217.573,417.555,187.526,112.806,272.071,229.264,221.68,220.781,94.605,111.212,102.719,89.827,20.93,24.06,19.05,74.3,293265.57,820300.25,2654.7668,15.3024
9/1/2012,14662.932,12161.3,88.056,1211283.0,397681.0,97.2217,99.2584,100.361,97.4173,84.42,101.2706,101.7288,95.233,95.1109,100.7713,98.3271,100.1318,90.5755,74.0434,3882.0,0.32042922,155160.0,143044.0,7.8,39.8,2538.0,2819.0,6775.0,1863.0,4911.0,381800,134517.0,18442.0,795.0,5661.0,11934.0,7463.0,4471.0,116075.0,25387.0,5605.2,14801.0,7800.0,21925.0,40.9,4.2,41.5,847.0,78.0,144.0,423.0,202.0,930.0,86.0,150.0,474.0,220.0,203777.0,216864.0,76988.0,994660.0,1633608.0,1.29,2386.6,10216.3,4422.4,2594.9,1517.5,1515.5,1434.331,3529.8586,2024222.19,145.4799225,1443.42,2.049992379,16.25295651,0.14,0.17,0.11,0.14,0.18,0.67,1.72,3.49,4.84,0.03,-0.03,0.0,0.04,0.53,1.58,3.35,4.7,86.9071,0.9386,78.1353,1.6126,0.9783,196.5,210.4,201.7,246.1,94.72,224.9,231.015,126.386,221.574,418.453,189.115,112.421,272.691,230.513,222.992,221.879,94.893,110.967,103.759,89.96,20.96,24.11,19.06,78.3,294795.04,822652.92,2671.8145,15.4389
10/1/2012,14761.628,12268.6,88.05,1206602.0,397494.0,97.5311,99.0435,100.0994,97.4197,85.3608,100.9935,100.7508,96.0939,95.517,101.2696,98.1285,104.4132,92.2138,73.8308,3775.0,0.311365886,155554.0,143431.0,7.8,39.6,2635.0,2859.0,6784.0,1796.0,4988.0,368500,134668.0,18452.0,785.3,5674.0,11941.0,7465.0,4476.0,116216.0,25427.0,5619.0,14817.1,7809.0,21903.0,41.0,4.1,41.5,915.0,78.0,161.0,445.0,231.0,887.0,86.0,155.0,457.0,189.0,205391.0,218355.0,79033.0,1000517.0,1634146.0,1.29,2420.1,10282.6,4439.1,2611.8,1525.6,1524.1,1449.5834,3526.6714,2038369.66,145.0879523,1437.82,2.096460846,16.22988644,0.16,0.19,0.1,0.15,0.18,0.71,1.75,3.47,4.58,0.03,-0.06,-0.01,0.02,0.55,1.59,3.31,4.42,87.0627,0.9323,79.0132,1.608,0.9872,196.7,210.7,202.1,244.7,89.57,229.4,231.638,127.291,222.913,419.07,189.812,112.327,273.242,231.165,223.637,222.498,95.174,110.867,104.26,90.224,20.98,24.08,19.09,82.6,295890.28,825504.76,2678.6332,16.5407
11/1/2012,14962.471,12457.7,88.434,1228837.0,399708.0,97.9084,99.6372,100.6937,97.8702,86.4377,101.2576,101.8828,96.2435,96.2848,101.2505,98.7282,103.4281,91.7659,74.2235,3878.0,0.32303207,155338.0,143333.0,7.7,39.0,2620.0,2776.0,6550.0,1745.0,4805.0,401250,134825.0,18458.0,792.8,5684.0,11930.0,7468.0,4462.0,116367.0,25495.0,5621.6,14895.5,7816.0,21883.0,41.0,4.1,41.5,833.0,67.0,156.0,444.0,166.0,917.0,76.0,167.0,486.0,188.0,205455.0,217176.0,73754.0,1000786.0,1640526.0,1.28,2441.2,10351.6,4476.4,2646.8,1546.1,1545.1,1457.5771,3555.625,2057519.2,144.5831337,1394.51,2.201251097,15.85094547,0.16,0.21,0.09,0.14,0.18,0.67,1.65,3.5,4.51,0.05,-0.07,-0.02,0.02,0.51,1.49,3.34,4.35,88.1034,0.9388,81.0305,1.5968,0.997,195.7,209.2,200.6,246.5,86.66,222.7,231.249,127.191,218.833,419.509,188.453,112.399,273.783,230.647,222.933,222.078,95.109,110.849,103.426,90.379,21.03,24.14,19.12,82.7,296807.17,829274.68,2701.025,16.6799
12/1/2012,15333.647,12812.9,88.47,1233388.0,401093.0,98.1884,99.8311,100.8793,97.8579,88.3572,100.672,102.7253,96.6134,97.1293,101.5538,99.4541,95.6174,91.9536,74.7163,3970.0,0.322816718,155628.0,143330.0,7.9,37.6,2756.0,2901.0,6629.0,1861.0,4768.0,359000,135074.0,18512.0,797.3,5724.0,11939.0,7484.0,4455.0,116562.0,25508.0,5628.3,14865.1,7829.0,21887.0,41.2,4.2,41.7,976.0,117.0,188.0,458.0,213.0,941.0,95.0,153.0,473.0,220.0,204456.0,231169.0,80504.0,1014123.0,1647563.0,1.29,2460.7,10474.1,4529.9,2675.9,1570.4,1569.6,1474.5892,3550.6384,2072924.19,142.1622197,1422.29,2.197160917,16.24094146,0.16,0.17,0.07,0.12,0.16,0.7,1.72,3.65,4.63,0.01,-0.09,-0.04,0.0,0.54,1.56,3.49,4.47,87.4688,0.9213,83.7905,1.6145,0.9898,195.3,208.6,200.7,248.3,88.25,226.4,231.221,127.289,217.524,420.321,187.716,112.389,274.437,230.546,222.724,222.016,95.094,110.753,102.917,90.518,21.05,24.14,19.12,72.9,298191.89,832667.94,2733.2889,17.5331
1/1/2013,14568.746,12052.3,88.864,1237216.0,404434.0,98.1736,99.5148,100.3281,97.8114,87.7202,100.8004,100.8135,96.9137,97.2674,101.7591,99.1934,98.2855,93.8805,74.4744,3923.0,0.314569802,155763.0,143292.0,8.0,35.6,2780.0,3115.0,6572.0,1891.0,4681.0,353000,135257.0,18561.0,802.0,5746.0,11962.0,7494.0,4468.0,116696.0,25545.0,5640.0,14887.8,7837.0,21869.0,41.1,4.2,41.6,888.0,86.0,93.0,486.0,223.0,940.0,100.0,153.0,461.0,226.0,206845.0,223063.0,82032.0,1019882.0,1659407.0,1.29,2476.7,10497.4,4531.0,2741.7,1636.9,1636.4,1485.1014,3560.4348,2086586.85,150.3261325,1480.4,2.130280104,16.88604208,0.14,0.19,0.07,0.11,0.15,0.81,1.91,3.8,4.73,0.05,-0.07,-0.03,0.01,0.67,1.77,3.66,4.59,87.958,0.9234,89.0581,1.5965,0.9921,196.4,210.2,201.6,248.4,94.69,225.1,231.679,128.076,218.092,421.114,187.971,112.497,275.121,231.023,223.172,222.457,95.275,110.738,103.085,90.728,21.09,24.18,19.15,73.8,299406.93,831337.87,2728.5974,13.3738
2/1/2013,14539.752,12028.1,88.849,1242279.0,409118.0,98.6434,100.0347,100.9099,98.2823,89.6828,100.8301,101.6803,97.331,97.6777,101.5659,99.598,98.5304,93.9831,74.7401,4004.0,0.335062762,155312.0,143362.0,7.7,36.4,2713.0,2799.0,6457.0,1766.0,4691.0,353000,135545.0,18616.0,806.6,5784.0,11974.0,7502.0,4472.0,116929.0,25569.0,5640.8,14912.7,7851.0,21881.0,41.3,4.3,41.9,962.0,106.0,136.0,498.0,222.0,980.0,87.0,158.0,499.0,236.0,214996.0,234445.0,87927.0,1033786.0,1661659.0,1.27,2468.9,10516.4,4514.7,2845.3,1733.4,1732.9,1491.2673,3553.708,2103074.32,151.2785441,1512.31,2.104286379,17.14196507,0.15,0.16,0.1,0.12,0.16,0.85,1.98,3.9,4.85,0.01,-0.05,-0.03,0.01,0.7,1.83,3.75,4.7,89.1978,0.9212,93.0016,1.5474,1.0098,197.6,211.9,203.6,247.7,95.32,226.4,232.937,128.134,223.274,421.601,189.884,112.379,275.756,232.489,224.713,223.738,95.614,110.647,104.158,90.904,21.15,24.2,19.22,77.6,299682.56,828162.85,2724.81,13.903
3/1/2013,14590.576,12065.8,88.963,1235591.0,406223.0,99.047,100.4002,101.3752,98.8242,90.5609,101.2729,102.1438,97.7742,97.7193,101.1828,99.5027,107.208,93.3107,74.6388,4076.0,0.34870391,155005.0,143316.0,7.5,37.0,2462.0,2826.0,6393.0,1830.0,4563.0,351800,135689.0,18639.0,808.2,5802.0,11977.0,7509.0,4468.0,117050.0,25564.0,5644.4,14912.3,7856.0,21870.0,41.4,4.3,41.9,1010.0,96.0,141.0,555.0,218.0,936.0,98.0,145.0,485.0,208.0,208015.0,217480.0,78439.0,1031652.0,1661279.0,1.29,2476.3,10572.6,4551.6,2935.0,1811.3,1810.9,1499.186,3549.0403,2113583.43,151.7049303,1550.83,2.070504182,17.57337411,0.14,0.15,0.09,0.11,0.15,0.82,1.96,3.93,4.85,0.01,-0.05,-0.03,0.01,0.68,1.82,3.79,4.71,91.151,0.9466,94.77,1.508,1.0244,196.5,210.3,201.6,247.3,93.05,218.7,232.282,126.97,218.985,423.089,188.07,112.209,276.207,231.692,223.612,223.001,95.488,110.248,103.176,91.068,21.14,24.17,19.2,78.6,301028.99,830011.88,2723.216,13.0279
4/1/2013,14650.083,12133.9,88.983,1233842.0,404231.0,98.9445,100.138,101.0105,98.545,90.1349,101.0372,101.5191,97.8375,97.4643,101.0218,99.1869,108.9927,94.0164,74.381,3988.0,0.339115646,155394.0,143635.0,7.6,36.5,2487.0,2908.0,6421.0,1953.0,4468.0,347250,135873.0,18631.0,805.0,5796.0,11978.0,7512.0,4466.0,117242.0,25590.0,5644.4,14922.3,7872.0,21869.0,41.2,4.4,41.8,835.0,79.0,148.0,408.0,200.0,1012.0,101.0,168.0,519.0,224.0,204064.0,226467.0,81190.0,1038298.0,1665519.0,1.3,2504.9,10600.0,4573.0,3011.7,1884.7,1884.3,1507.451,3553.1362,2124916.39,152.0523503,1570.7,2.068928928,17.85321806,0.15,0.16,0.06,0.09,0.12,0.71,1.76,3.73,4.59,0.01,-0.09,-0.06,-0.03,0.56,1.61,3.58,4.44,91.0189,0.9366,97.7582,1.5311,1.0187,195.3,208.4,200.5,247.4,92.07,205.6,231.797,126.905,214.905,423.025,186.794,112.014,276.473,231.056,222.732,222.502,95.391,109.912,102.466,91.183,21.2,24.24,19.23,76.4,302041.77,831262.52,2755.3948,14.0954
5/1/2013,14720.7,12186.3,89.237,1247803.0,406677.0,99.0383,100.0647,100.7477,98.434,90.5815,100.7622,101.0017,98.1049,97.7642,102.0726,99.509,102.5761,95.7664,74.6098,4145.0,0.355671872,155536.0,143882.0,7.5,36.8,2674.0,2631.0,6333.0,1986.0,4347.0,347750,136095.0,18668.0,808.8,5829.0,11978.0,7511.0,4467.0,117427.0,25625.0,5651.1,14953.8,7883.0,21864.0,41.3,4.3,41.7,930.0,103.0,139.0,482.0,206.0,1003.0,105.0,148.0,509.0,241.0,205056.0,236942.0,91461.0,1052707.0,1661753.0,1.28,2523.5,10634.2,4585.8,3116.9,1982.0,1981.6,1510.4217,3545.8691,2136909.76,152.0661633,1639.84,2.005276938,18.61458831,0.11,0.14,0.04,0.08,0.12,0.84,1.93,3.89,4.73,0.03,-0.07,-0.03,0.01,0.73,1.82,3.78,4.62,91.8113,0.9557,100.9186,1.5297,1.0196,196.1,209.5,200.2,250.1,94.8,199.9,231.893,126.916,214.01,422.316,186.495,111.879,276.955,231.2,222.636,222.629,95.461,109.788,102.181,91.383,21.21,24.18,19.23,84.5,304207.06,836761.3,2745.3439,13.3657
6/1/2013,14720.82,12182.7,89.219,1243929.0,407921.0,99.2221,100.3453,100.9731,98.7456,91.7741,100.8152,100.9003,98.1877,97.9268,102.2266,99.7208,100.0173,96.2689,74.7638,4150.0,0.353161433,155749.0,143999.0,7.5,36.4,2680.0,2851.0,6231.0,1876.0,4355.0,344600,136279.0,18701.0,811.9,5855.0,11982.0,7517.0,4465.0,117578.0,25682.0,5654.7,15001.3,7887.0,21840.0,41.2,4.3,41.8,839.0,86.0,123.0,425.0,205.0,942.0,107.0,144.0,475.0,216.0,202976.0,246567.0,97352.0,1077918.0,1664436.0,1.29,2521.0,10691.3,4599.5,3201.5,2062.9,2062.6,1521.7516,3545.7849,2150247.57,152.6741577,1618.77,2.055264182,18.32206806,0.09,0.14,0.05,0.09,0.14,1.2,2.3,4.27,5.19,0.05,-0.04,0.0,0.05,1.11,2.21,4.18,5.1,91.0453,0.9331,97.235,1.5493,1.0314,196.2,209.6,200.1,248.8,95.8,199.1,232.445,126.995,215.38,424.286,187.137,111.782,277.441,231.757,223.201,223.12,95.673,109.735,102.56,91.58,21.23,24.17,19.27,84.1,305501.32,840678.05,2732.7796,17.1448
7/1/2013,14690.118,12155.0,89.329,1244157.0,410268.0,98.8987,99.4527,99.7734,97.7511,89.3622,100.2375,99.104,98.4556,97.3305,102.0293,98.9178,99.9876,96.303,74.1639,3885.0,0.342743714,155599.0,144264.0,7.3,37.3,2493.0,2768.0,6049.0,1791.0,4258.0,346000,136391.0,18684.0,812.2,5859.0,11962.0,7494.0,4468.0,117707.0,25725.0,5662.6,15046.1,7904.0,21815.0,41.2,4.3,41.7,880.0,110.0,159.0,396.0,215.0,997.0,118.0,156.0,473.0,250.0,207740.0,220831.0,78332.0,1082006.0,1669018.0,1.29,2542.3,10730.5,4607.3,3290.9,2147.7,2147.3,1531.8942,3536.8909,2163842.81,153.7693867,1668.68,2.016364232,18.85308488,0.09,0.14,0.04,0.07,0.12,1.4,2.58,4.34,5.32,0.05,-0.05,-0.02,0.03,1.31,2.49,4.25,5.23,92.2204,0.9449,99.6727,1.5179,1.0402,196.0,209.4,200.2,251.3,104.61,194.7,232.9,127.645,216.562,425.008,187.328,111.688,278.142,232.252,223.667,223.561,95.792,109.489,102.724,91.734,21.22,24.22,19.26,85.1,307647.22,844205.43,2710.7522,13.7966
8/1/2013,14715.624,12176.8,89.464,1249320.0,409691.0,99.4897,100.1011,100.5148,98.2554,92.0347,100.104,100.6279,98.9877,98.8461,102.446,99.785,98.985,95.9274,74.8212,4085.0,0.362177498,155605.0,144326.0,7.2,37.6,2475.0,2688.0,5973.0,1677.0,4296.0,333400,136646.0,18737.0,815.1,5878.0,11992.0,7525.0,4467.0,117909.0,25793.0,5670.2,15091.6,7902.0,21831.0,41.3,4.4,41.9,917.0,98.0,160.0,452.0,207.0,964.0,127.0,159.0,440.0,238.0,209249.0,224721.0,78299.0,1086042.0,1677357.0,1.29,2551.3,10788.5,4621.2,3398.9,2252.6,2252.3,1533.0979,3527.1475,2177890.61,154.271044,1670.09,2.037215559,18.79451863,0.08,0.12,0.04,0.07,0.13,1.52,2.74,4.54,5.42,0.04,-0.04,-0.01,0.05,1.44,2.66,4.46,5.34,91.1667,0.9261,97.8123,1.5505,1.0407,197.0,210.6,200.5,247.1,106.57,200.5,233.456,127.412,217.901,427.168,187.847,111.621,278.743,232.856,224.204,224.049,95.934,109.112,103.076,91.88,21.24,24.17,19.31,82.1,309686.33,847486.01,2700.2526,14.141
9/1/2013,14776.266,12235.2,89.733,1253661.0,410044.0,100.021,100.4742,100.8744,98.562,92.4685,100.3736,101.451,99.6838,99.46,101.3019,99.8762,101.8733,96.8493,74.9015,4128.0,0.366282165,155687.0,144418.0,7.2,37.4,2604.0,2691.0,5929.0,1797.0,4132.0,314000,136821.0,18788.0,816.0,5910.0,12010.0,7542.0,4468.0,118033.0,25858.0,5680.7,15119.1,7903.0,21835.0,41.3,4.3,41.8,850.0,93.0,157.0,418.0,182.0,1004.0,100.0,176.0,517.0,211.0,207779.0,237493.0,88463.0,1102358.0,1687435.0,1.3,2585.5,10848.9,4645.3,3486.9,2333.9,2333.6,1540.0041,3526.6833,2192597.96,154.6075548,1687.17,2.03891724,18.87728985,0.08,0.11,0.02,0.04,0.12,1.6,2.81,4.64,5.47,0.03,-0.06,-0.04,0.04,1.52,2.73,4.56,5.39,90.7241,0.9231,99.21,1.5885,1.0342,196.5,209.8,200.4,246.5,106.29,199.3,233.544,127.281,216.898,428.29,187.353,111.712,279.396,232.947,224.147,224.095,95.976,109.037,102.741,92.05,21.25,24.11,19.34,77.5,311674.73,851375.47,2690.4519,14.9695
10/1/2013,14726.182,12189.0,90.023,1260475.0,411399.0,99.9037,100.5318,100.961,98.8971,92.6457,100.7556,101.0776,99.3863,99.9027,101.4412,100.0071,104.3369,97.8243,75.0163,4222.0,0.379130747,154673.0,143537.0,7.2,35.1,2823.0,2639.0,5761.0,1737.0,4024.0,358500,137041.0,18832.0,815.8,5931.0,12033.0,7553.0,4480.0,118209.0,25882.0,5672.2,15146.2,7912.0,21830.0,41.2,4.3,41.9,925.0,125.0,168.0,413.0,219.0,1044.0,106.0,162.0,535.0,241.0,207585.0,231736.0,82239.0,1110857.0,1697181.0,1.3,2631.2,10973.2,4696.0,3589.5,2427.8,2427.6,1549.6383,3523.9502,2206415.52,155.905084,1720.03,2.011399026,19.17227793,0.09,0.12,0.05,0.08,0.12,1.37,2.62,4.53,5.31,0.03,-0.04,-0.01,0.03,1.28,2.53,4.44,5.22,89.6222,0.9025,97.77,1.6098,1.0363,196.9,210.4,200.2,243.4,100.54,200.4,233.669,126.988,216.682,428.586,187.248,111.722,279.756,233.055,224.179,224.212,96.103,108.882,102.694,92.265,21.29,24.22,19.35,73.2,314138.58,854095.93,2695.2804,15.1417
11/1/2013,14763.876,12228.0,90.393,1275801.0,412561.0,100.1582,100.4273,100.7623,98.8977,93.7394,100.4328,100.8089,100.0125,100.5336,100.9823,99.9878,105.9742,96.9007,75.0237,4119.0,0.381848521,155265.0,144479.0,6.9,36.6,2409.0,2586.0,5737.0,1695.0,4042.0,328200,137316.0,18885.0,814.8,5963.0,12054.0,7565.0,4489.0,118431.0,25939.0,5682.4,15175.8,7911.0,21843.0,41.4,4.4,42.0,1100.0,91.0,210.0,576.0,223.0,1029.0,108.0,163.0,521.0,237.0,211549.0,243831.0,94201.0,1126108.0,1707578.0,1.29,2638.8,10981.9,4691.1,3684.6,2517.1,2516.9,1558.8509,3529.8041,2223436.04,156.4742174,1783.54,1.950801963,19.75615134,0.08,0.12,0.07,0.1,0.12,1.37,2.72,4.63,5.38,0.04,-0.01,0.02,0.04,1.29,2.64,4.55,5.3,90.7508,0.9129,100.0737,1.61,1.0486,197.5,211.1,200.1,238.5,93.86,196.4,234.1,127.333,217.17,428.485,187.504,111.677,280.332,233.524,224.465,224.661,96.246,108.72,102.757,92.473,21.34,24.27,19.4,75.1,312471.77,851493.51,2708.7705,12.8516
12/1/2013,14797.116,12256.4,90.475,1270949.0,414812.0,100.374,100.5774,101.0032,99.6368,93.7696,101.3826,99.9993,100.2975,100.2905,101.6121,99.8285,112.7265,95.5456,74.9307,4121.0,0.396097655,155182.0,144778.0,6.7,36.5,2328.0,2545.0,5539.0,1676.0,3863.0,346000,137373.0,18858.0,813.3,5932.0,12060.0,7568.0,4492.0,118515.0,26012.0,5689.8,15231.0,7916.0,21820.0,41.1,4.5,41.9,1002.0,82.0,148.0,498.0,274.0,1005.0,116.0,142.0,478.0,269.0,212402.0,238481.0,93967.0,1142621.0,1717040.0,1.3,2674.2,11046.9,4706.4,3717.5,2541.0,2540.8,1574.33,3531.6274,2236328.98,156.7538626,1807.78,1.935523128,19.83087533,0.09,0.14,0.07,0.1,0.13,1.58,2.9,4.62,5.38,0.05,-0.02,0.01,0.04,1.49,2.81,4.53,5.29,90.932,0.8933,103.46,1.6383,1.0639,198.3,212.1,201.0,242.9,97.63,197.1,234.719,128.577,218.715,428.622,188.209,111.625,280.891,234.205,225.046,225.296,96.414,108.308,103.121,92.658,21.38,24.37,19.45,82.5,313497.87,855549.91,2721.7922,14.0258
1/1/2014,14872.775,12325.9,90.176,1258055.0,411561.0,99.9899,99.6338,99.8986,98.021,90.8906,100.1425,100.1351,100.4898,99.3268,100.6714,98.7632,111.8986,94.7946,74.1619,4127.0,0.404528524,155352.0,145150.0,6.6,35.1,2473.0,2431.0,5304.0,1696.0,3607.0,326750,137561.0,18914.0,818.2,5985.0,12058.0,7560.0,4498.0,118647.0,26029.0,5703.1,15214.9,7913.0,21814.0,41.0,4.4,41.6,888.0,116.0,60.0,477.0,235.0,976.0,102.0,162.0,489.0,223.0,212099.0,224538.0,80222.0,1146109.0,1721820.0,1.31,2714.1,11116.6,4724.7,3728.5,2556.4,2556.3,1586.7954,3535.4901,2252106.41,156.7315098,1822.36,1.942718965,19.69364842,0.07,0.12,0.04,0.07,0.12,1.65,2.86,4.49,5.19,0.05,-0.03,0.0,0.05,1.58,2.79,4.42,5.12,91.9944,0.9038,103.7614,1.647,1.094,199.8,214.0,202.5,247.3,94.62,194.1,235.288,127.882,219.287,429.989,188.528,111.301,281.729,234.808,225.585,225.831,96.614,108.041,103.535,92.856,21.41,24.41,19.45,81.2,313846.0,853492.96,2730.3993,14.4177
2/1/2014,14955.901,12398.8,90.586,1268722.0,416736.0,100.7471,100.5722,101.0294,99.1434,93.9675,100.6828,101.5202,101.064,100.6899,100.3128,99.6865,112.5885,94.6973,74.8927,4373.0,0.422552904,155483.0,145134.0,6.7,36.5,2376.0,2590.0,5404.0,1621.0,3783.0,335250,137712.0,18966.0,823.2,6007.0,12084.0,7582.0,4502.0,118746.0,26004.0,5708.1,15189.6,7932.0,21825.0,40.8,4.3,41.6,944.0,90.0,128.0,507.0,219.0,1039.0,111.0,134.0,542.0,252.0,215315.0,231380.0,75888.0,1151530.0,1731331.0,1.31,2730.2,11182.3,4747.4,3833.4,2650.1,2650.0,1619.7096,3545.5801,2267194.15,156.8297882,1817.04,1.971154552,19.35227664,0.07,0.13,0.05,0.08,0.12,1.52,2.71,4.45,5.1,0.06,-0.02,0.01,0.05,1.45,2.64,4.38,5.03,91.8485,0.8937,102.1253,1.6558,1.1054,200.2,214.5,203.2,259.9,100.82,194.5,235.547,127.279,218.525,431.137,188.439,111.053,282.328,234.964,225.716,226.05,96.66,107.698,103.528,92.969,21.52,24.73,19.47,81.6,313324.92,849062.87,2750.1202,15.4174
3/1/2014,15033.859,12463.0,91.104,1279006.0,421230.0,101.7435,101.3839,101.8869,99.7765,94.912,101.2232,102.6311,102.2537,102.2274,100.4911,100.5488,111.0592,95.9681,75.5836,4388.0,0.422736031,156028.0,145648.0,6.7,35.3,2433.0,2561.0,5415.0,1711.0,3704.0,321000,137985.0,19013.0,827.4,6038.0,12096.0,7597.0,4499.0,118972.0,26055.0,5713.6,15217.9,7932.0,21833.0,41.5,4.5,42.0,970.0,129.0,150.0,483.0,208.0,1067.0,140.0,166.0,502.0,259.0,212755.0,235485.0,81126.0,1160074.0,1739321.0,1.3,2749.3,11218.2,4752.9,3885.9,2676.7,2676.6,1633.3176,3561.1093,2281943.64,156.7807379,1863.52,1.944170173,19.50655442,0.08,0.12,0.05,0.08,0.13,1.64,2.72,4.38,5.06,0.04,-0.03,0.0,0.05,1.56,2.64,4.3,4.98,91.47,0.8805,102.3395,1.6624,1.1107,200.8,215.4,203.5,260.9,100.8,195.3,236.028,127.439,217.491,432.211,188.14,110.775,283.543,235.357,226.075,226.504,96.815,107.377,103.431,93.265,21.49,24.5,19.52,80.0,314613.85,851145.74,2774.8516,15.0074
4/1/2014,15078.809,12494.1,91.253,1280443.0,425546.0,101.8273,101.1021,101.6267,99.4012,94.0754,100.9859,102.5005,102.7145,101.8006,101.1024,100.5296,105.9893,97.0672,75.6166,4566.0,0.470624614,155369.0,145667.0,6.2,34.9,2424.0,2377.0,4981.0,1502.0,3479.0,322750,138297.0,19079.0,835.0,6084.0,12109.0,7607.0,4502.0,119218.0,26122.0,5729.3,15255.9,7944.0,21853.0,41.3,4.4,41.9,1043.0,123.0,188.0,487.0,245.0,1090.0,120.0,160.0,545.0,265.0,213190.0,237317.0,77992.0,1170643.0,1745942.0,1.3,2774.2,11263.1,4763.1,3930.7,2714.9,2714.8,1651.1911,3574.187,2298148.18,157.1437095,1864.26,1.963960678,19.251619,0.09,0.12,0.03,0.05,0.11,1.7,2.71,4.24,4.9,0.03,-0.06,-0.04,0.02,1.61,2.62,4.15,4.81,91.1047,0.8828,102.4582,1.6748,1.0992,201.7,216.6,203.9,263.7,102.07,195.4,236.468,127.475,218.989,433.26,188.779,110.607,283.778,235.742,226.443,226.916,96.987,107.286,103.832,93.403,21.5,24.62,19.48,84.1,316292.75,853562.96,2783.2186,14.3339
5/1/2014,15120.855,12517.4,91.451,1283964.0,426253.0,102.2392,101.3737,101.7423,99.2763,95.8278,100.2986,103.0762,103.2738,102.8886,100.1887,100.8183,104.3709,95.5746,75.887,4747.0,0.481488995,155684.0,145825.0,6.3,34.4,2586.0,2357.0,4785.0,1425.0,3360.0,313800,138512.0,19117.0,836.6,6109.0,12120.0,7622.0,4498.0,119395.0,26165.0,5735.0,15265.1,7951.0,21832.0,41.4,4.6,42.1,1007.0,90.0,167.0,557.0,193.0,1018.0,115.0,164.0,511.0,228.0,212427.0,234459.0,79766.0,1176817.0,1754624.0,1.3,2785.3,11327.6,4781.2,3911.5,2688.4,2688.2,1663.6926,3582.1109,2313991.15,157.5268832,1889.77,1.957733834,19.26329861,0.09,0.11,0.03,0.05,0.1,1.59,2.56,4.16,4.76,0.02,-0.06,-0.04,0.01,1.5,2.47,4.07,4.67,90.9283,0.8883,101.7738,1.6842,1.0894,201.0,215.6,203.1,260.3,102.18,195.6,236.918,127.773,218.306,434.262,188.766,110.398,284.678,236.079,226.763,227.34,97.147,106.893,103.961,93.648,21.53,24.63,19.51,81.9,316668.93,856067.61,2801.1097,12.2317
6/1/2014,15177.06,12562.1,91.772,1283791.0,427305.0,102.5774,101.3152,101.6545,99.2772,96.2636,100.169,102.6065,104.0208,103.7443,100.5284,101.1329,100.5016,93.3954,76.1833,4982.0,0.526638478,155707.0,146247.0,6.1,33.9,2417.0,2427.0,4619.0,1503.0,3116.0,313500,138849.0,19172.0,841.2,6133.0,12146.0,7645.0,4501.0,119677.0,26238.0,5747.5,15306.0,7965.0,21895.0,41.5,4.5,42.1,911.0,96.0,198.0,388.0,229.0,1010.0,115.0,198.0,475.0,222.0,211459.0,237501.0,80748.0,1185306.0,1757656.0,1.31,2817.2,11382.8,4798.2,3948.7,2722.3,2722.1,1676.8043,3599.413,2331484.59,157.9585904,1947.09,1.919787991,19.634156,0.1,0.11,0.04,0.06,0.1,1.68,2.6,4.25,4.8,0.01,-0.06,-0.04,0.0,1.58,2.5,4.15,4.7,91.1488,0.8958,102.0629,1.6908,1.083,201.5,216.2,202.8,257.7,105.79,197.6,237.231,127.982,218.653,435.187,188.973,110.199,285.109,236.403,227.032,227.625,97.253,106.762,104.151,93.762,21.55,24.61,19.54,82.5,318203.56,858480.37,2819.7249,11.4496
7/1/2014,15218.177,12593.5,91.971,1291656.0,428079.0,102.7954,101.6667,102.1398,99.3838,98.6211,99.5994,103.8662,104.1074,104.3278,100.3002,101.5662,97.2394,94.2942,76.5755,4846.0,0.504371357,156007.0,146399.0,6.2,32.7,2601.0,2412.0,4613.0,1477.0,3136.0,301750,139073.0,19240.0,845.4,6178.0,12165.0,7661.0,4504.0,119833.0,26292.0,5749.8,15329.1,7980.0,21901.0,41.5,4.4,42.0,1085.0,134.0,161.0,526.0,264.0,1076.0,124.0,180.0,520.0,252.0,209816.0,300114.0,139551.0,1251197.0,1763491.0,1.3,2837.3,11437.5,4815.8,3989.1,2759.0,2758.8,1694.9147,3604.7036,2347363.86,158.3798679,1973.1,1.913232984,19.733648,0.09,0.13,0.03,0.06,0.11,1.7,2.54,4.16,4.73,0.04,-0.06,-0.03,0.02,1.61,2.45,4.07,4.64,90.9619,0.8978,101.74,1.7066,1.0739,201.5,216.1,203.0,253.3,103.59,201.0,237.498,127.942,218.126,435.864,188.869,110.218,285.733,236.619,227.114,227.873,97.391,106.748,104.125,93.971,21.61,24.63,19.58,81.8,320493.95,862565.82,2848.2334,12.0922
8/1/2014,15295.125,12657.1,92.596,1294102.0,431379.0,102.6322,101.1945,101.5766,98.8394,95.8744,99.7158,103.0364,104.2691,103.4745,100.6531,100.9883,98.1029,92.7644,76.212,5349.0,0.557245546,156130.0,146530.0,6.1,32.0,2620.0,2389.0,4464.0,1506.0,2958.0,302000,139269.0,19291.0,847.0,6210.0,12182.0,7674.0,4508.0,119978.0,26316.0,5748.5,15338.0,7994.0,21855.0,41.5,4.4,42.0,984.0,111.0,187.0,479.0,207.0,1047.0,121.0,167.0,544.0,215.0,209428.0,236400.0,81621.0,1254803.0,1769669.0,1.31,2787.0,11461.6,4826.7,4075.0,2842.0,2841.8,1711.7561,3615.653,2362587.83,158.6246881,1961.53,1.943380932,19.486049,0.09,0.13,0.03,0.05,0.11,1.63,2.42,4.08,4.69,0.04,-0.06,-0.04,0.02,1.54,2.33,3.99,4.6,92.4375,0.9098,102.9438,1.67,1.0926,201.4,215.9,203.1,245.8,96.54,203.2,237.46,127.357,217.071,436.041,188.534,110.202,285.984,236.488,226.823,227.827,97.379,106.601,103.818,94.066,21.64,24.69,19.6,82.5,322859.46,866980.79,2850.6138,13.3254
9/1/2014,15348.309,12701.3,92.623,1293829.0,430189.0,102.9417,101.4421,101.8655,99.2698,95.6824,100.3321,102.555,104.6499,103.6966,100.5259,100.9867,102.0878,91.7643,76.2891,4914.0,0.530554956,156040.0,146778.0,5.9,31.9,2365.0,2560.0,4386.0,1438.0,2948.0,295000,139563.0,19347.0,851.7,6242.0,12201.0,7684.0,4517.0,120216.0,26363.0,5753.4,15367.6,8009.0,21897.0,41.6,4.5,42.1,1023.0,106.0,169.0,508.0,240.0,1077.0,132.0,170.0,534.0,241.0,206933.0,236112.0,81397.0,1258142.0,1771944.0,1.31,2861.2,11502.8,4843.8,4049.2,2814.5,2814.2,1725.7351,3619.3891,2377932.28,159.0462491,1993.23,1.9310366,19.620415,0.09,0.12,0.02,0.04,0.11,1.77,2.53,4.11,4.8,0.03,-0.07,-0.05,0.02,1.68,2.44,4.02,4.71,94.806,0.937,107.4257,1.629,1.1011,200.8,215.0,202.6,247.3,93.21,201.5,237.477,127.813,215.41,437.091,188.141,110.135,286.388,236.4,226.601,227.8,97.413,106.441,103.613,94.198,21.67,24.77,19.59,84.6,325525.67,870335.63,2874.3023,13.4618
10/1/2014,15426.259,12769.9,93.217,1295747.0,431903.0,102.9611,101.452,101.9996,98.9179,95.2928,99.9915,103.747,104.6859,103.071,100.1785,100.8772,101.9579,90.538,76.2897,5012.0,0.557508343,156417.0,147427.0,5.7,32.3,2494.0,2300.0,4292.0,1400.0,2892.0,288750,139797.0,19391.0,846.6,6259.0,12233.0,7706.0,4527.0,120406.0,26424.0,5756.6,15404.8,8018.0,21917.0,41.6,4.4,42.1,1074.0,97.0,159.0,598.0,220.0,1094.0,117.0,154.0,543.0,280.0,203484.0,233072.0,75250.0,1258912.0,1775551.0,1.32,2880.4,11576.6,4875.8,4001.5,2760.3,2760.1,1730.8096,3620.9683,2385640.01,158.8023465,1937.27,2.0031625,18.961663,0.09,0.12,0.02,0.05,0.1,1.55,2.3,3.92,4.69,0.03,-0.07,-0.04,0.01,1.46,2.21,3.83,4.6,96.2943,0.9528,108.0264,1.6074,1.1212,200.2,214.0,200.6,238.9,84.4,194.5,237.43,127.761,213.73,437.758,187.522,110.252,286.893,236.284,226.293,227.722,97.384,106.328,103.223,94.289,21.68,24.74,19.64,86.9,325763.4,870468.33,2879.2696,18.2073
11/1/2014,15514.307,12848.6,93.454,1298950.0,433113.0,103.5978,102.6967,103.5884,100.8348,98.3407,101.5715,104.9531,104.6663,103.2868,100.3574,101.5489,109.0456,90.7296,76.885,4843.0,0.532783278,156494.0,147404.0,5.8,32.7,2474.0,2403.0,4228.0,1400.0,2828.0,291600,140090.0,19431.0,845.8,6272.0,12260.0,7724.0,4536.0,120659.0,26475.0,5760.2,15430.1,8036.0,21932.0,41.6,4.5,42.2,1001.0,104.0,170.0,455.0,272.0,1059.0,134.0,143.0,512.0,270.0,198957.0,228727.0,77571.0,1259730.0,1780924.0,1.34,2888.2,11617.3,4902.2,3830.4,2575.1,2575.0,1751.6656,3627.344,2400874.63,159.0615231,2044.57,1.9135238,20.009116,0.09,0.13,0.02,0.07,0.13,1.62,2.33,3.92,4.79,0.04,-0.07,-0.02,0.04,1.53,2.24,3.83,4.7,98.4616,0.9642,116.2994,1.5771,1.1325,199.5,213.0,199.0,235.4,75.79,194.7,236.983,127.254,210.033,439.408,186.059,109.796,287.404,235.684,225.385,227.188,97.291,105.817,102.406,94.473,21.68,24.8,19.64,88.8,325398.14,872743.74,2889.723,13.4181
12/1/2014,15620.73,12933.1,93.713,1306392.0,430110.0,103.6151,102.2978,103.1295,100.5261,97.9118,101.2983,103.8234,105.1532,103.5335,100.2616,101.358,103.8666,92.9626,76.8289,5130.0,0.58850522,156332.0,147615.0,5.6,32.7,2370.0,2320.0,4069.0,1270.0,2799.0,284500,140364.0,19454.0,842.8,6293.0,12266.0,7726.0,4540.0,120910.0,26527.0,5768.3,15444.4,8042.0,21947.0,41.6,4.5,42.1,1073.0,115.0,170.0,494.0,294.0,1072.0,94.0,169.0,574.0,235.0,194466.0,225104.0,72388.0,1251932.0,1779016.0,1.35,2955.8,11701.0,4952.8,3934.5,2665.9,2665.8,1773.178,3638.5581,2422158.19,159.6581739,2054.27,1.9199034,20.153424,0.12,0.15,0.03,0.11,0.21,1.64,2.21,3.79,4.74,0.03,-0.09,-0.01,0.09,1.52,2.09,3.67,4.62,100.0838,0.9753,119.3233,1.5644,1.1532,196.8,209.2,195.5,222.0,59.29,193.7,236.252,126.637,204.124,441.464,184.015,109.446,287.958,234.705,224.135,226.341,97.12,105.262,101.28,94.643,21.68,24.83,19.62,93.6,326890.04,882566.01,2932.4347,16.1928
1/1/2015,15758.015,13038.7,93.936,1308978.0,428208.0,102.7923,101.9192,102.7337,100.6389,97.5671,101.5465,103.154,103.8339,102.4417,99.0925,100.7682,104.6171,92.3458,76.4695,5344.0,0.60146314,157030.0,148145.0,5.7,32.0,2393.0,2319.0,4151.0,1377.0,2774.0,287600,140568.0,19473.0,834.7,6320.0,12265.0,7725.0,4540.0,121095.0,26557.0,5770.9,15462.0,8059.0,21960.0,41.5,4.5,42.0,1085.0,107.0,140.0,533.0,305.0,1049.0,116.0,140.0,523.0,270.0,186430.0,225739.0,74358.0,1250695.0,1777773.0,1.38,2955.6,11787.8,5021.5,4017.1,2745.6,2745.5,1791.5773,3653.7118,2438894.03,160.1290825,2028.18,1.9671167,19.969474,0.11,0.16,0.03,0.08,0.2,1.37,1.88,3.46,4.45,0.05,-0.08,-0.03,0.09,1.26,1.77,3.35,4.34,104.0593,0.9443,118.25,1.5142,1.2122,193.3,204.0,190.7,200.8,47.22,187.9,234.747,126.129,194.852,441.351,180.302,108.977,288.584,232.969,221.716,224.784,96.654,104.93,99.097,94.676,21.73,24.99,19.63,98.1,326939.42,871082.09,2959.0481,19.037
2/1/2015,15815.476,13086.9,94.158,1303724.0,427119.0,102.1366,101.1432,101.9113,100.219,95.0994,101.7316,102.4353,103.3237,101.4624,98.8869,100.011,111.5342,92.4725,75.98,5466.0,0.635655309,156644.0,148045.0,5.5,31.2,2392.0,2238.0,3991.0,1333.0,2658.0,301250,140827.0,19511.0,822.8,6361.0,12275.0,7734.0,4541.0,121316.0,26599.0,5780.2,15478.7,8070.0,21978.0,41.4,4.4,41.9,886.0,46.0,97.0,504.0,239.0,1127.0,90.0,161.0,592.0,284.0,189549.0,217321.0,69635.0,1242238.0,1783783.0,1.39,3025.2,11904.7,5058.5,3840.5,2556.1,2556.1,1807.9304,3676.0808,2453090.39,160.1934521,2082.2,1.9380143,20.39658464,0.11,0.15,0.02,0.07,0.22,1.47,1.98,3.61,4.51,0.04,-0.09,-0.04,0.11,1.36,1.87,3.5,4.4,105.9354,0.9361,118.76,1.5329,1.2499,193.5,204.1,190.0,194.1,50.58,187.2,235.342,125.96,197.087,441.101,181.129,109.185,288.949,233.611,222.274,225.412,96.825,105.164,99.498,94.77,21.68,24.7,19.71,95.4,326684.18,869000.82,2990.5196,15.8675
3/1/2015,15786.489,13043.4,94.441,1310961.0,433647.0,101.7869,101.259,102.233,101.3239,97.9715,102.3151,102.4502,102.4321,101.4397,99.2519,100.3682,111.0363,92.0931,76.333,5210.0,0.611861421,156643.0,148128.0,5.4,30.5,2444.0,2304.0,3787.0,1245.0,2542.0,284000,140923.0,19480.0,806.9,6334.0,12286.0,7738.0,4548.0,121443.0,26646.0,5783.0,15509.6,8081.0,21970.0,41.2,4.3,41.8,960.0,102.0,144.0,515.0,199.0,1072.0,125.0,153.0,526.0,268.0,192677.0,230136.0,75198.0,1240748.0,1787168.0,1.38,3001.2,11902.8,5044.1,4030.6,2732.9,2732.8,1833.4502,3710.3202,2469796.48,161.2749265,2079.99,1.9620287,20.25997839,0.11,0.14,0.03,0.11,0.25,1.52,2.04,3.64,4.54,0.03,-0.08,0.0,0.14,1.41,1.93,3.53,4.43,109.0181,0.9798,120.3945,1.4958,1.2618,194.2,204.9,189.8,192.2,47.82,181.8,235.976,126.626,199.119,442.943,181.884,109.316,289.47,234.411,222.854,225.992,97.008,105.051,99.972,94.907,21.83,25.1,19.76,93.0,328710.29,870785.23,3004.8957,14.7123
4/1/2015,15833.624,13080.5,94.614,1321167.0,434470.0,101.2255,100.606,101.1621,100.4669,98.8119,100.9584,101.7206,101.987,101.0843,99.5883,100.3485,101.9554,92.4708,76.3931,5598.0,0.654736842,157060.0,148511.0,5.4,30.9,2716.0,2345.0,3651.0,1091.0,2560.0,286000,141196.0,19527.0,791.6,6392.0,12291.0,7736.0,4555.0,121669.0,26662.0,5778.7,15522.1,8086.0,22005.0,41.2,4.3,41.8,1190.0,194.0,168.0,519.0,309.0,1166.0,193.0,147.0,561.0,265.0,190949.0,225656.0,74359.0,1236578.0,1793017.0,1.38,3002.7,11936.7,5053.2,4059.4,2756.7,2756.7,1847.9368,3720.2813,2484033.46,161.5789157,2094.86,1.9628997,20.38867241,0.12,0.13,0.02,0.09,0.23,1.35,1.94,3.52,4.48,0.01,-0.1,-0.03,0.11,1.23,1.82,3.4,4.36,108.016,0.9595,119.5095,1.4968,1.2337,192.9,203.1,188.4,193.4,54.45,182.1,236.222,126.39,198.636,445.822,181.641,109.477,290.183,234.707,222.906,226.124,97.094,105.212,99.709,95.086,21.86,25.18,19.79,95.9,330411.62,873519.01,3021.6257,13.5328
5/1/2015,15866.779,13108.5,94.899,1307579.0,437865.0,100.7675,100.422,100.9658,100.3076,100.973,100.1175,101.9751,101.1986,101.1037,99.4503,100.369,100.2893,90.9293,76.4751,5563.0,0.629726058,157651.0,148817.0,5.6,30.7,2471.0,2510.0,3759.0,1256.0,2503.0,274000,141538.0,19556.0,770.4,6427.0,12306.0,7746.0,4560.0,121982.0,26727.0,5784.9,15557.3,8097.0,22012.0,41.1,4.3,41.8,1079.0,146.0,145.0,513.0,275.0,1272.0,287.0,175.0,546.0,264.0,191960.0,218316.0,66592.0,1227817.0,1797978.0,1.38,2978.3,11964.2,5048.2,3949.4,2641.7,2641.6,1863.5293,3729.9717,2499016.46,161.8250992,2111.94,1.9617035,20.510563,0.12,0.15,0.02,0.08,0.24,1.54,2.2,3.98,4.89,0.03,-0.1,-0.04,0.12,1.42,2.08,3.86,4.77,105.8434,0.9316,120.798,1.5456,1.2176,195.1,206.2,189.6,199.4,59.27,185.7,237.001,125.831,202.277,446.743,182.865,109.465,290.543,235.571,223.796,226.893,97.327,105.137,100.41,95.223,21.91,25.22,19.84,90.7,332489.55,876977.02,3048.285,13.1924
6/1/2015,15873.338,13116.2,94.966,1309833.0,437951.0,100.4588,100.227,100.7062,100.2022,98.3485,100.7498,101.3761,100.7524,100.4357,99.0809,99.9985,101.7809,90.8808,76.2482,5248.0,0.636352613,157062.0,148816.0,5.3,28.4,2309.0,2396.0,3560.0,1398.0,2162.0,273750,141709.0,19565.0,765.3,6441.0,12307.0,7745.0,4562.0,122144.0,26764.0,5785.7,15567.8,8115.0,22015.0,41.2,4.4,41.8,1205.0,219.0,146.0,552.0,288.0,1379.0,281.0,185.0,608.0,305.0,192903.0,228948.0,74493.0,1227278.0,1808412.0,1.38,3014.8,12004.6,5051.2,3919.6,2611.1,2611.0,1880.1555,3749.7493,2519750.71,162.7851095,2099.29,1.9882913,20.415111,0.13,0.18,0.02,0.09,0.28,1.68,2.36,4.19,5.13,0.05,-0.11,-0.04,0.15,1.55,2.23,4.06,5.0,106.4023,0.9321,123.7186,1.5576,1.2365,196.2,207.6,190.3,200.5,59.82,179.3,237.657,125.51,203.86,446.33,183.424,109.425,291.315,236.22,224.418,227.591,97.516,104.971,100.694,95.434,21.98,25.26,19.9,96.1,334772.03,881240.08,3053.5681,14.5708
7/1/2015,15899.39,13138.7,95.319,1313431.0,441942.0,101.0893,100.9588,101.6983,101.6955,103.1196,101.2835,101.1292,101.2576,101.7467,99.1922,100.7387,101.5231,92.3674,76.8548,6056.0,0.741520754,156997.0,148830.0,5.2,28.1,2574.0,2222.0,3389.0,1261.0,2127.0,277750,141991.0,19602.0,754.0,6472.0,12323.0,7748.0,4575.0,122389.0,26802.0,5784.1,15582.8,8134.0,22050.0,41.2,4.3,41.8,1146.0,155.0,172.0,551.0,268.0,1140.0,118.0,175.0,570.0,277.0,191870.0,228347.0,71572.0,1225348.0,1809379.0,1.38,3035.1,12048.3,5061.6,3961.2,2649.3,2649.1,1889.5042,3761.8995,2532694.62,163.2038083,2094.14,2.0054374,20.502192,0.13,0.19,0.03,0.12,0.3,1.63,2.32,4.15,5.2,0.06,-0.1,-0.01,0.17,1.5,2.19,4.02,5.07,108.7243,0.9547,123.3109,1.556,1.2863,196.0,207.3,189.9,194.4,50.9,172.8,238.034,125.689,204.166,446.953,183.437,109.242,292.022,236.623,224.536,227.956,97.605,104.672,100.766,95.584,21.97,25.18,19.94,93.1,336452.83,885069.75,3042.9951,14.6217
8/1/2015,15930.975,13165.5,95.554,1315072.0,441849.0,100.9165,101.0746,101.7063,101.7405,100.6829,102.0556,100.8117,100.7168,100.5893,98.7429,100.4158,102.6293,93.0442,76.6364,5467.0,0.684059059,157172.0,149181.0,5.1,28.4,2073.0,2329.0,3454.0,1283.0,2172.0,275200,142125.0,19602.0,740.5,6490.0,12318.0,7747.0,4571.0,122523.0,26822.0,5785.2,15589.2,8145.0,22060.0,41.3,4.3,41.8,1130.0,113.0,151.0,622.0,244.0,1165.0,115.0,174.0,583.0,293.0,187210.0,222335.0,70552.0,1218805.0,1812159.0,1.4,3014.3,12093.1,5080.4,3984.0,2666.1,2665.8,1903.4103,3777.818,2545650.91,163.7021903,2039.87,2.0713738,20.176149,0.14,0.26,0.07,0.22,0.38,1.54,2.17,4.04,5.19,0.12,-0.07,0.08,0.24,1.4,2.03,3.9,5.05,108.9814,0.9685,123.0038,1.5578,1.3147,195.3,206.3,188.6,188.3,42.87,166.1,238.033,126.166,202.609,446.612,182.94,109.057,292.472,236.529,224.301,227.969,97.612,104.311,100.475,95.734,22.02,25.22,19.97,91.9,338838.14,887603.38,3057.5251,19.9964
9/1/2015,15973.484,13200.8,95.61,1327948.0,439867.0,100.633,100.5852,101.0959,101.3891,100.2604,101.7247,99.798,100.7005,100.1137,99.4815,100.1439,102.2478,94.7326,76.4433,5488.0,0.694068547,156733.0,148826.0,5.0,25.7,2364.0,2274.0,3332.0,1234.0,2097.0,269500,142275.0,19614.0,727.9,6508.0,12326.0,7745.0,4581.0,122661.0,26810.0,5775.2,15579.8,8152.0,22040.0,41.2,4.2,41.8,1224.0,130.0,139.0,653.0,302.0,1144.0,117.0,178.0,568.0,281.0,185433.0,217744.0,64849.0,1207218.0,1815441.0,1.4,3038.0,12154.3,5117.6,4028.5,2701.3,2701.0,1915.348,3794.9981,2567179.48,164.8745692,1945.41,2.1862673,19.472876,0.14,0.27,0.02,0.18,0.37,1.49,2.17,4.07,5.34,0.13,-0.12,0.04,0.23,1.35,2.03,3.93,5.2,108.8842,0.9725,120.1476,1.5338,1.3266,192.9,202.8,186.0,184.4,45.48,168.4,237.498,126.011,197.162,447.648,181.17,109.148,293.125,235.792,223.226,227.37,97.477,104.428,99.333,95.868,21.99,24.94,20.06,87.2,343472.98,896125.29,3048.8949,24.2515
10/1/2015,16012.028,13235.8,95.676,1325144.0,438693.0,100.1563,100.2812,100.5114,100.9574,100.1984,101.1837,98.9827,100.002,100.0835,99.3919,100.0123,100.9955,94.5403,76.3444,5773.0,0.728730119,157167.0,149246.0,5.0,27.5,2372.0,2277.0,3342.0,1212.0,2130.0,267000,142579.0,19651.0,717.8,6547.0,12334.0,7742.0,4592.0,122928.0,26851.0,5776.3,15619.3,8167.0,22056.0,41.3,4.3,41.8,1058.0,132.0,171.0,518.0,237.0,1160.0,127.0,173.0,597.0,263.0,184546.0,226517.0,74760.0,1207516.0,1818071.0,1.41,3017.9,12205.6,5134.2,4060.5,2725.9,2725.7,1930.1677,3812.6222,2581090.32,165.3697027,2071.18,2.1139432,20.548919,0.12,0.25,0.02,0.11,0.26,1.39,2.07,3.95,5.34,0.13,-0.1,-0.01,0.14,1.27,1.95,3.83,5.22,108.323,0.9687,120.0481,1.5343,1.3072,192.4,202.2,185.2,181.9,46.22,168.9,237.733,125.323,196.445,450.681,180.851,108.995,293.897,236.022,223.283,227.484,97.477,104.143,99.185,95.955,22.13,25.37,20.05,90.0,343060.1,896866.51,3059.3653,16.4927
11/1/2015,16009.52,13227.7,95.835,1322511.0,440303.0,99.4366,99.8563,99.8748,100.6696,99.3564,101.0595,97.5686,98.9016,99.3707,99.6546,99.7698,96.3607,94.6535,76.1487,5708.0,0.7135,157463.0,149463.0,5.1,27.9,2382.0,2296.0,3347.0,1273.0,2074.0,268500,142808.0,19682.0,703.5,6598.0,12329.0,7728.0,4601.0,123126.0,26875.0,5778.6,15625.5,8182.0,22081.0,41.2,4.2,41.8,1172.0,126.0,167.0,607.0,272.0,1244.0,123.0,205.0,613.0,303.0,183760.0,224319.0,69416.0,1205052.0,1814988.0,1.41,3074.6,12296.9,5166.4,4006.7,2660.3,2660.2,1946.3666,3847.6364,2592818.12,166.0423761,2080.62,2.0713377,21.443582,0.12,0.3,0.12,0.32,0.48,1.67,2.26,4.06,5.46,0.18,0.0,0.2,0.36,1.55,2.14,3.94,5.34,111.4416,1.0098,122.6432,1.5194,1.3279,192.6,202.5,184.4,173.4,42.44,160.4,238.017,125.724,196.644,452.225,180.652,108.765,294.62,236.388,223.407,227.713,97.538,103.808,99.144,96.103,22.14,25.44,20.04,91.3,341299.23,895145.34,3083.5178,16.177
12/1/2015,16077.429,13278.2,96.138,1320606.0,442149.0,98.9471,99.2707,99.1294,100.0377,99.4484,100.2126,96.5789,98.5362,99.1674,99.6924,99.5068,93.6802,93.6334,75.9268,5845.0,0.739218414,158035.0,150128.0,5.0,27.9,2399.0,2191.0,3359.0,1232.0,2127.0,271000,143077.0,19709.0,694.5,6630.0,12333.0,7721.0,4612.0,123368.0,26909.0,5775.9,15630.8,8189.0,22097.0,41.3,4.2,41.8,1146.0,155.0,164.0,586.0,241.0,1211.0,172.0,172.0,609.0,258.0,180442.0,217570.0,59983.0,1201437.0,1811571.0,1.43,3106.3,12368.2,5201.9,3835.8,2481.2,2481.1,1952.8521,3871.0898,2502140.56,159.6934314,2054.08,2.1123812,21.541235,0.24,0.54,0.23,0.49,0.65,1.7,2.24,3.97,5.46,0.3,-0.01,0.25,0.41,1.46,2.0,3.73,5.22,111.7345,0.9951,121.635,1.4981,1.3713,191.3,200.6,182.3,166.2,37.19,158.7,237.761,126.042,194.728,452.732,179.745,108.539,295.032,236.141,222.79,227.426,97.456,103.573,98.538,96.204,22.2,25.46,20.1,92.6,303274.28,737406.52,3110.5042,18.3855
1/1/2016,16098.568,13294.9,96.299,1321509.0,439466.0,99.4391,99.9153,99.9105,101.4048,100.5843,101.6483,96.5745,98.8294,99.2499,100.3049,99.8812,99.5978,94.799,76.1819,6012.0,0.788252262,158280.0,150653.0,4.8,29.1,2166.0,2290.0,3217.0,1136.0,2081.0,279600,143210.0,19717.0,679.8,6631.0,12354.0,7733.0,4621.0,123493.0,26915.0,5779.7,15664.8,8207.0,22114.0,41.4,4.3,41.9,1092.0,142.0,147.0,557.0,246.0,1171.0,87.0,198.0,571.0,315.0,179080.0,228982.0,76295.0,1205653.0,1810707.0,1.43,3107.2,12505.5,5262.1,3792.7,2440.0,2439.9,1963.8478,3890.8642,2516159.89,160.3109101,1918.6,2.270058,20.38161,0.34,0.57,0.26,0.43,0.54,1.52,2.09,4.0,5.45,0.23,-0.08,0.09,0.2,1.18,1.75,3.66,5.11,113.245,1.0082,118.2258,1.4392,1.4208,190.8,199.9,180.3,165.2,31.68,157.1,237.652,124.999,192.648,454.194,178.786,108.232,295.76,235.989,222.267,227.247,97.496,103.528,97.953,96.446,22.21,25.44,20.15,92.0,301937.16,736107.18,3117.7269,23.5714
2/1/2016,16107.427,13288.1,96.941,1332078.0,443117.0,98.9232,99.4932,99.4057,101.2089,100.212,101.5049,96.0714,98.1901,98.9591,100.1114,99.5336,100.3065,98.7116,75.8794,5770.0,0.749156063,158640.0,150939.0,4.9,29.4,2235.0,2187.0,3313.0,1163.0,2150.0,266750,143407.0,19687.0,657.8,6640.0,12337.0,7720.0,4617.0,123720.0,26978.0,5775.4,15715.1,8210.0,22138.0,41.1,4.3,41.8,1225.0,82.0,209.0,625.0,309.0,1172.0,125.0,177.0,568.0,302.0,177435.0,216792.0,67281.0,1198700.0,1806025.0,1.43,3142.5,12577.7,5299.5,3872.5,2510.9,2510.8,1987.1478,3917.0042,2530907.13,161.2463847,1903.03,2.295537,20.5080993,0.38,0.54,0.31,0.44,0.53,1.22,1.78,3.96,5.34,0.16,-0.07,0.06,0.15,0.84,1.4,3.58,4.96,110.8855,0.992,114.6155,1.429,1.3797,189.4,197.8,178.9,162.1,30.32,163.6,237.336,125.898,188.784,456.922,177.511,108.26,296.387,235.585,221.518,226.792,97.445,103.402,97.216,96.614,22.2,25.35,20.19,91.7,299566.48,731626.57,3127.8,22.5028
3/1/2016,16106.421,13286.4,96.58,1332612.0,441856.0,98.1635,98.7302,98.5437,100.2972,99.8254,100.4363,95.4651,97.4331,98.5354,100.5633,99.4456,91.1541,99.3387,75.7697,6129.0,0.769878156,159179.0,151218.0,5.0,28.3,2419.0,2168.0,3379.0,1148.0,2231.0,263250,143662.0,19682.0,638.6,6678.0,12313.0,7698.0,4615.0,123980.0,27054.0,5779.9,15769.3,8226.0,22178.0,41.0,4.3,41.8,1111.0,153.0,161.0,537.0,260.0,1118.0,98.0,184.0,573.0,263.0,179287.0,218388.0,64049.0,1196009.0,1812317.0,1.43,3157.8,12628.6,5304.4,3898.4,2519.7,2519.7,2017.6235,3942.8999,2546978.72,161.9020774,2021.95,2.1701822,21.97261893,0.36,0.55,0.29,0.46,0.66,1.38,1.89,3.82,5.13,0.19,-0.07,0.1,0.3,1.02,1.53,3.46,4.77,108.9972,0.9811,112.9317,1.4249,1.3226,189.8,198.5,179.4,164.4,37.55,168.6,238.08,125.843,191.583,457.723,178.319,108.137,297.073,236.534,222.319,227.532,97.673,103.078,97.74,96.832,22.36,25.7,20.26,91.0,298976.54,732221.29,3141.7706,15.6595
4/1/2016,16081.685,13263.0,96.836,1331387.0,444254.0,98.4775,99.2616,99.1671,101.3953,101.116,101.4768,95.3634,97.462,98.664,99.6067,99.3157,101.9221,97.3584,75.6252,5803.0,0.71935044,159141.0,151074.0,5.1,27.9,2594.0,2132.0,3357.0,1209.0,2147.0,266000,143855.0,19705.0,626.6,6702.0,12325.0,7703.0,4622.0,124150.0,27072.0,5784.3,15767.2,8249.0,22184.0,41.1,4.3,41.8,1163.0,119.0,207.0,601.0,236.0,1160.0,111.0,187.0,577.0,285.0,181439.0,229837.0,75917.0,1202356.0,1817906.0,1.43,3200.1,12707.6,5317.2,3872.9,2487.0,2486.9,2033.446,3960.2705,2562076.86,162.5796763,2075.54,2.123462,22.72964724,0.37,0.55,0.23,0.37,0.56,1.26,1.81,3.62,4.79,0.18,-0.14,0.0,0.19,0.89,1.44,3.25,4.42,106.563,0.9634,109.5519,1.4319,1.2818,190.4,199.2,180.2,168.6,40.75,167.8,238.992,125.782,194.491,459.245,179.289,107.939,297.918,237.554,223.31,228.414,97.993,103.45,98.295,97.074,22.45,25.72,20.38,89.0,298098.08,732085.45,3165.2017,14.216
5/1/2016,16074.046,13253.1,96.995,1323914.0,445490.0,98.2549,98.9844,98.8304,100.9833,99.6777,101.3739,95.1439,97.3084,98.865,99.813,99.2456,100.7083,97.8912,75.5269,5777.0,0.754966022,158784.0,151132.0,4.8,26.9,2264.0,2264.0,3022.0,1096.0,1925.0,274500,143900.0,19659.0,615.5,6689.0,12303.0,7678.0,4625.0,124241.0,27089.0,5781.9,15772.9,8265.0,22199.0,41.1,4.2,41.9,1148.0,83.0,191.0,597.0,277.0,1205.0,106.0,178.0,587.0,334.0,181048.0,223117.0,74675.0,1203918.0,1823582.0,1.43,3236.8,12774.6,5332.6,3836.5,2443.8,2443.7,2048.1212,3986.5424,2576691.76,163.3174302,2065.55,2.143093,22.78493467,0.37,0.57,0.27,0.41,0.59,1.3,1.81,3.65,4.68,0.2,-0.1,0.04,0.22,0.93,1.44,3.28,4.31,106.972,0.9777,108.8481,1.4524,1.2945,191.1,200.2,181.3,174.2,46.71,168.7,239.557,126.707,195.474,460.487,179.478,107.693,298.863,238.265,223.712,228.947,98.153,103.112,98.29,97.357,22.51,25.88,20.41,94.7,297912.0,732610.29,3189.1285,14.7401
6/1/2016,16090.905,13272.8,97.426,1331850.0,450237.0,98.7315,99.4544,99.4332,101.9171,101.7711,101.9584,95.1924,97.7918,99.3524,99.2212,99.4759,104.4357,99.8463,75.6609,5742.0,0.741477273,158967.0,151223.0,4.9,28.0,2396.0,2195.0,3103.0,1117.0,1986.0,265250,144146.0,19679.0,605.5,6701.0,12321.0,7675.0,4646.0,124467.0,27107.0,5777.1,15790.0,8281.0,22180.0,41.2,4.3,41.8,1203.0,116.0,191.0,591.0,305.0,1208.0,118.0,175.0,613.0,302.0,182754.0,206910.0,61173.0,1189742.0,1823476.0,1.41,3242.5,12835.1,5343.0,3825.5,2427.5,2427.3,2050.7824,4008.4703,2589239.33,163.6542487,2083.89,2.13351,23.13698725,0.38,0.55,0.27,0.4,0.55,1.17,1.64,3.5,4.53,0.17,-0.11,0.02,0.17,0.79,1.26,3.12,4.15,106.8843,0.9695,105.3509,1.4197,1.2894,192.4,201.8,182.6,178.5,48.76,170.2,240.222,126.276,197.236,462.09,179.948,107.29,299.729,239.059,224.268,229.567,98.325,102.49,98.74,97.561,22.63,26.06,20.47,93.5,298182.29,732442.74,3208.6861,18.5502
7/1/2016,16159.383,13334.6,97.604,1330786.0,449789.0,98.8452,99.5382,99.321,101.7316,101.9406,101.6665,95.2321,97.9427,99.4623,99.316,99.5257,105.3252,100.1217,75.664,5962.0,0.780264363,159194.0,151554.0,4.8,27.8,2203.0,2282.0,3165.0,1222.0,1943.0,259400,144520.0,19729.0,601.2,6735.0,12342.0,7688.0,4654.0,124791.0,27153.0,5781.5,15805.2,8304.0,22289.0,41.3,4.3,42.0,1239.0,133.0,158.0,643.0,305.0,1198.0,110.0,196.0,614.0,278.0,181796.0,216155.0,67180.0,1185098.0,1825078.0,1.42,3242.1,12889.3,5368.3,3772.5,2371.2,2371.0,2057.7702,4031.4991,2602574.85,163.7715036,2148.9,2.07780725,24.09668975,0.39,0.62,0.3,0.39,0.51,1.07,1.5,3.28,4.22,0.23,-0.09,0.0,0.12,0.68,1.11,2.89,3.83,108.7294,0.983,104.191,1.3134,1.3052,192.4,202.0,183.1,179.1,44.65,174.8,240.101,125.881,194.654,464.439,178.87,107.099,300.499,238.924,223.825,229.334,98.342,102.153,98.152,97.816,22.65,26.08,20.49,90.0,298196.36,732272.62,3243.7904,13.0704
8/1/2016,16177.334,13344.9,97.709,1340941.0,449946.0,98.7427,99.502,99.4213,101.8969,101.4605,102.0275,94.9925,97.7518,98.9355,99.0409,99.1527,107.9428,100.8891,75.3548,5677.0,0.729316547,159562.0,151779.0,4.9,27.2,2285.0,2352.0,3063.0,1094.0,1970.0,263500,144662.0,19702.0,596.4,6736.0,12319.0,7667.0,4652.0,124960.0,27199.0,5784.1,15822.3,8320.0,22284.0,41.1,4.3,41.8,1171.0,134.0,170.0,572.0,295.0,1201.0,125.0,190.0,593.0,293.0,181838.0,217584.0,65989.0,1182069.0,1825382.0,1.42,3310.8,12973.6,5393.4,3816.7,2413.5,2413.3,2051.3597,4054.8562,2620288.36,164.4742337,2177.48,2.065455215,24.4730789,0.4,0.73,0.3,0.44,0.57,1.13,1.56,3.32,4.24,0.33,-0.1,0.04,0.17,0.73,1.16,2.92,3.84,107.5345,0.9711,101.2383,1.3101,1.2998,191.8,201.2,183.0,176.8,44.72,174.4,240.545,126.148,194.205,469.02,178.825,106.915,301.354,239.423,224.119,229.587,98.479,101.912,98.246,98.023,22.68,26.1,20.55,89.8,303778.76,737906.29,3263.8271,12.2931
9/1/2016,16215.456,13385.3,97.97,1342844.0,453056.0,98.6552,99.4196,99.2218,101.6979,101.8881,101.6413,94.5995,97.6564,98.7136,100.0523,99.3548,104.5152,101.5359,75.4944,5868.0,0.737834779,159714.0,151761.0,5.0,26.5,2600.0,2288.0,3117.0,1184.0,1933.0,251500,144967.0,19730.0,594.7,6768.0,12317.0,7662.0,4655.0,125237.0,27211.0,5794.5,15829.4,8327.0,22323.0,41.2,4.3,41.9,1068.0,94.0,152.0,543.0,279.0,1303.0,152.0,185.0,626.0,340.0,183088.0,217396.0,66305.0,1177185.0,1827914.0,1.41,3319.6,13033.8,5404.3,3735.9,2325.1,2324.9,2070.3166,4074.6883,2637312.91,164.8413292,2157.69,2.086954104,24.37261713,0.4,0.75,0.29,0.46,0.59,1.18,1.63,3.41,4.31,0.35,-0.11,0.06,0.19,0.78,1.23,3.01,3.91,107.8257,0.9732,101.7843,1.314,1.3108,192.6,202.3,183.7,175.8,45.18,173.0,241.176,125.914,195.762,469.816,179.502,106.752,301.954,240.147,224.612,230.209,98.666,101.825,98.706,98.168,22.72,26.17,20.55,91.2,307440.09,740902.74,3297.0895,14.1336
10/1/2016,16243.304,13402.3,97.925,1344497.0,453847.0,98.7237,99.2504,99.0814,101.1781,102.4966,100.7845,95.1005,98.0345,99.2635,100.1126,99.4922,99.1893,100.3847,75.5984,5591.0,0.715785431,159605.0,151793.0,4.9,26.6,2434.0,2273.0,3136.0,1190.0,1946.0,255800,145066.0,19759.0,593.5,6799.0,12316.0,7662.0,4654.0,125307.0,27235.0,5799.7,15830.8,8333.0,22295.0,41.3,4.4,42.0,1313.0,160.0,193.0,621.0,339.0,1254.0,120.0,196.0,595.0,343.0,182664.0,233461.0,81927.0,1190585.0,1829791.0,1.41,3332.0,13107.1,5422.0,3572.1,2156.1,2155.9,2086.261,4097.5204,2651546.17,165.1086697,2143.02,2.111661736,24.24287799,0.4,0.72,0.33,0.47,0.66,1.27,1.76,3.51,4.38,0.32,-0.07,0.07,0.26,0.87,1.36,3.11,3.98,110.1048,0.9876,103.9075,1.233,1.3251,193.7,203.8,184.2,174.0,49.78,175.7,241.741,126.521,197.151,469.749,180.091,106.578,302.528,240.792,225.01,230.801,98.868,101.603,99.141,98.363,22.77,26.24,20.58,87.2,306770.95,739188.6,3321.2641,14.5743
11/1/2016,16286.542,13450.8,98.09,1345017.0,453892.0,98.3443,98.807,98.4422,100.1169,100.8873,99.8882,95.1555,97.7378,98.895,100.7322,99.4256,94.1618,100.7835,75.5624,5971.0,0.790546803,159506.0,151954.0,4.7,25.9,2404.0,2163.0,2973.0,1108.0,1865.0,245750,145183.0,19781.0,596.8,6823.0,12311.0,7655.0,4656.0,125402.0,27209.0,5801.1,15785.8,8344.0,22277.0,41.3,4.3,41.9,1140.0,82.0,214.0,579.0,265.0,1230.0,116.0,185.0,598.0,331.0,181350.0,216353.0,62923.0,1187293.0,1841461.0,1.42,3347.1,13180.6,5445.9,3629.8,2201.7,2201.6,2089.4401,4109.6397,2663817.1,165.3764124,2164.99,2.100548578,24.52572996,0.41,0.71,0.45,0.57,0.74,1.6,2.14,3.86,4.71,0.3,0.04,0.16,0.33,1.19,1.73,3.45,4.3,112.0601,0.9963,108.443,1.2432,1.3434,193.3,203.1,184.4,174.8,45.66,181.3,242.026,126.605,197.331,469.914,179.833,106.337,303.279,241.133,225.079,231.092,98.901,100.88,99.04,98.552,22.79,26.25,20.58,93.8,306128.76,738291.63,3316.6831,14.994
12/1/2016,16334.247,13499.3,98.78,1361415.0,459305.0,99.0406,99.7444,99.8519,101.6344,101.2588,101.7481,96.3252,98.1186,98.8489,99.6081,99.4723,106.6568,100.7269,75.6277,5964.0,0.792979657,159678.0,152157.0,4.7,26.3,2354.0,2117.0,3101.0,1241.0,1860.0,252200,145408.0,19789.0,596.4,6818.0,12324.0,7663.0,4661.0,125619.0,27270.0,5797.1,15818.6,8370.0,22304.0,41.1,4.2,41.9,1252.0,90.0,221.0,555.0,386.0,1248.0,118.0,182.0,612.0,336.0,191429.0,219525.0,65468.0,1184504.0,1845368.0,1.39,3345.4,13225.8,5450.9,3531.6,2095.3,2095.2,2083.6422,4114.814,2676340.16,165.3848392,2246.63,2.034157828,25.36238663,0.54,0.87,0.51,0.63,0.87,1.96,2.49,4.06,4.83,0.33,-0.03,0.09,0.33,1.42,1.95,3.52,4.29,114.0189,1.0194,115.9981,1.2483,1.3339,195.0,205.4,185.5,187.1,51.97,179.3,242.637,126.185,199.146,470.539,180.321,106.207,304.027,241.84,225.608,231.701,99.071,100.611,99.345,98.747,22.81,26.26,20.62,98.2,305479.85,737883.55,3311.0598,12.3985
1/1/2017,16383.236,13541.3,98.839,1365202.0,464412.0,98.8158,99.1973,99.0866,100.3599,101.4888,100.0282,96.4104,98.3143,99.7462,100.0603,99.6473,97.3831,100.0341,75.8061,5617.0,0.752142475,159620.0,152152.0,4.7,25.3,2424.0,2034.0,3063.0,1197.0,1866.0,244000,145628.0,19821.0,597.8,6840.0,12334.0,7670.0,4664.0,125807.0,27314.0,5802.5,15872.6,8397.0,22316.0,41.1,4.1,41.9,1190.0,119.0,193.0,653.0,225.0,1303.0,147.0,198.0,665.0,293.0,190990.0,219277.0,68586.0,1180859.0,1849352.0,1.39,3399.1,13300.3,5459.5,3595.5,2158.5,2158.5,2082.1871,4133.4337,2689873.83,165.0907938,2275.12,2.018648101,25.38653551,0.65,0.9,0.51,0.61,0.83,1.92,2.43,3.92,4.66,0.25,-0.14,-0.04,0.18,1.27,1.78,3.27,4.01,113.0816,1.0075,114.8721,1.2367,1.3183,196.6,207.6,187.7,193.7,52.5,181.2,243.618,126.044,202.082,471.484,181.536,106.536,304.871,242.92,226.707,232.681,99.451,101.088,100.045,99.015,22.87,26.4,20.62,98.5,304911.01,735727.48,3321.2943,11.6213
2/1/2017,16431.536,13589.2,98.892,1363025.0,464284.0,98.4356,98.4638,98.1001,98.8982,101.0387,98.2691,96.3979,98.3954,99.501,100.3251,99.5373,86.795,99.9939,75.783,5923.0,0.80268329,159859.0,152480.0,4.6,25.5,2511.0,2129.0,2835.0,1032.0,1803.0,230250,145848.0,19887.0,605.7,6881.0,12350.0,7667.0,4683.0,125961.0,27311.0,5804.9,15851.4,8400.0,22326.0,41.2,4.2,41.9,1271.0,113.0,180.0,645.0,333.0,1234.0,108.0,241.0,610.0,275.0,188937.0,221514.0,70753.0,1179919.0,1852213.0,1.39,3409.9,13367.0,5478.1,3746.4,2302.9,2302.9,2082.5725,4142.5165,2700677.72,165.0427916,2329.91,1.980906272,25.72972982,0.66,0.87,0.52,0.64,0.82,1.9,2.42,3.95,4.64,0.21,-0.14,-0.02,0.16,1.24,1.76,3.29,3.98,112.3228,1.001,112.9116,1.2495,1.3109,197.2,208.3,189.0,193.2,53.47,186.6,244.006,126.058,201.566,473.139,181.425,106.45,305.741,243.265,226.949,233.011,99.586,101.059,99.999,99.231,22.86,26.33,20.63,96.3,302927.61,731024.65,3344.1588,11.4539
3/1/2017,16491.77,13642.8,99.331,1360169.0,463674.0,99.0492,98.9221,98.7128,99.4453,99.6036,99.4002,97.1019,99.2121,99.1826,100.2491,99.1843,98.1169,100.6681,75.5882,5811.0,0.821575004,160137.0,153065.0,4.4,25.1,2327.0,2071.0,2702.0,1024.0,1677.0,233750,145969.0,19923.0,610.1,6902.0,12361.0,7673.0,4688.0,126046.0,27298.0,5807.6,15822.1,8407.0,22329.0,41.0,4.2,41.8,1190.0,116.0,142.0,635.0,297.0,1272.0,133.0,185.0,636.0,318.0,187514.0,222944.0,71783.0,1178835.0,1855778.0,1.39,3455.8,13428.4,5505.9,3856.3,2387.8,2387.8,2064.8393,4151.1216,2711450.01,165.180231,2345.96,1.95959135,25.8888408,0.79,0.98,0.74,0.87,1.01,2.01,2.48,4.01,4.68,0.19,-0.05,0.08,0.22,1.22,1.69,3.22,3.89,112.9909,1.0015,112.9165,1.2347,1.3387,197.1,208.1,189.0,186.7,49.33,185.1,243.892,126.397,201.165,473.685,181.311,106.073,305.619,243.054,226.607,232.866,99.535,100.709,100.003,99.209,22.93,26.43,20.68,96.9,304015.25,731639.29,3359.0656,11.7747
4/1/2017,16521.43,13682.6,99.364,1355381.0,465276.0,100.0416,100.1339,100.2113,100.3568,102.1138,99.8429,100.059,99.9188,100.2603,101.0016,100.3043,98.7815,101.0888,76.5283,6091.0,0.859218508,160345.0,153255.0,4.4,24.1,2324.0,2070.0,2688.0,979.0,1709.0,227800,146174.0,19952.0,618.7,6916.0,12367.0,7676.0,4691.0,126222.0,27301.0,5809.9,15804.0,8424.0,22335.0,41.2,4.3,42.0,1146.0,85.0,204.0,555.0,302.0,1251.0,125.0,191.0,600.0,335.0,186302.0,224150.0,72548.0,1179954.0,1854063.0,1.39,3454.5,13484.4,5522.0,3821.7,2344.8,2344.8,2067.5158,4167.8279,2722876.54,165.2632035,2359.31,1.977696869,25.45676009,0.9,1.03,0.8,0.93,1.04,1.82,2.3,3.87,4.57,0.13,-0.1,0.03,0.14,0.92,1.4,2.97,3.67,112.395,1.0009,110.091,1.2639,1.3437,198.1,209.3,190.1,190.3,51.06,188.1,244.193,126.301,200.904,473.007,181.247,105.91,306.26,243.348,226.746,233.212,99.725,100.574,99.912,99.534,22.94,26.37,20.75,97.0,302075.41,727865.34,3359.3763,13.1576
5/1/2017,16626.085,13780.7,99.427,1360858.0,462754.0,100.128,100.3207,100.5172,100.7504,100.8409,100.7248,99.9488,99.8749,99.5773,101.0673,100.1387,103.1047,101.9586,76.4978,5826.0,0.832285714,160068.0,153069.0,4.4,24.7,2116.0,1970.0,2796.0,1075.0,1721.0,239000,146380.0,19982.0,624.2,6931.0,12377.0,7685.0,4692.0,126398.0,27307.0,5805.6,15785.7,8436.0,22347.0,41.3,4.4,41.9,1157.0,86.0,163.0,583.0,325.0,1208.0,123.0,175.0,594.0,316.0,186648.0,222292.0,70601.0,1174939.0,1858714.0,1.4,3517.8,13536.4,5547.6,3774.4,2288.9,2288.9,2071.7385,4183.9175,2732542.01,164.8771517,2395.35,1.959630117,25.52454652,0.91,1.05,0.89,1.02,1.12,1.84,2.3,3.85,4.55,0.14,-0.02,0.11,0.21,0.93,1.39,2.94,3.64,111.3986,0.9867,112.2436,1.2929,1.3606,196.1,206.7,189.5,189.1,48.48,185.5,244.004,125.651,198.623,472.981,180.2,105.692,306.909,243.071,226.201,233.016,99.682,100.377,99.179,99.727,23.05,26.55,20.79,97.1,303306.64,730438.04,3371.9709,10.7091
6/1/2017,16642.946,13790.9,99.745,1365370.0,465130.0,100.337,100.1867,100.2678,100.2999,100.2512,100.315,99.9525,100.5322,100.1009,101.4938,100.1955,102.2102,101.4631,76.6444,6305.0,0.917357777,160192.0,153318.0,4.3,24.6,2321.0,1924.0,2570.0,916.0,1654.0,248000,146583.0,20029.0,627.5,6962.0,12390.0,7693.0,4697.0,126554.0,27321.0,5810.5,15778.0,8452.0,22360.0,41.3,4.3,42.0,1249.0,163.0,209.0,538.0,339.0,1353.0,107.0,220.0,660.0,366.0,185610.0,236980.0,85817.0,1186858.0,1866682.0,1.4,3525.5,13558.1,5552.9,3762.8,2269.7,2269.6,2072.9162,4195.9339,2744060.86,165.2650482,2433.99,1.940024404,25.58584297,1.04,1.16,0.98,1.09,1.2,1.77,2.19,3.68,4.37,0.12,-0.06,0.05,0.16,0.73,1.15,2.64,3.33,109.7338,0.9681,110.9141,1.281,1.3295,196.2,206.7,189.5,189.1,45.18,186.6,244.163,125.508,198.062,474.492,179.853,105.275,307.581,243.287,226.132,233.113,99.766,100.109,99.07,99.925,23.12,26.68,20.84,95.0,302932.29,734349.43,3363.4091,10.4414
7/1/2017,16698.803,13837.7,99.996,1370870.0,465089.0,100.0865,99.9531,99.948,99.9364,97.4368,100.6652,99.6259,100.2609,99.2459,101.1798,99.8017,102.4191,100.3587,76.4501,6238.0,0.905107371,160462.0,153569.0,4.3,24.6,2075.0,2026.0,2738.0,1018.0,1720.0,250800,146772.0,20038.0,630.6,6968.0,12390.0,7685.0,4705.0,126734.0,27325.0,5815.0,15769.3,8465.0,22374.0,41.2,4.4,41.9,1206.0,119.0,161.0,619.0,307.0,1256.0,120.0,179.0,640.0,317.0,185064.0,217739.0,66068.0,1180389.0,1873901.0,1.4,3546.3,13615.1,5574.4,3795.4,2296.9,2296.8,2076.081,4214.1259,2757327.16,165.4472402,2454.1,1.9370305,25.46526452,1.15,1.22,1.07,1.11,1.22,1.87,2.32,3.7,4.39,0.07,-0.08,-0.04,0.07,0.72,1.17,2.55,3.24,107.0627,0.9604,112.417,1.2996,1.269,196.3,206.9,189.5,189.9,46.63,187.4,244.243,125.368,196.903,476.279,179.472,104.749,308.083,243.314,226.063,233.114,99.803,99.759,99.093,100.026,23.2,26.77,20.92,93.4,303142.79,733893.9,3365.9395,10.2381
8/1/2017,16729.216,13860.4,100.008,1378509.0,466020.0,99.6323,99.772,99.8971,99.6918,98.2306,100.1188,99.9485,99.4544,99.2534,99.1279,99.5729,100.6272,98.8863,76.3832,6276.0,0.886190342,160586.0,153503.0,4.4,24.0,2258.0,2065.0,2794.0,1107.0,1687.0,247750,146919.0,20120.0,634.2,7002.0,12435.0,7721.0,4714.0,126799.0,27333.0,5816.2,15762.8,8476.0,22310.0,41.3,4.4,42.0,1159.0,108.0,169.0,577.0,305.0,1319.0,118.0,189.0,630.0,382.0,188047.0,221312.0,68107.0,1174841.0,1884335.0,1.4,3581.8,13674.3,5577.2,3910.0,2407.2,2407.0,2084.0958,4224.8778,2766407.56,165.3195384,2456.22,1.9482511,25.066911,1.16,1.25,1.01,1.11,1.23,1.78,2.21,3.63,4.31,0.09,-0.15,-0.05,0.07,0.62,1.05,2.47,3.15,105.5474,0.9653,109.827,1.2952,1.2608,197.4,208.4,190.5,188.8,48.04,196.2,245.183,125.39,199.59,477.199,180.41,104.561,308.982,244.355,226.902,234.053,100.027,99.514,99.646,100.222,23.25,26.87,20.94,96.8,302897.66,733237.77,3369.103,11.9212
9/1/2017,16774.796,13903.9,100.555,1385196.0,475724.0,99.7482,100.1158,100.2121,99.5908,99.4964,99.6226,101.4994,99.278,100.3225,95.7049,99.619,99.135,95.5296,76.5252,6320.0,0.922089291,161140.0,154286.0,4.3,26.1,2245.0,1905.0,2707.0,1024.0,1683.0,272400,147007.0,20141.0,635.8,7013.0,12443.0,7732.0,4711.0,126866.0,27355.0,5814.2,15755.6,8479.0,22333.0,41.1,4.4,41.9,1181.0,101.0,191.0,557.0,332.0,1273.0,129.0,195.0,605.0,344.0,189966.0,228782.0,75061.0,1175526.0,1887547.0,1.38,3563.6,13722.7,5568.5,3874.5,2357.9,2357.7,2102.9052,4230.5444,2775483.72,164.7963543,2492.84,1.9323342,24.967327,1.15,1.25,1.03,1.15,1.28,1.8,2.2,3.63,4.3,0.1,-0.12,0.0,0.13,0.65,1.05,2.48,3.15,104.1614,0.9625,110.776,1.334,1.2279,199.0,210.7,191.9,189.7,49.82,200.1,246.435,125.759,204.503,477.19,182.311,104.557,309.625,245.745,228.34,235.36,100.4,99.171,100.885,100.441,23.35,27.05,21.01,95.1,303644.64,733390.53,3378.9459,10.4955
10/1/2017,16841.324,13963.2,100.65,1393064.0,476107.0,100.9893,100.885,101.0355,100.3987,100.2486,100.4455,102.6414,101.1277,100.6792,99.7878,100.6832,101.0526,100.2423,77.4468,6408.0,0.95641791,160309.0,153609.0,4.2,26.2,2126.0,1961.0,2534.0,925.0,1609.0,242250,147150.0,20174.0,637.7,7031.0,12457.0,7742.0,4715.0,126976.0,27374.0,5823.0,15748.5,8482.0,22361.0,41.3,4.5,42.0,1257.0,149.0,200.0,617.0,291.0,1356.0,124.0,196.0,655.0,381.0,192134.0,228333.0,72594.0,1174523.0,1888805.0,1.37,3603.9,13782.0,5588.2,3829.9,2310.9,2310.8,2112.9422,4254.577,2790709.04,164.8303116,2557.0,1.8937557,25.288407,1.15,1.26,1.07,1.23,1.4,1.98,2.36,3.6,4.32,0.11,-0.08,0.08,0.25,0.83,1.21,2.45,3.17,106.0726,0.9821,112.9148,1.3202,1.2607,199.6,211.5,193.0,189.1,51.58,201.6,246.626,125.961,203.282,477.671,181.841,104.278,310.468,245.932,228.179,235.538,100.531,99.471,100.532,100.695,23.35,26.91,21.07,100.7,303662.74,732811.75,3390.4206,10.0785
11/1/2017,16883.564,14028.2,101.202,1403474.0,480949.0,101.2493,100.8846,100.8806,99.9451,99.3265,100.1243,103.1973,101.723,101.2898,100.2254,100.7566,102.2689,100.5161,77.6016,6271.0,0.925745498,160579.0,153805.0,4.2,25.7,2278.0,1886.0,2576.0,987.0,1589.0,247750,147373.0,20231.0,642.1,7068.0,12472.0,7762.0,4710.0,127142.0,27416.0,5822.0,15781.5,8490.0,22379.0,41.5,4.5,42.1,1273.0,92.0,182.0,653.0,346.0,1299.0,115.0,184.0,646.0,354.0,196227.0,230235.0,77182.0,1171994.0,1897677.0,1.36,3622.0,13814.6,5586.5,3907.7,2378.3,2378.2,2106.2299,4274.2719,2803927.99,164.9611996,2593.61,1.8767921,25.331522,1.16,1.32,1.23,1.36,1.56,2.05,2.35,3.57,4.27,0.16,0.07,0.2,0.4,0.89,1.19,2.41,3.11,106.6396,0.9915,112.819,1.3217,1.2773,201.3,213.6,194.2,194.2,56.64,199.0,247.284,125.024,205.698,477.791,182.578,104.423,310.99,246.668,228.86,236.219,100.675,99.185,100.81,100.867,23.42,27.0,21.1,98.5,304490.48,734662.68,3402.6543,10.5077
12/1/2017,16919.258,14062.3,101.992,1412747.0,483586.0,101.4871,101.1652,101.1309,100.3269,99.9242,100.4434,103.217,101.9084,100.841,99.777,100.5591,108.1057,99.2605,77.5404,6336.0,0.955367913,160535.0,153904.0,4.1,24.2,2237.0,1966.0,2448.0,932.0,1516.0,242600,147523.0,20286.0,644.3,7091.0,12501.0,7786.0,4715.0,127237.0,27404.0,5825.8,15740.7,8496.0,22384.0,41.2,4.4,41.8,1177.0,87.0,164.0,570.0,356.0,1311.0,138.0,218.0,606.0,349.0,199415.0,241711.0,76982.0,1180949.0,1904773.0,1.35,3612.6,13873.5,5598.6,3851.0,2309.8,2309.7,2105.3574,4288.7337,2813944.97,164.9614244,2664.34,1.8364773,25.740683,1.3,1.54,1.32,1.47,1.7,2.18,2.4,3.51,4.22,0.24,0.02,0.17,0.4,0.88,1.1,2.21,2.92,106.1181,0.987,112.9405,1.3404,1.2769,201.8,214.4,195.0,195.9,57.88,195.3,247.805,124.234,206.332,478.891,182.758,104.798,311.887,247.19,229.202,236.713,100.821,98.985,100.825,101.109,23.53,27.09,21.21,95.9,305204.44,734548.49,3437.9911,10.234
1/1/2018,16938.615,14042.8,101.886,1394188.0,481414.0,101.4852,101.3054,101.6331,100.7801,100.205,100.9439,103.8096,101.7288,100.9207,98.1457,100.2326,114.9429,98.3789,77.3713,6621.0,1.020342117,160914.0,154425.0,4.0,24.2,2214.0,1895.0,2418.0,952.0,1467.0,235250,147660.0,20318.0,648.3,7093.0,12527.0,7805.0,4722.0,127342.0,27370.0,5820.8,15705.1,8503.0,22374.0,41.1,4.5,41.9,1299.0,112.0,137.0,680.0,370.0,1317.0,104.0,170.0,673.0,370.0,201021.0,228219.0,68859.0,1174734.0,1914289.0,1.37,3659.1,13882.9,5578.6,3824.8,2281.0,2281.0,2109.5759,4305.9283,2825082.37,164.8075961,2789.8,1.7666738,26.521981,1.41,1.63,1.41,1.59,1.8,2.38,2.58,3.55,4.26,0.22,0.0,0.18,0.39,0.97,1.17,2.14,2.85,103.1943,0.9604,110.871,1.3824,1.2429,202.2,214.9,196.5,199.2,63.7,204.3,248.859,124.855,208.964,480.797,183.957,104.71,312.764,248.301,230.339,237.727,101.199,99.324,101.502,101.4,23.61,27.22,21.28,95.7,305154.37,731862.64,3427.6438,10.987
2/1/2018,16963.881,14068.6,101.931,1401163.0,484031.0,101.7319,101.3814,101.3001,100.0299,102.0951,99.4498,104.2913,102.193,101.915,98.5952,101.0827,100.9499,96.5388,78.0999,6552.0,0.995593375,161778.0,155197.0,4.1,22.9,2469.0,1893.0,2306.0,873.0,1432.0,221000,148054.0,20442.0,657.1,7184.0,12551.0,7827.0,4724.0,127612.0,27447.0,5823.3,15753.0,8527.0,22419.0,41.6,4.7,42.3,1277.0,132.0,149.0,610.0,386.0,1321.0,136.0,182.0,639.0,364.0,201031.0,236950.0,73922.0,1175682.0,1924252.0,1.37,3621.3,13919.0,5578.1,3855.1,2305.3,2305.2,2112.0245,4320.386,2838804.51,165.0074407,2705.16,1.8351348,25.334837,1.42,1.78,1.57,1.75,1.96,2.6,2.86,3.82,4.51,0.36,0.15,0.33,0.54,1.18,1.44,2.4,3.09,102.5035,0.9355,107.97,1.3961,1.2588,202.8,215.7,198.1,202.2,62.23,205.0,249.529,125.839,210.466,481.6,184.378,104.694,313.684,249.089,231.049,238.39,101.416,99.039,101.793,101.676,23.72,27.43,21.32,99.7,304658.77,728276.35,3409.1608,22.5922
3/1/2018,17008.963,14103.0,102.226,1398064.0,484110.0,102.1943,101.4483,101.4271,100.1263,103.337,99.2241,104.2973,103.1544,102.0723,99.2209,101.0036,105.4117,97.505,78.1015,6818.0,1.053461063,161686.0,155214.0,4.0,24.0,2303.0,2002.0,2140.0,795.0,1345.0,225800,148280.0,20484.0,664.6,7194.0,12576.0,7853.0,4723.0,127796.0,27519.0,5838.6,15771.1,8538.0,22427.0,41.6,4.6,42.2,1318.0,119.0,182.0,622.0,395.0,1385.0,128.0,200.0,676.0,381.0,201245.0,244343.0,79291.0,1182533.0,1924441.0,1.36,3667.4,13975.8,5599.8,3800.6,2230.9,2230.9,2123.2264,4330.6871,2847237.99,164.8833109,2702.77,1.8499539,25.001027,1.51,2.08,1.7,1.87,2.06,2.63,2.84,3.87,4.64,0.57,0.19,0.36,0.55,1.12,1.33,2.36,3.13,103.1641,0.948,106.0468,1.3976,1.2933,202.8,215.4,198.0,195.7,62.73,202.9,249.577,126.489,208.649,483.078,183.752,104.957,314.414,249.128,230.736,238.371,101.524,98.908,101.505,101.945,23.77,27.43,21.38,101.4,301929.12,722915.87,3395.1664,18.8985
4/1/2018,17028.008,14121.8,102.318,1398213.0,484154.0,103.3551,102.8669,103.0871,101.9465,103.7469,101.4352,105.367,103.9949,102.8235,99.9216,101.6974,118.0918,97.7007,78.692,6877.0,1.0647159,161771.0,155312.0,4.0,22.5,2142.0,1994.0,2263.0,888.0,1375.0,221500,148422.0,20529.0,671.3,7212.0,12595.0,7870.0,4725.0,127893.0,27517.0,5816.3,15770.6,8546.0,22444.0,41.7,4.8,42.4,1276.0,96.0,163.0,674.0,343.0,1378.0,103.0,194.0,742.0,339.0,202459.0,243872.0,75065.0,1185966.0,1930031.0,1.36,3664.0,13993.7,5592.4,3727.1,2151.0,2151.0,2167.1125,4344.8648,2858811.44,164.9755285,2653.63,1.8966472,24.210712,1.69,2.2,1.76,1.93,2.15,2.7,2.87,3.85,4.67,0.51,0.07,0.24,0.46,1.01,1.18,2.16,2.98,103.2399,0.9687,107.6562,1.4079,1.2732,202.8,215.4,199.2,197.2,66.25,205.5,250.227,127.326,209.542,483.577,184.54,104.611,314.9,249.801,231.295,239.027,101.766,99.09,102.014,102.114,23.84,27.5,21.46,98.8,303185.93,724653.79,3372.1743,18.2708
5/1/2018,17072.967,14163.6,102.633,1408616.0,491960.0,102.381,101.1143,100.7436,99.1656,99.7055,99.0025,103.2792,103.9913,102.3037,99.7005,100.8347,103.6017,97.2935,78.0687,7016.0,1.132343447,161848.0,155652.0,3.8,21.1,1997.0,1942.0,2167.0,935.0,1233.0,221250,148740.0,20623.0,675.4,7274.0,12623.0,7885.0,4738.0,128117.0,27565.0,5819.2,15786.1,8572.0,22449.0,41.6,4.5,42.1,1357.0,109.0,239.0,658.0,351.0,1338.0,149.0,213.0,642.0,334.0,202166.0,243168.0,75010.0,1188926.0,1933317.0,1.34,3655.7,14049.4,5602.0,3674.8,2086.6,2086.5,2173.6766,4343.0678,2872798.12,165.0616005,2701.49,1.8752614,24.29129,1.7,2.16,1.86,2.02,2.27,2.82,2.98,4.0,4.83,0.46,0.16,0.32,0.57,1.12,1.28,2.3,3.13,106.0902,0.9969,109.6882,1.347,1.2866,203.8,216.7,200.9,202.7,69.98,206.9,250.792,127.464,210.576,484.543,184.836,104.197,315.763,250.452,231.671,239.573,101.941,98.91,102.195,102.345,23.85,27.53,21.42,98.0,305345.48,726863.08,3386.1352,14.1243
6/1/2018,17140.662,14226.0,102.732,1402036.0,490228.0,103.2256,102.0598,101.9627,100.2704,102.773,99.5651,104.6578,104.7129,103.1046,99.9823,101.5156,106.5382,98.0905,78.6317,7230.0,1.121451838,162210.0,155762.0,4.0,20.8,2269.0,1865.0,2285.0,881.0,1404.0,222600,148959.0,20678.0,681.4,7292.0,12656.0,7911.0,4745.0,128281.0,27542.0,5822.8,15739.8,8590.0,22482.0,41.6,4.5,42.2,1192.0,107.0,164.0,571.0,350.0,1345.0,121.0,179.0,701.0,344.0,204163.0,243778.0,72127.0,1191069.0,1936068.0,1.35,3655.9,14109.7,5621.0,3650.5,2052.7,2052.6,2191.1233,4357.0984,2877167.04,164.5185975,2754.35,1.8512535,24.46181,1.82,2.19,1.9,2.06,2.33,2.78,2.91,3.96,4.83,0.37,0.08,0.24,0.51,0.96,1.09,2.14,3.01,107.3633,0.99,110.0638,1.3294,1.3125,204.0,216.8,201.7,201.2,67.87,208.1,251.018,126.384,210.83,486.209,184.778,104.002,316.311,250.666,231.843,239.731,102.029,98.532,102.186,102.539,23.89,27.56,21.47,98.2,303955.95,724870.16,3417.154,13.5986
7/1/2018,17219.586,14298.5,102.95,1405164.0,493142.0,103.3561,101.8722,101.7022,100.1734,100.6523,100.0225,103.8344,105.2378,102.618,100.9268,101.5645,105.0181,97.5724,78.6973,7190.0,1.160613398,162341.0,156146.0,3.8,23.1,1968.0,1804.0,2422.0,1006.0,1416.0,209500,149020.0,20724.0,680.6,7318.0,12676.0,7928.0,4748.0,128296.0,27545.0,5837.4,15723.2,8600.0,22436.0,41.6,4.5,42.2,1208.0,103.0,180.0,635.0,290.0,1334.0,135.0,188.0,686.0,325.0,205469.0,235786.0,67765.0,1186234.0,1948424.0,1.35,3679.5,14143.9,5630.2,3618.3,2014.6,2014.4,2204.0928,4367.5941,2889348.19,164.2832558,2793.64,1.8413253,24.528192,1.91,2.17,1.96,2.11,2.39,2.78,2.89,3.87,4.79,0.26,0.05,0.2,0.48,0.87,0.98,1.96,2.88,107.7347,0.9948,111.521,1.3162,1.3133,204.4,217.2,202.1,203.1,70.98,197.0,251.214,125.676,210.467,485.246,184.568,104.296,316.923,250.826,231.793,239.981,102.137,98.613,102.004,102.74,23.95,27.73,21.45,97.9,306134.43,726589.62,3428.3904,13.2849
8/1/2018,17282.357,14356.7,103.167,1412014.0,493445.0,104.0585,102.4206,102.4432,100.9669,102.9441,100.4041,104.065,106.1323,103.0619,100.1985,101.8219,106.4473,98.8437,78.9186,7208.0,1.170890188,161660.0,155504.0,3.8,22.4,2241.0,1730.0,2282.0,995.0,1287.0,208500,149279.0,20772.0,687.5,7347.0,12688.0,7936.0,4752.0,128507.0,27602.0,5857.6,15725.1,8612.0,22468.0,41.4,4.5,42.1,1288.0,100.0,184.0,669.0,335.0,1273.0,113.0,194.0,645.0,321.0,206215.0,245657.0,74270.0,1188869.0,1959101.0,1.35,3686.3,14193.6,5639.9,3584.5,1976.1,1975.8,2209.5556,4370.3485,2903867.82,164.3946909,2857.82,1.8157197,24.770053,1.91,2.19,2.03,2.19,2.45,2.77,2.89,3.88,4.77,0.28,0.12,0.28,0.54,0.86,0.98,1.97,2.86,108.2546,0.988,110.9965,1.2878,1.3042,204.6,217.3,202.7,196.1,68.06,191.9,251.663,123.451,211.843,484.273,184.765,104.203,317.557,251.291,232.059,240.497,102.208,98.351,101.985,102.893,24.05,27.82,21.55,96.2,308907.77,728576.85,3427.4873,12.5651
9/1/2018,17275.742,14354.0,102.983,1411531.0,491507.0,104.1038,102.3297,102.4026,100.9698,104.2605,100.0461,103.5427,106.3482,103.4238,100.0393,101.8508,106.0272,99.3037,78.9586,7411.0,1.220319447,162087.0,156015.0,3.7,24.2,2074.0,1731.0,2288.0,936.0,1351.0,205200,149358.0,20823.0,689.4,7375.0,12710.0,7955.0,4755.0,128535.0,27577.0,5852.8,15684.5,8629.0,22474.0,41.2,4.5,42.0,1250.0,142.0,176.0,567.0,365.0,1314.0,105.0,179.0,688.0,342.0,206883.0,247957.0,71722.0,1192854.0,1970647.0,1.36,3694.8,14229.1,5642.4,3559.8,1938.0,1937.7,2225.8849,4389.3417,2913784.09,164.6810462,2901.5,1.8038939,24.78239,1.95,2.24,2.13,2.29,2.56,2.89,3.0,3.98,4.88,0.29,0.18,0.34,0.61,0.94,1.05,2.03,2.93,107.6764,0.9683,112.0974,1.3066,1.3034,205.3,218.1,203.4,198.1,70.23,191.9,252.182,125.143,212.734,485.039,185.277,103.864,318.067,251.834,232.581,241.003,102.418,98.124,102.374,103.118,24.12,27.96,21.6,100.1,307812.02,726601.79,3427.6254,12.845
10/1/2018,17300.819,14370.2,103.284,1406996.0,496416.0,103.9297,102.1457,102.2347,100.9433,103.0796,100.3359,102.6975,106.1874,103.2108,99.5561,101.3675,111.0461,100.9855,78.5991,7304.0,1.175978103,162602.0,156391.0,3.8,23.1,2055.0,1840.0,2268.0,920.0,1348.0,213000,149526.0,20861.0,691.5,7389.0,12731.0,7975.0,4756.0,128665.0,27569.0,5858.7,15641.5,8643.0,22479.0,41.3,4.5,42.1,1221.0,97.0,185.0,605.0,334.0,1272.0,139.0,184.0,626.0,323.0,207747.0,238903.0,69133.0,1187856.0,1981377.0,1.36,3722.9,14241.1,5634.0,3520.9,1895.8,1895.6,2250.5491,4398.2859,2925906.15,164.8416405,2785.46,1.8959167,23.401653,2.19,2.37,2.25,2.4,2.65,3.0,3.15,4.14,5.07,0.18,0.06,0.21,0.46,0.81,0.96,1.95,2.88,108.5969,0.994,112.7218,1.3012,1.3004,206.9,220.2,204.7,204.4,70.75,190.7,252.772,126.021,213.82,485.652,185.742,104.157,318.794,252.534,233.069,241.592,102.595,98.174,102.589,103.303,24.22,28.06,21.68,98.6,308836.55,727380.46,3427.9268,19.7307
11/1/2018,17339.645,14411.1,103.835,1411645.0,498854.0,104.0126,101.9355,102.1601,101.2514,103.035,100.7405,101.4561,106.6387,103.2087,99.546,101.1091,114.597,100.6703,78.4132,7594.0,1.241864268,162836.0,156721.0,3.8,22.1,2168.0,1807.0,2131.0,904.0,1228.0,225250,149617.0,20861.0,686.6,7386.0,12741.0,7983.0,4758.0,128756.0,27638.0,5864.4,15685.5,8651.0,22473.0,41.2,4.5,41.9,1181.0,106.0,149.0,648.0,278.0,1340.0,130.0,177.0,709.0,324.0,203333.0,235930.0,67146.0,1178890.0,1981063.0,1.37,3697.3,14260.5,5645.6,3476.3,1840.8,1840.7,2274.048,4403.7241,2939159.0,165.1611906,2723.23,1.9565002,22.633748,2.2,2.56,2.33,2.46,2.7,2.95,3.12,4.22,5.22,0.36,0.13,0.26,0.5,0.75,0.92,2.02,3.02,109.6847,1.0011,113.338,1.29,1.3205,205.2,217.6,203.1,197.9,56.96,188.3,252.594,125.099,211.019,487.615,184.729,104.55,319.438,252.22,232.511,241.313,102.63,98.271,101.912,103.549,24.31,28.17,21.78,97.5,310232.83,726878.5,3441.5834,19.3379
12/1/2018,17538.653,14599.3,102.947,1408513.0,489113.0,104.0451,101.9054,102.0752,101.126,105.3051,99.9573,100.8977,106.751,103.6838,99.8561,101.4569,107.53,101.4301,78.6975,7489.0,1.172170919,163206.0,156817.0,3.9,21.9,2149.0,2033.0,2240.0,934.0,1306.0,224600,149809.0,20900.0,693.5,7396.0,12761.0,8000.0,4761.0,128909.0,27580.0,5871.4,15635.3,8661.0,22511.0,41.4,4.5,42.1,1095.0,109.0,129.0,624.0,233.0,1317.0,117.0,138.0,708.0,354.0,200731.0,243401.0,72844.0,1177839.0,1995882.0,1.4,3761.0,14382.3,5689.9,3400.7,1759.9,1759.8,2303.6527,4412.4644,2953194.51,163.953416,2567.31,2.0936311,21.107893,2.27,2.69,2.37,2.48,2.66,2.68,2.83,4.02,5.13,0.42,0.1,0.21,0.39,0.41,0.56,1.75,2.86,110.2118,0.9919,112.1994,1.2664,1.3436,204.4,216.3,200.7,203.5,49.52,189.2,252.767,124.356,208.595,488.82,183.966,104.717,320.612,252.27,232.423,241.438,102.701,98.259,101.166,103.887,24.36,28.19,21.82,98.3,311577.7,728256.33,3499.7273,25.1541
1/1/2019,17612.196,14598.4,103.243,1411462.0,490440.0,103.3598,101.203,101.1897,100.2999,99.8629,100.3995,99.4985,106.0886,102.0294,99.0664,100.5267,107.2822,103.498,77.9912,7502.0,1.158610039,162963.0,156487.0,4.0,20.5,2336.0,1980.0,2168.0,881.0,1287.0,222750,150059.0,20960.0,695.6,7425.0,12790.0,8025.0,4765.0,129099.0,27633.0,5877.0,15617.4,8671.0,22508.0,41.6,4.4,42.0,1226.0,135.0,133.0,678.0,280.0,1254.0,135.0,178.0,619.0,322.0,200460.0,236180.0,70506.0,1171009.0,2010864.0,1.41,3754.1,14445.7,5719.7,3346.9,1707.3,1707.2,2325.3631,4429.1627,2966088.47,164.0662701,2607.39,2.0766616,21.10153,2.4,2.59,2.37,2.45,2.58,2.54,2.71,3.93,5.12,0.19,-0.03,0.05,0.18,0.14,0.31,1.53,2.72,109.1527,0.9897,108.9605,1.2901,1.33,202.5,213.2,198.6,192.9,51.38,187.3,252.561,124.466,205.719,489.968,183.057,105.191,321.127,251.933,231.82,241.168,102.648,98.627,100.624,103.917,24.41,28.2,21.84,91.2,312507.74,727121.07,3539.0247,19.4215
2/1/2019,17652.296,14633.7,103.294,1408768.0,491751.0,102.8251,100.7819,101.0439,100.4961,101.2739,100.2621,98.5412,105.4114,101.6458,98.5236,100.0023,108.8636,100.7702,77.6025,7066.0,1.151564537,162999.0,156863.0,3.8,21.8,2252.0,1772.0,2177.0,894.0,1283.0,222500,150065.0,20920.0,694.8,7395.0,12782.0,8020.0,4762.0,129145.0,27591.0,5882.6,15586.7,8683.0,22525.0,40.9,4.4,41.7,1121.0,85.0,153.0,639.0,244.0,1286.0,140.0,184.0,681.0,281.0,203223.0,231710.0,64998.0,1159587.0,2017586.0,1.41,3762.3,14480.8,5716.4,3353.5,1713.7,1713.7,2332.0383,4442.4209,2976323.97,163.9585945,2754.86,1.97989493,21.91166197,2.4,2.49,2.39,2.44,2.55,2.49,2.68,3.79,4.95,0.09,-0.01,0.04,0.15,0.09,0.28,1.39,2.55,109.4097,1.0014,110.44,1.3016,1.3209,203.5,214.5,199.1,188.1,54.95,192.2,253.319,124.526,207.495,490.16,183.967,105.247,321.747,252.697,232.467,241.953,102.836,98.562,101.018,104.083,24.39,28.12,21.92,93.8,311630.26,722277.66,3550.6187,15.0976
3/1/2019,17683.871,14657.7,104.019,1405640.0,499292.0,102.8361,100.8661,101.24,100.8534,100.5561,100.9153,98.1652,105.3311,101.0952,97.6793,99.7679,111.763,101.2857,77.4412,7317.0,1.179780716,162904.0,156701.0,3.8,22.2,2174.0,1862.0,2170.0,906.0,1264.0,211800,150295.0,20955.0,693.6,7425.0,12788.0,8021.0,4767.0,129340.0,27592.0,5882.3,15574.1,8705.0,22569.0,41.2,4.4,41.7,1191.0,82.0,130.0,655.0,324.0,1295.0,127.0,171.0,672.0,325.0,203826.0,240465.0,71042.0,1157756.0,2019035.0,1.4,3738.4,14525.9,5712.6,3381.5,1725.9,1725.9,2337.5318,4454.4684,2987613.81,163.9150368,2803.98,1.95935777,21.9098888,2.41,2.48,2.4,2.44,2.49,2.37,2.57,3.77,4.84,0.07,0.0,0.04,0.09,-0.03,0.17,1.37,2.44,109.9476,1.0005,111.1443,1.3167,1.3371,205.1,216.8,200.1,188.2,58.15,192.8,254.277,123.666,210.097,491.412,185.182,105.462,322.447,253.735,233.424,242.896,103.069,98.197,101.714,104.268,24.55,28.37,21.96,98.4,312997.62,722283.88,3571.843,14.5147
4/1/2019,17673.034,14643.3,104.028,1394958.0,499343.0,102.2748,99.7128,99.8021,99.5034,100.1441,99.3086,96.0048,105.5285,100.5972,97.7174,99.1171,104.5222,100.5311,76.9578,7272.0,1.219929542,162586.0,156625.0,3.7,22.5,1966.0,1875.0,2013.0,783.0,1230.0,209750,150593.0,20992.0,691.1,7468.0,12785.0,8016.0,4769.0,129601.0,27626.0,5889.2,15571.6,8723.0,22619.0,41.1,4.3,41.6,1272.0,130.0,168.0,657.0,317.0,1322.0,141.0,188.0,652.0,341.0,204098.0,232744.0,66680.0,1150248.0,2028974.0,1.41,3789.9,14554.2,5702.3,3286.7,1623.9,1623.9,2329.449,4468.8657,2997822.9,164.1131944,2903.8,1.90508988,22.32612468,2.42,2.47,2.38,2.39,2.42,2.33,2.53,3.69,4.7,0.05,-0.04,-0.03,0.0,-0.09,0.11,1.27,2.28,110.4379,1.0084,111.6414,1.3029,1.3378,206.8,219.2,200.7,191.0,63.86,192.1,255.233,123.901,213.037,492.97,186.211,104.98,323.282,254.889,234.324,243.822,103.36,97.869,102.329,104.559,24.58,28.41,21.95,97.2,314186.46,722494.34,3612.1512,12.7691
5/1/2019,17679.59,14641.9,104.413,1403604.0,504741.0,102.4176,99.9426,99.949,99.8891,101.3627,99.4663,95.6902,105.5621,100.7157,97.4592,99.1775,106.3741,100.3402,77.0287,7275.0,1.226812816,162751.0,156821.0,3.6,24.0,2114.0,1550.0,2083.0,784.0,1299.0,218500,150621.0,20994.0,689.7,7478.0,12778.0,8006.0,4772.0,129627.0,27632.0,5889.6,15554.2,8736.0,22562.0,41.0,4.2,41.6,1293.0,86.0,158.0,722.0,327.0,1347.0,107.0,175.0,712.0,353.0,203599.0,224565.0,59800.0,1134414.0,2033075.0,1.41,3789.2,14652.0,5739.2,3244.5,1576.3,1576.3,2334.1018,4491.2008,3009562.32,164.5747677,2854.71,1.95109777,21.69984049,2.39,2.44,2.35,2.35,2.34,2.19,2.4,3.67,4.63,0.05,-0.04,-0.04,-0.05,-0.2,0.01,1.28,2.24,110.8764,1.0107,109.9714,1.2855,1.346,206.4,218.5,199.6,186.4,60.83,186.8,255.296,123.764,211.761,494.859,185.936,104.452,323.706,254.888,234.095,243.8,103.435,97.832,102.295,104.688,24.63,28.39,22.04,100.0,316393.43,725600.7,3635.1493,16.5037
6/1/2019,17707.372,14660.2,104.766,1405269.0,505251.0,102.5425,100.452,100.6635,100.6883,102.9577,100.048,95.9415,105.1942,100.6391,96.7977,99.6384,102.506,99.1327,77.4128,7194.0,1.212131424,163168.0,157232.0,3.6,21.6,1889.0,1805.0,2168.0,835.0,1333.0,225200,150839.0,21023.0,686.1,7502.0,12787.0,8007.0,4780.0,129816.0,27645.0,5885.8,15533.2,8749.0,22604.0,41.2,4.2,41.7,1243.0,112.0,181.0,635.0,315.0,1299.0,128.0,179.0,655.0,337.0,198477.0,224890.0,59188.0,1118522.0,2034943.0,1.42,3832.1,14771.0,5787.7,3274.8,1601.3,1601.2,2338.7658,4503.4291,3022440.07,164.9416387,2890.17,1.940275996,21.78981816,2.38,2.3,2.17,2.11,2.0,1.83,2.07,3.42,4.46,-0.08,-0.21,-0.27,-0.38,-0.56,-0.31,1.04,2.08,109.8312,0.988,108.0685,1.2675,1.3289,205.4,217.0,197.4,181.5,54.66,186.9,255.213,124.75,209.25,495.745,185.025,104.454,324.511,254.772,233.642,243.672,103.484,98.148,101.718,104.89,24.7,28.42,22.13,98.2,315987.15,725007.12,3664.6766,15.8726
7/1/2019,17701.297,14651.8,105.261,1406165.0,509091.0,102.0057,99.8996,99.9643,100.2447,101.0434,100.0111,94.43,104.6812,100.0229,96.8537,98.9144,106.4651,98.7503,76.8775,7042.0,1.16185448,163590.0,157529.0,3.7,19.6,2110.0,1831.0,2125.0,898.0,1227.0,208500,150936.0,21044.0,679.9,7526.0,12790.0,8011.0,4779.0,129892.0,27661.0,5889.5,15533.3,8770.0,22572.0,40.9,4.2,41.5,1240.0,95.0,177.0,637.0,331.0,1379.0,137.0,176.0,699.0,367.0,199857.0,228956.0,66079.0,1111328.0,2041461.0,1.42,3862.5,14853.1,5806.5,3260.3,1578.6,1578.5,2345.4666,4511.8429,3035255.78,165.47757,2996.11,1.884380568,22.3992981,2.4,2.22,2.1,2.03,1.96,1.83,2.06,3.29,4.28,-0.18,-0.3,-0.37,-0.44,-0.57,-0.34,0.89,1.88,109.9741,0.988,108.2864,1.2461,1.3105,206.0,217.7,197.6,184.1,57.35,188.1,255.802,124.731,209.934,497.714,185.372,104.615,325.341,255.434,234.147,244.195,103.622,97.475,102.029,105.109,24.73,28.44,22.16,98.4,317484.51,727210.58,3690.0733,13.309
8/1/2019,17779.85,14726.5,105.665,1409855.0,512561.0,102.7814,100.4173,100.5018,100.6115,102.3817,100.111,95.5056,105.7961,100.4979,97.8878,99.5936,104.6316,98.5995,77.4333,7178.0,1.207401178,163774.0,157829.0,3.6,21.9,2268.0,1710.0,2104.0,847.0,1257.0,211000,151171.0,21038.0,670.0,7530.0,12789.0,8003.0,4786.0,130133.0,27652.0,5889.7,15516.7,8787.0,22625.0,41.1,4.2,41.5,1375.0,170.0,189.0,712.0,304.0,1482.0,165.0,194.0,774.0,349.0,199626.0,230355.0,63754.0,1105676.0,2041891.0,1.42,3847.1,14934.3,5832.9,3271.4,1586.8,1586.7,2363.8488,4519.2127,3050319.32,165.4868232,2897.5,1.961660992,21.56777456,2.13,2.06,1.95,1.88,1.77,1.49,1.63,2.98,3.87,-0.07,-0.17,-0.24,-0.35,-0.63,-0.49,0.86,1.75,110.7571,0.9787,106.1886,1.216,1.3273,205.4,217.0,196.8,181.0,54.81,187.2,256.036,124.532,209.27,500.662,184.969,104.632,326.159,255.668,234.25,244.302,103.67,97.304,101.87,105.26,24.8,28.54,22.2,89.8,318844.23,728241.54,3730.6262,19.4147
9/1/2019,17812.342,14755.6,105.836,1405353.0,509282.0,102.4601,99.7262,99.6088,99.8454,100.4154,99.6818,94.096,105.964,99.5672,98.2372,98.8595,106.7027,95.4784,76.8932,7124.0,1.238310447,164092.0,158339.0,3.5,22.5,1849.0,1743.0,2184.0,846.0,1338.0,209500,151365.0,21051.0,668.3,7547.0,12787.0,7998.0,4789.0,130314.0,27676.0,5890.8,15526.5,8785.0,22653.0,41.3,4.2,41.5,1311.0,119.0,163.0,716.0,313.0,1469.0,135.0,182.0,773.0,379.0,198176.0,226791.0,59428.0,1098202.0,2040635.0,1.43,3894.0,15031.0,5861.6,3202.7,1504.8,1504.7,2370.4403,4532.4206,3062136.7,165.7242508,2982.16,1.918746035,22.12974745,2.04,2.03,1.89,1.84,1.8,1.57,1.7,3.03,3.91,-0.01,-0.16,-0.21,-0.25,-0.49,-0.35,0.98,1.86,111.1967,0.9906,107.54,1.2369,1.3241,205.4,216.8,196.4,181.0,56.95,189.8,256.43,124.795,209.085,501.71,184.949,104.696,326.981,256.035,234.399,244.665,103.733,97.33,101.713,105.4,24.87,28.6,22.22,93.2,318925.57,727949.6,3803.8974,15.7324
10/1/2019,17847.211,14786.5,105.843,1389568.0,510648.0,101.5878,99.1509,99.1421,99.3474,96.6463,100.1044,93.707,104.7057,97.7128,97.4874,97.9935,107.9397,94.6319,76.2528,7289.0,1.241526146,164416.0,158545.0,3.6,22.4,1922.0,1760.0,2206.0,915.0,1291.0,212250,151460.0,21003.0,666.2,7553.0,12733.0,7943.0,4790.0,130457.0,27688.0,5896.0,15527.2,8801.0,22670.0,41.0,4.1,41.4,1325.0,119.0,177.0,677.0,352.0,1523.0,171.0,182.0,793.0,377.0,195493.0,226218.0,62130.0,1092083.0,2041358.0,1.44,3926.3,15166.9,5898.0,3252.8,1547.1,1547.1,2370.4462,4551.2812,3076305.88,165.8716768,2977.68,1.933048548,22.04233269,1.83,1.88,1.65,1.62,1.61,1.53,1.71,3.01,3.92,0.05,-0.18,-0.21,-0.22,-0.31,-0.12,1.18,2.09,110.7273,0.993,108.1368,1.2657,1.3189,206.7,218.7,196.9,181.4,53.96,186.3,257.155,123.489,210.25,506.433,185.47,104.678,327.904,256.783,235.237,245.202,103.917,97.295,101.97,105.599,24.95,28.66,22.28,95.5,319634.33,728134.72,3806.5951,15.0714
11/1/2019,17908.82,14855.3,106.412,1396759.0,514215.0,102.1494,100.2609,100.6146,100.9,102.9704,100.3127,95.5627,104.5437,98.6492,96.8383,98.841,111.1305,93.2154,76.9494,6888.0,1.173824131,164496.0,158629.0,3.6,20.3,2067.0,1721.0,2096.0,887.0,1208.0,224400,151668.0,21023.0,655.0,7541.0,12777.0,7983.0,4794.0,130645.0,27687.0,5893.0,15509.6,8814.0,22709.0,40.9,4.1,41.4,1353.0,106.0,176.0,731.0,340.0,1535.0,172.0,211.0,769.0,383.0,196878.0,218719.0,59182.0,1080067.0,2041379.0,1.43,3942.6,15276.4,5923.9,3315.6,1595.2,1595.2,2368.866,4578.8803,3087308.56,165.7214933,3104.9,1.864791655,22.9720518,1.55,1.77,1.54,1.55,1.57,1.64,1.81,3.06,3.94,0.22,-0.01,0.0,0.02,0.09,0.26,1.51,2.39,110.7073,0.9929,108.8579,1.2884,1.3237,207.3,219.5,197.1,186.5,57.03,188.0,257.879,123.55,211.286,508.315,186.057,104.581,328.698,257.523,235.957,245.871,104.024,97.018,102.203,105.732,25.0,28.74,22.38,96.8,319592.14,727441.38,3831.7932,12.3952
12/1/2019,17826.208,14796.5,106.584,1390886.0,515866.0,101.9421,100.0876,100.1634,100.0986,101.3077,99.76,95.7775,104.2969,98.5089,97.5554,98.9828,104.5813,91.3843,77.1013,6699.0,1.144541261,164699.0,158845.0,3.6,20.7,2090.0,1784.0,2016.0,829.0,1188.0,236000,151795.0,20980.0,644.7,7527.0,12760.0,7973.0,4787.0,130815.0,27758.0,5898.4,15550.1,8823.0,22726.0,40.8,4.1,41.4,1548.0,140.0,225.0,781.0,402.0,1443.0,146.0,202.0,724.0,371.0,198029.0,222265.0,54562.0,1072957.0,2040343.0,1.43,4003.6,15347.6,5934.2,3426.5,1698.3,1698.3,2357.6035,4612.9505,3100202.51,166.7313386,3176.75,1.833320492,23.48367682,1.55,1.76,1.54,1.54,1.55,1.68,1.86,3.01,3.88,0.21,-0.01,-0.01,0.0,0.13,0.31,1.46,2.33,109.9981,0.9826,109.101,1.3109,1.3169,208.5,221.1,197.6,188.3,59.88,188.7,258.63,122.859,213.354,510.875,186.909,104.362,329.354,258.322,236.755,246.537,104.307,96.572,102.691,106.076,25.08,28.89,22.45,99.3,321479.31,729225.72,3833.755,13.6104
1/1/2020,17999.946,14945.8,107.073,1386608.0,515119.0,101.3372,99.3855,98.8629,99.3494,102.462,98.4708,93.2118,103.8303,98.3254,97.7854,98.7005,97.5533,91.0882,76.9269,7124.0,1.213835406,164377.0,158508.0,3.6,21.9,2050.0,1752.0,2063.0,887.0,1176.0,215500,152031.0,20999.0,631.2,7575.0,12745.0,7963.0,4782.0,131032.0,27775.0,5896.2,15512.5,8833.0,22781.0,40.8,3.9,41.3,1581.0,210.0,163.0,778.0,430.0,1495.0,171.0,212.0,741.0,371.0,193807.0,233656.0,70785.0,1078302.0,2033887.0,1.43,3989.3,15416.3,5949.3,3442.6,1715.2,1715.2,2353.8701,4625.9014,3095440.25,164.5801676,3278.2,1.790214652,24.07985146,1.55,1.65,1.52,1.52,1.53,1.56,1.76,2.94,3.77,0.1,-0.03,-0.03,-0.02,0.01,0.21,1.39,2.22,109.8795,0.9698,109.2667,1.3076,1.3089,208.0,220.3,197.1,186.2,57.52,191.9,259.127,122.477,213.14,511.854,186.754,104.307,330.515,258.777,236.975,247.011,104.49,96.613,102.77,106.314,25.12,28.97,22.45,99.8,320940.16,726533.89,3833.5669,14.0517
2/1/2020,18077.882,15024.6,106.702,1391224.0,515330.0,101.6718,99.9616,99.5771,100.3067,105.2649,98.9019,93.0784,103.8436,98.3005,97.4803,98.8638,102.0242,87.7326,77.1069,6966.0,1.210846515,164467.0,158714.0,3.5,20.6,2088.0,1780.0,1898.0,789.0,1110.0,210200,152292.0,21037.0,636.1,7610.0,12743.0,7963.0,4780.0,131255.0,27738.0,5893.4,15519.2,8871.0,22857.0,40.9,4.0,41.5,1549.0,115.0,195.0,872.0,367.0,1455.0,131.0,194.0,759.0,371.0,190553.0,240355.0,72063.0,1087726.0,2022505.0,1.43,4001.1,15466.6,5965.9,3454.5,1726.9,1726.9,2350.6023,4640.641,3103487.15,164.1657136,3277.31,1.804335255,24.07544499,1.58,1.59,1.52,1.47,1.41,1.32,1.5,2.78,3.61,0.01,-0.06,-0.11,-0.17,-0.26,-0.08,1.2,2.03,111.4348,0.9762,110.0295,1.2953,1.3286,206.4,217.8,195.1,173.6,50.54,188.4,259.25,122.952,211.402,512.967,186.298,104.722,331.304,258.813,236.782,247.087,104.573,97.008,102.254,106.533,25.22,29.13,22.51,101.0,319147.69,721487.58,3872.7364,19.6207
3/1/2020,17829.921,14689.3,99.687,1330719.0,468324.0,97.606,95.0501,94.3544,95.1539,87.4857,97.4084,86.7477,100.9472,92.4527,97.6755,94.2944,97.2533,79.3989,73.5991,5894.0,0.817929503,162559.0,155353.0,4.4,17.0,3422.0,1845.0,1924.0,784.0,1140.0,2335250,150895.0,20903.0,630.3,7541.0,12684.0,7930.0,4754.0,129992.0,27659.0,5876.1,15432.9,8855.0,22827.0,40.7,3.9,41.2,1266.0,81.0,156.0,712.0,317.0,1346.0,113.0,161.0,732.0,340.0,172149.0,204710.0,52513.0,1075146.0,2015653.0,1.51,4266.0,15993.4,6197.2,3883.1,2099.4,2058.8,2564.3082,4664.0499,3107310.71,167.136994,2652.39,2.246295677,19.68147029,0.65,1.35,0.29,0.29,0.33,0.59,0.87,3.02,4.29,0.7,-0.34,-0.34,-0.3,-0.04,0.24,2.39,3.66,112.7139,0.9593,107.6673,1.2369,1.396,201.8,211.1,192.0,159.1,29.21,187.0,258.076,121.558,204.709,514.743,184.356,104.818,330.98,257.35,235.157,245.777,104.271,96.707,101.005,106.547,25.27,29.15,22.59,89.1,318871.2,717529.42,3995.653,58.0813
4/1/2020,19985.052,13786.4,88.774,1177479.0,401028.0,84.6812,82.2008,80.7648,84.2552,53.476,93.2412,66.7056,87.9487,75.6083,89.2688,79.7721,112.6259,66.2788,62.3158,4606.0,0.199532144,156269.0,133185.0,14.8,7.2,14263.0,7066.0,1692.0,782.0,910.0,4663250,130424.0,18523.0,572.6,6522.0,11382.0,7030.0,4352.0,111901.0,24564.0,5485.6,13246.9,8590.0,21909.0,38.6,2.7,38.4,936.0,49.0,136.0,576.0,175.0,1076.0,65.0,144.0,616.0,251.0,141723.0,165166.0,52268.0,1066521.0,1987105.0,1.74,4804.3,17005.4,6641.9,4844.9,2953.6,2829.1,2920.8995,4683.1469,3100275.07,149.3957272,2761.98,2.158373287,20.89260777,0.05,,0.14,0.17,0.18,0.39,0.66,2.43,4.13,,0.09,0.12,0.13,0.34,0.61,2.38,4.08,113.6233,0.9701,107.7386,1.242,1.4048,196.2,202.9,185.4,136.4,16.55,180.9,256.032,117.065,192.375,516.77,181.461,104.288,329.861,254.393,232.419,243.546,103.838,96.01,100.037,106.346,25.21,28.71,22.72,71.8,319875.22,713024.39,3993.5532,40.7369
5/1/2020,19138.808,14119.0,96.162,1276086.0,478449.0,86.0108,85.3734,84.4523,87.6851,64.4217,94.4765,72.5264,86.7201,79.1718,89.2072,83.274,111.5698,67.8383,65.1109,5612.0,0.26814468,158101.0,137173.0,13.2,10.5,3867.0,14806.0,2208.0,1061.0,1147.0,2173400,133040.0,19209.0,548.6,7004.0,11610.0,7162.0,4448.0,113831.0,24975.0,5500.2,13631.4,8607.0,21393.0,39.5,3.1,39.4,1039.0,70.0,142.0,511.0,316.0,1250.0,104.0,171.0,682.0,293.0,146973.0,184417.0,60504.0,1069953.0,1940682.0,1.56,16231.5,17852.9,6979.2,5149.4,3217.6,3105.8,3035.7977,4678.4643,3108997.73,156.2836598,2919.62,2.042970318,22.43099705,0.05,0.17,0.13,0.15,0.16,0.34,0.67,2.5,3.95,0.12,0.08,0.1,0.11,0.29,0.62,2.45,3.9,113.2055,0.9692,107.2,1.2302,1.3972,200.3,208.8,185.5,149.0,28.56,182.3,255.802,114.244,188.733,519.152,181.207,104.039,329.655,253.857,231.895,243.195,103.942,96.02,99.81,106.587,25.36,28.91,22.76,72.3,326185.98,716165.76,4028.9058,30.2692
6/1/2020,19132.418,14445.0,101.401,1373101.0,518038.0,91.6745,91.5115,91.8255,95.607,92.253,96.5411,80.556,91.7165,86.2798,90.7471,89.7433,108.8161,71.9281,70.2397,6129.0,0.34721278,159994.0,142342.0,11.0,14.4,2909.0,11522.0,3272.0,1917.0,1355.0,1490250,137671.0,19688.0,533.4,7159.0,11950.0,7427.0,4523.0,117983.0,25963.0,5541.2,14452.3,8622.0,21412.0,39.8,3.3,39.9,1266.0,116.0,208.0,649.0,293.0,1334.0,135.0,195.0,697.0,307.0,174127.0,202777.0,51627.0,1062420.0,1917180.0,1.42,16554.5,18140.6,7057.4,5001.8,3043.6,2945.9,2925.2981,4675.2122,3128429.86,156.8182432,3104.66,1.922271119,24.19068873,0.08,0.2,0.16,0.18,0.18,0.34,0.73,2.44,3.64,0.12,0.08,0.1,0.1,0.26,0.65,2.36,3.56,110.3417,0.9513,107.5782,1.2523,1.3552,201.0,210.0,187.5,157.0,38.31,189.9,257.042,115.665,192.554,520.867,182.834,103.543,330.522,255.061,233.425,244.412,104.27,95.685,100.781,106.82,25.32,29.21,22.6,78.1,334036.91,720036.02,4172.4826,31.207
7/1/2020,19315.344,14562.6,102.956,1411729.0,526304.0,95.0037,94.8964,95.6163,99.8693,106.8417,97.764,84.0655,94.9715,90.3877,91.7657,92.8986,112.689,75.29,72.7878,6530.0,0.39933953,160132.0,143779.0,10.2,17.0,3140.0,5145.0,8011.0,6468.0,1544.0,1383500,139255.0,19738.0,523.1,7196.0,11973.0,7448.0,4525.0,119517.0,26231.0,5522.2,14675.8,8623.0,21514.0,40.3,3.7,40.7,1526.0,132.0,212.0,866.0,316.0,1546.0,150.0,244.0,777.0,375.0,186224.0,223750.0,58820.0,1061149.0,1921722.0,1.37,16761.7,18297.7,7082.5,4700.3,2718.5,2625.6,2856.1301,4689.3718,3146880.08,155.7892275,3207.62,1.851944749,25.47778751,0.09,0.18,0.13,0.14,0.15,0.28,0.62,2.14,3.31,0.09,0.04,0.05,0.06,0.19,0.53,2.05,3.22,108.8264,0.9327,106.6818,1.2701,1.3497,202.1,211.5,190.3,159.3,40.71,197.1,258.352,116.576,197.289,522.675,183.628,104.584,332.357,256.738,234.917,245.697,104.578,96.266,100.97,107.119,25.43,29.24,22.81,72.5,339956.54,724333.46,4306.3833,26.6013
8/1/2020,18687.291,14728.2,103.78,1413552.0,530735.0,95.9294,96.0224,96.657,100.6604,106.6328,98.8608,85.7406,95.6294,91.9805,93.2012,94.3373,108.6685,76.6208,73.9997,6429.0,0.477601961,160706.0,147245.0,8.4,19.9,2316.0,3105.0,8137.0,6506.0,1632.0,922400,140819.0,19786.0,515.8,7226.0,11999.0,7440.0,4559.0,121033.0,26613.0,5539.3,14942.7,8647.0,22000.0,40.6,3.7,41.0,1396.0,89.0,250.0,710.0,347.0,1533.0,120.0,198.0,836.0,379.0,185387.0,226872.0,62591.0,1061781.0,1932615.0,1.36,16879.5,18364.1,7081.7,4807.4,2799.7,2716.6,2815.0439,4684.9952,3152481.0,160.8622062,3391.71,1.743270111,27.52790727,0.1,0.15,0.1,0.12,0.13,0.27,0.65,2.25,3.27,0.05,0.01,0.03,0.04,0.18,0.56,2.16,3.18,106.22,0.9099,106.0129,1.3143,1.3229,202.4,211.8,192.3,165.0,42.34,203.8,259.316,116.907,199.971,522.922,184.889,106.422,332.902,257.787,236.041,246.692,104.87,97.195,101.167,107.318,25.47,29.3,22.86,74.1,344023.25,726723.85,4379.1337,22.8791
9/1/2020,18807.121,14905.4,105.071,1419956.0,541302.0,95.8914,95.4293,95.5883,99.2977,105.0769,97.5678,85.072,96.3628,92.5715,94.4787,94.3641,106.4685,76.2244,74.1083,6511.0,0.518639478,160174.0,147620.0,7.8,21.5,2557.0,2735.0,7362.0,4918.0,2445.0,851750,141770.0,19871.0,514.5,7253.0,12057.0,7482.0,4575.0,121899.0,26746.0,5565.6,14981.1,8674.0,21929.0,40.4,3.9,41.2,1473.0,126.0,214.0,774.0,359.0,1636.0,171.0,219.0,861.0,385.0,186822.0,230481.0,67203.0,1064471.0,1945659.0,1.36,17159.2,18596.4,7152.5,4880.3,2852.8,2774.4,2759.992,4679.9187,3164987.97,160.1860478,3365.52,1.748617102,27.97521576,0.09,0.13,0.11,0.12,0.13,0.27,0.68,2.31,3.36,0.04,0.02,0.03,0.04,0.18,0.59,2.22,3.27,106.554,0.9149,105.589,1.2947,1.323,203.2,212.8,193.5,173.4,39.63,204.7,259.997,117.157,202.572,522.947,185.938,107.527,333.197,258.562,236.877,247.403,105.057,97.259,101.078,107.627,25.49,29.23,22.98,80.4,347627.43,730734.42,4462.0839,27.5874
10/1/2020,18795.411,15127.8,105.391,1432103.0,539114.0,96.5256,96.0196,95.8154,99.438,105.4374,97.6569,85.1084,97.067,93.4411,96.432,95.1929,106.1359,76.3631,74.8493,6798.0,0.613981214,161003.0,149931.0,6.9,22.0,2480.0,2342.0,6216.0,2625.0,3591.0,795400,142461.0,19943.0,509.7,7301.0,12086.0,7492.0,4594.0,122518.0,26947.0,5577.2,15090.3,8692.0,21805.0,40.7,4.0,41.4,1543.0,91.0,208.0,852.0,392.0,1613.0,147.0,221.0,856.0,389.0,187171.0,236338.0,69200.0,1068989.0,1965316.0,1.36,17360.5,18751.1,7203.1,4917.1,2876.6,2802.6,2698.3277,4672.0764,3173569.2,160.5764739,3418.7,1.71584497,29.14238201,0.09,0.12,0.1,0.11,0.13,0.34,0.79,2.35,3.44,0.03,0.01,0.02,0.04,0.25,0.7,2.26,3.35,106.5321,0.9124,105.2095,1.298,1.3218,203.9,213.7,195.1,176.3,39.4,205.5,260.319,117.158,203.23,520.943,186.248,108.063,333.517,258.839,237.18,247.833,105.151,97.497,100.952,107.77,25.55,29.34,22.98,81.8,348262.68,730398.69,4536.2375,29.4362
11/1/2020,18640.614,15108.4,105.114,1431857.0,533941.0,96.9529,96.2238,96.074,99.56,107.1051,97.3456,85.4922,97.8011,94.0509,96.8521,95.7421,100.1811,75.256,75.3724,6820.0,0.637740789,160629.0,149934.0,6.7,23.3,2491.0,2440.0,5810.0,1886.0,3924.0,751250,142731.0,19993.0,507.3,7321.0,12118.0,7517.0,4601.0,122738.0,27112.0,5590.3,15126.8,8704.0,21683.0,40.8,4.1,41.3,1543.0,142.0,201.0,791.0,409.0,1703.0,165.0,233.0,904.0,401.0,190731.0,237115.0,68008.0,1074211.0,1979283.0,1.36,17618.5,18978.9,7274.1,5093.0,3034.7,2968.1,2637.2822,4655.475,3182412.92,162.1967065,3548.99,1.64748815,31.15296378,0.09,0.16,0.09,0.1,0.12,0.39,0.87,2.3,3.3,0.07,0.0,0.01,0.03,0.3,0.78,2.21,3.21,105.634,0.911,104.4061,1.3198,1.3073,204.3,214.1,196.7,187.2,40.94,206.1,260.911,117.411,204.355,520.567,186.472,108.116,334.416,259.526,237.851,248.469,105.258,97.619,101.092,107.864,25.71,29.57,23.11,76.9,350766.1,733096.73,4641.5505,24.3898
12/1/2020,18677.122,15089.9,105.538,1442553.0,538548.0,98.2039,97.7692,97.671,101.5421,108.4927,99.5113,86.3489,98.6765,94.6642,96.9548,96.4147,112.1106,77.2776,75.9935,6773.0,0.628876509,160745.0,149975.0,6.7,23.2,2913.0,2344.0,5541.0,1574.0,3967.0,836750,142548.0,20067.0,509.3,7357.0,12153.0,7533.0,4620.0,122481.0,27158.0,5599.1,15144.2,8718.0,21678.0,40.9,4.2,41.5,1614.0,132.0,224.0,816.0,442.0,1752.0,149.0,257.0,900.0,446.0,196562.0,241814.0,68688.0,1078561.0,1992588.0,1.34,17827.9,19133.0,7301.4,5206.5,3135.0,3076.3,2590.6251,4642.6545,3194423.05,161.8125801,3695.31,1.57710303,33.46935364,0.09,0.17,0.09,0.09,0.1,0.39,0.93,2.26,3.16,0.08,0.0,0.0,0.01,0.3,0.84,2.17,3.07,103.2852,0.8884,103.7952,1.3434,1.2809,206.6,217.4,200.4,190.8,47.02,215.9,262.045,117.967,208.196,519.866,188.296,108.229,334.774,260.658,239.25,249.687,105.699,97.888,101.889,108.215,25.78,29.65,23.16,80.7,350336.43,733463.42,4702.0484,22.3826
1/1/2021,20562.164,15086.9,106.878,1472712.0,559230.0,98.8135,98.3861,98.578,101.9248,109.8167,99.6384,88.0055,99.2866,95.7301,97.3952,97.3299,106.3301,80.1108,76.8065,7204.0,0.703790543,160088.0,149852.0,6.4,25.9,2287.0,2472.0,5381.0,1349.0,4032.0,827800,142913.0,20046.0,494.8,7358.0,12145.0,7528.0,4617.0,122867.0,27220.0,5611.1,15163.0,8729.0,21779.0,41.1,4.2,41.6,1630.0,211.0,210.0,805.0,404.0,1855.0,186.0,244.0,944.0,481.0,201629.0,249937.0,70147.0,1085066.0,2010292.0,1.31,18088.5,19359.5,7371.1,5248.0,3153.8,3101.2,2561.387,4656.6552,3206035.47,146.8899836,3793.75,1.530509846,35.48044828,0.09,0.14,0.08,0.09,0.1,0.45,1.08,2.45,3.24,0.05,-0.01,0.0,0.01,0.36,0.99,2.36,3.15,102.8059,0.8865,103.7883,1.3641,1.2725,208.9,220.5,203.8,201.5,52.0,218.3,262.639,119.233,210.241,521.774,189.42,107.972,334.842,261.276,239.931,250.219,106.147,97.88,102.766,108.607,25.87,29.72,23.25,79.0,355240.05,738832.82,4771.1297,25.5982
2/1/2021,19073.36,15098.9,105.895,1428248.0,544891.0,95.5072,95.9221,96.1864,99.5102,103.1235,98.4524,85.1719,94.9205,93.3918,88.9559,93.41,117.2179,74.182,73.7971,7752.0,0.775587794,160184.0,150189.0,6.2,27.5,2197.0,2212.0,5523.0,1380.0,4143.0,755000,143422.0,20011.0,491.1,7293.0,12179.0,7553.0,4626.0,123411.0,27301.0,5623.1,15202.9,8727.0,21764.0,40.4,4.1,41.4,1404.0,99.0,135.0,751.0,419.0,1711.0,173.0,243.0,866.0,429.0,200328.0,251426.0,75267.0,1100507.0,2026338.0,1.34,18349.1,19596.5,7434.9,5446.8,3345.9,3292.5,2586.5954,4650.2273,3221449.87,158.5897706,3883.43,1.489624088,36.93065391,0.08,0.11,0.04,0.06,0.07,0.54,1.26,2.7,3.42,0.03,-0.04,-0.02,-0.01,0.46,1.18,2.62,3.34,103.131,0.8979,105.3774,1.3867,1.2696,211.5,224.1,208.7,224.3,59.04,222.5,263.573,118.398,212.747,523.455,190.4,108.229,335.761,262.314,241.008,251.117,106.5,97.935,103.185,109.0,25.9,29.75,23.39,76.8,355291.71,736048.95,4856.17,22.5607
3/1/2021,22918.422,15241.0,110.454,1482801.0,603581.0,98.1929,97.7447,97.7283,100.746,105.0904,99.4918,87.387,98.6972,95.3866,94.5744,96.3114,107.0323,83.6875,76.1725,8470.0,0.868183682,160400.0,150644.0,6.1,29.6,2177.0,1972.0,5566.0,1395.0,4171.0,669250,144246.0,20185.0,507.1,7399.0,12232.0,7588.0,4644.0,124061.0,27436.0,5636.3,15236.9,8738.0,21856.0,41.1,4.1,41.6,1696.0,158.0,273.0,882.0,383.0,1756.0,156.0,236.0,934.0,430.0,203662.0,253805.0,75028.0,1114752.0,2030053.0,1.28,18607.9,19823.2,7484.8,5839.0,3721.3,3663.3,2586.7795,4642.9254,3236466.01,131.9116698,3910.51,1.473808089,37.20013788,0.07,0.1,0.03,0.05,0.08,0.82,1.61,3.04,3.74,0.03,-0.04,-0.02,0.01,0.75,1.54,2.97,3.67,104.1693,0.9298,108.6991,1.3863,1.2569,213.5,226.8,215.9,214.5,62.33,228.7,264.847,118.481,216.728,523.943,191.908,108.754,336.761,263.749,242.425,252.426,107.054,98.248,103.892,109.556,26.01,29.87,23.38,84.9,358586.15,743388.12,4973.3985,21.468
4/1/2021,19859.6,15377.5,111.327,1483733.0,608961.0,98.3317,97.3199,97.0644,100.21,101.7405,99.756,86.2376,99.5423,94.1951,98.0365,96.3244,106.6009,86.5023,76.2628,9356.0,0.958410162,160843.0,151081.0,6.1,28.4,2411.0,1986.0,5322.0,1240.0,4082.0,589000,144611.0,20147.0,507.8,7401.0,12191.0,7552.0,4639.0,124464.0,27396.0,5652.7,15189.9,8755.0,21909.0,41.1,4.1,41.6,1495.0,155.0,176.0,787.0,377.0,1721.0,176.0,224.0,900.0,421.0,203345.0,252613.0,78374.0,1125862.0,2033473.0,1.26,18969.5,20161.5,7561.7,6042.1,3887.3,3820.5,2556.3543,4641.0277,3253819.67,152.2432879,4141.18,1.393580055,38.80193463,0.07,0.11,0.02,0.04,0.06,0.86,1.64,2.9,3.6,0.04,-0.05,-0.03,-0.01,0.79,1.56,2.83,3.53,103.7628,0.9218,109.0445,1.3845,1.2494,214.6,227.8,219.9,216.7,61.72,235.4,266.625,119.495,220.726,524.39,193.647,111.951,338.508,265.649,244.417,254.264,107.618,99.729,104.236,109.996,26.2,30.2,23.47,88.3,362666.77,751213.18,5074.7804,17.1684
5/1/2021,19385.541,15456.9,111.142,1455876.0,605282.0,99.1867,98.0916,97.9387,100.8724,103.5324,100.1113,87.9233,100.5045,95.099,99.7965,97.366,106.8927,87.6326,77.1628,9905.0,1.068961796,160800.0,151535.0,5.8,29.6,1997.0,2181.0,5003.0,1296.0,3707.0,469200,145032.0,20164.0,510.6,7389.0,12219.0,7575.0,4644.0,124868.0,27444.0,5669.8,15202.0,8762.0,21910.0,40.9,4.2,41.5,1589.0,140.0,266.0,804.0,379.0,1703.0,151.0,224.0,921.0,407.0,208299.0,253009.0,76444.0,1138468.0,2050150.0,1.27,19257.8,20430.5,7611.8,6041.9,3872.4,3791.6,2545.6238,4635.6145,3277465.78,156.290839,4167.85,1.386514167,38.05327612,0.06,0.1,0.02,0.04,0.05,0.82,1.62,2.96,3.62,0.04,-0.04,-0.02,-0.01,0.76,1.56,2.9,3.56,101.9286,0.9027,109.112,1.4084,1.2125,216.9,230.6,226.8,234.3,65.17,257.2,268.404,120.612,225.932,523.935,195.923,114.749,339.699,267.53,246.522,256.144,108.175,101.369,104.59,110.393,26.3,30.25,23.63,82.9,365154.6,754248.23,5188.386,19.1336
6/1/2021,19316.247,15508.5,112.053,1460523.0,611950.0,99.6483,98.3146,98.1361,101.2441,103.7703,100.5267,87.2477,101.2593,94.8366,100.5399,97.4368,108.6745,89.2393,77.2875,10298.0,1.088353414,161197.0,151734.0,5.9,32.0,2001.0,2177.0,5315.0,1327.0,3988.0,409750,145828.0,20201.0,513.0,7392.0,12249.0,7602.0,4647.0,125627.0,27592.0,5697.2,15268.6,8769.0,22004.0,40.6,4.0,41.3,1650.0,150.0,196.0,863.0,441.0,1654.0,139.0,212.0,917.0,386.0,211967.0,258284.0,80605.0,1153013.0,2067735.0,1.26,19318.7,20472.9,7562.7,6027.0,3848.1,3760.3,2478.0379,4648.0089,3403726.84,162.0174235,4238.49,1.365227908,37.25346325,0.08,0.09,0.04,0.05,0.07,0.84,1.52,2.79,3.44,0.01,-0.04,-0.03,-0.01,0.76,1.44,2.71,3.36,102.7262,0.9078,110.1073,1.4025,1.222,219.9,234.3,230.5,238.5,71.38,254.7,270.71,121.171,233.5,523.117,199.068,118.684,341.123,269.866,249.078,258.592,108.76,102.595,105.18,110.845,26.43,30.41,23.77,85.5,443965.88,949306.22,5252.6036,16.9236
7/1/2021,19435.463,15570.0,111.876,1465158.0,601817.0,100.0668,99.1476,99.0521,101.7232,105.6986,100.6113,89.2357,101.1845,95.5105,100.0912,98.256,106.0006,89.9483,77.9981,11049.0,1.26549078,161504.0,152773.0,5.4,29.8,2245.0,1851.0,4637.0,1160.0,3477.0,370000,146759.0,20282.0,515.3,7417.0,12303.0,7640.0,4663.0,126477.0,27643.0,5721.4,15237.4,8803.0,22055.0,40.9,4.0,41.5,1597.0,69.0,187.0,924.0,417.0,1658.0,133.0,218.0,878.0,429.0,218780.0,259416.0,75595.0,1161328.0,2094809.0,1.27,19488.5,20628.1,7584.8,6130.2,3943.9,3856.3,2450.3579,4663.9771,3415385.77,160.8421133,4363.71,1.336664233,36.71353723,0.1,0.1,0.05,0.05,0.08,0.76,1.32,2.57,3.24,0.0,-0.05,-0.05,-0.02,0.66,1.22,2.47,3.14,104.5965,0.9174,110.2143,1.3808,1.253,221.345,235.873,234.302,247.761,72.49,256.054,271.965,121.318,234.827,524.376,200.178,119.531,342.516,271.042,250.207,259.845,109.256,102.93,105.663,111.379,26.55,30.54,23.88,81.2,443904.72,947671.11,5293.2126,17.5754
8/1/2021,19407.737,15569.7,112.637,1451943.0,605533.0,100.0412,99.1491,98.8364,101.4276,104.5847,100.5428,89.3889,101.1286,95.6831,99.5924,97.9823,108.183,89.1494,77.8329,10956.0,1.323827936,161527.0,153250.0,5.1,29.5,2082.0,1932.0,4356.0,1167.0,3189.0,360000,147246.0,20345.0,518.6,7431.0,12349.0,7665.0,4684.0,126901.0,27698.0,5740.4,15224.2,8821.0,22099.0,40.8,4.1,41.4,1594.0,167.0,199.0,898.0,330.0,1736.0,154.0,215.0,926.0,441.0,217346.0,264287.0,82077.0,1176513.0,2114579.0,1.28,19686.7,20811.0,7630.0,6328.7,4140.1,4059.3,2428.3734,4691.5127,3429796.65,161.1352794,4454.21,1.319905974,35.88510915,0.09,0.1,0.05,0.06,0.07,0.77,1.28,2.55,3.24,0.01,-0.04,-0.03,-0.02,0.68,1.19,2.46,3.15,104.9485,0.9147,109.8527,1.3797,1.2599,223.487,238.672,236.701,251.429,67.73,260.429,272.752,121.569,234.912,524.785,201.155,120.047,343.003,271.76,251.043,260.649,109.674,103.814,106.09,111.704,26.7,30.64,24.05,70.3,444563.09,946512.72,5344.309,17.0618
9/1/2021,19234.211,15608.0,112.79,1457262.0,609671.0,98.9955,98.6092,98.1185,100.668,100.8131,100.6036,89.0799,99.4886,94.5641,97.7221,97.0662,107.9831,89.395,77.1468,10879.0,1.421719812,161495.0,153843.0,4.7,28.5,2249.0,1728.0,3715.0,1001.0,2714.0,355500,147712.0,20434.0,520.3,7478.0,12391.0,7694.0,4697.0,127278.0,27825.0,5755.1,15287.6,8847.0,22080.0,41.2,4.1,41.4,1577.0,128.0,206.0,814.0,429.0,1640.0,134.0,219.0,896.0,391.0,218677.0,259192.0,76387.0,1184047.0,2139149.0,1.29,19867.8,20979.1,7658.2,6388.8,4193.2,4124.6,2416.6678,4708.3471,3442211.34,162.6431115,4445.54,1.332896303,34.19966022,0.08,0.1,0.04,0.05,0.08,0.86,1.37,2.53,3.23,0.02,-0.04,-0.03,0.0,0.78,1.29,2.45,3.15,105.2595,0.9228,110.161,1.3732,1.2671,227.46,243.881,239.571,257.497,71.65,267.362,273.942,121.124,235.987,525.098,202.684,120.12,343.833,272.772,252.195,261.878,110.034,103.839,106.807,112.009,26.81,30.73,24.11,72.8,448672.35,947339.43,5428.0178,19.7806
10/1/2021,19258.34,15663.7,113.505,1465891.0,618573.0,100.3542,99.1478,98.6551,101.1847,105.2063,100.0718,89.4255,101.8044,96.1449,99.8329,98.4387,101.2095,91.2946,78.2709,11341.0,1.558043687,161754.0,154475.0,4.5,26.8,2065.0,1876.0,3345.0,974.0,2371.0,284800,148569.0,20543.0,524.3,7520.0,12454.0,7738.0,4716.0,128026.0,27967.0,5773.9,15338.9,8877.0,22043.0,40.7,4.1,41.3,1579.0,121.0,214.0,822.0,422.0,1707.0,130.0,233.0,896.0,448.0,226308.0,263534.0,77225.0,1191314.0,2172723.0,1.28,20046.4,21142.1,7645.6,6330.9,4128.1,4073.5,2420.7405,4730.4585,3450721.96,161.7710439,4460.71,1.336903747,32.53362974,0.08,0.11,0.05,0.06,0.11,1.11,1.58,2.68,3.35,0.03,-0.03,-0.02,0.03,1.03,1.5,2.6,3.27,105.6189,0.9227,113.1215,1.3701,1.2434,230.099,247.102,245.03,274.214,81.48,277.874,276.528,122.522,241.133,527.688,205.875,122.341,345.702,275.345,255.175,264.46,110.762,105.188,108.091,112.424,26.89,30.96,24.16,71.7,447603.61,941828.13,5554.3243,17.7838
11/1/2021,19227.878,15657.2,113.734,1470618.0,624874.0,101.2684,100.321,99.7717,102.4166,108.3109,100.7988,90.5309,102.4185,96.8706,100.0888,99.3211,104.8273,90.4203,78.9967,11119.0,1.647015257,162281.0,155530.0,4.2,28.9,1993.0,1679.0,3065.0,884.0,2181.0,236500,149206.0,20635.0,526.8,7565.0,12498.0,7755.0,4743.0,128571.0,28117.0,5800.7,15378.3,8908.0,22044.0,41.1,4.2,41.5,1705.0,110.0,225.0,941.0,429.0,1765.0,157.0,215.0,954.0,439.0,229126.0,268650.0,81608.0,1200818.0,2209108.0,1.28,20234.9,21316.6,7645.2,6394.7,4180.6,4135.3,2434.992,4762.339,3463399.34,161.5459296,4667.39,1.285863876,32.30337878,0.08,0.14,0.05,0.07,0.18,1.2,1.56,2.62,3.28,0.06,-0.03,-0.01,0.1,1.12,1.48,2.54,3.2,106.9534,0.9213,113.965,1.3463,1.2567,232.24,249.714,248.876,280.291,79.15,267.626,278.824,123.62,247.735,529.529,208.886,124.231,347.099,277.674,257.723,266.775,111.5,105.807,109.334,113.013,27.0,31.06,24.22,67.4,447955.69,937886.33,5632.1544,19.1586
12/1/2021,19170.498,15610.8,113.307,1467940.0,619938.0,101.1948,100.226,99.5432,101.704,106.932,100.2623,92.0257,102.3681,97.1067,100.5533,99.3838,101.8774,91.1692,79.0619,11417.0,1.784463895,162497.0,156099.0,3.9,28.0,1985.0,1596.0,2787.0,794.0,1993.0,216250,149781.0,20709.0,531.1,7601.0,12532.0,7771.0,4761.0,129072.0,28220.0,5829.6,15394.2,8934.0,22074.0,41.1,4.2,41.5,1722.0,138.0,313.0,884.0,387.0,1919.0,282.0,262.0,949.0,426.0,232019.0,277487.0,81822.0,1214534.0,2265965.0,1.31,20398.8,21471.0,7646.2,6413.1,4187.9,4149.9,2473.1762,4790.8533,3479173.48,161.7648403,4674.77,1.291979756,30.69071402,0.08,0.17,0.06,0.15,0.3,1.23,1.47,2.65,3.3,0.09,-0.02,0.07,0.22,1.15,1.38,2.56,3.22,108.1473,0.921,113.8329,1.3303,1.28,233.445,250.963,249.329,266.843,71.71,269.049,280.806,124.887,252.96,531.041,211.54,126.389,348.284,279.694,259.919,268.776,112.191,106.855,110.124,113.599,27.16,31.21,24.38,70.6,448582.66,934525.5,5693.4714,21.2985
1/1/2022,19062.795,15496.6,113.372,1485162.0,631509.0,101.2146,100.5323,99.9872,102.5377,107.1052,101.2679,91.4694,102.0596,95.6215,99.6015,98.8169,111.5506,87.9126,78.6178,11238.0,1.725737101,163627.0,157115.0,4.0,24.5,2469.0,1610.0,2507.0,850.0,1656.0,237600,150006.0,20723.0,532.7,7586.0,12560.0,7795.0,4765.0,129283.0,28310.0,5852.7,15407.9,8935.0,22056.0,40.7,4.2,41.2,1702.0,109.0,201.0,925.0,467.0,1920.0,144.0,272.0,1028.0,476.0,233333.0,280925.0,88259.0,1228227.0,2306732.0,1.3,20520.8,21587.3,7640.4,6103.9,3871.1,3839.1,2486.9777,4815.2978,3483611.9,161.9998279,4573.82,1.331960219,28.27502994,0.08,0.22,0.15,0.33,0.55,1.54,1.76,2.93,3.58,0.14,0.07,0.25,0.47,1.46,1.68,2.85,3.5,107.5673,0.9191,114.8255,1.3555,1.2622,236.351,254.342,254.628,274.964,83.22,282.527,282.542,125.561,254.498,534.649,213.262,127.907,350.061,281.328,261.961,270.423,112.805,108.135,110.841,114.049,27.29,31.37,24.52,67.2,448109.2,929241.11,5785.8072,22.9143
2/1/2022,19079.074,15483.6,113.448,1472992.0,638101.0,101.8458,101.474,100.79,102.9208,105.2485,102.2389,93.2992,102.3378,97.0525,100.3125,99.699,115.5603,89.8162,79.3173,11661.0,1.850658626,163899.0,157598.0,3.8,26.3,2125.0,1769.0,2425.0,736.0,1689.0,219500,150875.0,20856.0,536.4,7667.0,12608.0,7816.0,4792.0,130019.0,28556.0,5880.2,15552.2,8985.0,22041.0,41.2,4.4,41.5,1735.0,123.0,232.0,978.0,402.0,1857.0,189.0,233.0,959.0,476.0,237221.0,277036.0,82408.0,1237502.0,2349427.0,1.31,20640.9,21684.9,7621.4,6039.9,3804.5,3775.8,2499.0141,4839.3583,3503158.41,161.8146818,4435.98,1.385165879,26.04104773,0.08,0.38,0.33,0.64,1.0,1.81,1.93,3.25,3.97,0.3,0.25,0.56,0.92,1.73,1.85,3.17,3.89,107.7568,0.9228,115.2763,1.354,1.2711,240.708,259.777,257.418,300.264,91.64,296.755,284.525,126.129,257.932,536.283,215.488,128.539,351.801,283.183,264.019,272.419,113.471,108.485,112.353,114.49,27.41,31.55,24.58,62.8,452636.47,928906.99,5824.9792,26.1429
3/1/2022,18998.629,15420.6,114.041,1470559.0,651027.0,102.6732,101.9966,101.4432,103.3116,108.3649,101.9101,94.8775,103.5065,98.1043,100.355,100.6406,106.8304,90.8211,80.0559,12134.0,2.01762554,164220.0,158206.0,3.7,24.2,2302.0,1706.0,1995.0,614.0,1380.0,215000,151346.0,20961.0,544.1,7695.0,12676.0,7865.0,4811.0,130385.0,28615.0,5916.7,15545.5,9004.0,22042.0,40.9,4.2,41.5,1712.0,210.0,231.0,845.0,426.0,1868.0,196.0,239.0,980.0,453.0,248720.0,277554.0,80307.0,1243817.0,2405153.0,1.31,20684.4,21721.3,7556.1,6134.3,3874.7,3848.5,2538.9137,4870.8581,3520856.95,161.8970893,4391.27,1.41121001,24.57503673,0.2,0.73,0.44,0.83,1.34,2.11,2.13,3.43,4.29,0.53,0.24,0.63,1.14,1.91,1.93,3.23,4.09,109.6053,0.9294,118.5774,1.3168,1.266,245.668,266.364,263.496,307.93,108.5,301.98,287.467,126.456,265.504,538.973,219.138,127.705,353.927,286.155,267.426,275.369,114.469,108.208,115.074,115.153,27.52,31.66,24.74,59.4,446825.24,918241.74,5846.7078,26.9368
4/1/2022,19006.44,15417.5,114.632,1469438.0,660194.0,102.9024,102.3321,101.8074,103.4404,108.5615,102.0174,95.6738,103.615,98.5762,99.8107,100.6022,113.9605,88.4485,80.0073,11881.0,1.979506831,163893.0,157891.0,3.7,24.8,2279.0,1603.0,2015.0,628.0,1386.0,213200,151651.0,21022.0,552.9,7699.0,12725.0,7893.0,4832.0,130629.0,28607.0,5947.0,15487.1,9043.0,22079.0,40.8,4.1,41.3,1820.0,133.0,220.0,1044.0,423.0,1859.0,177.0,253.0,995.0,434.0,250866.0,279157.0,81641.0,1249595.0,2435750.0,1.32,20727.2,21749.9,7536.8,5885.0,3615.4,3591.4,2565.6263,4921.524,3540264.96,162.2359835,4391.3,1.426761398,23.78695038,0.33,0.91,0.76,1.23,1.89,2.78,2.75,3.76,4.66,0.58,0.43,0.9,1.56,2.45,2.42,3.43,4.33,111.5351,0.945,126.3743,1.2933,1.2628,247.488,267.841,268.097,325.35,101.78,304.417,288.582,125.96,264.608,541.35,218.636,127.623,356.716,287.041,268.303,276.424,114.812,108.19,114.993,115.708,27.63,31.74,24.87,65.2,446791.03,913593.26,5831.8863,24.485
5/1/2022,18963.136,15401.5,114.473,1450168.0,659847.0,102.9659,102.1474,101.5297,102.9896,107.1675,101.8089,95.9567,103.9519,98.0195,99.8701,100.3795,112.4934,88.3418,79.8042,11483.0,1.919271269,164362.0,158378.0,3.6,22.4,2030.0,1760.0,2035.0,741.0,1294.0,210000,151892.0,21076.0,556.8,7737.0,12739.0,7898.0,4841.0,130816.0,28586.0,5969.8,15426.2,9051.0,22103.0,40.8,4.0,41.1,1531.0,129.0,227.0,849.0,326.0,1704.0,140.0,231.0,931.0,402.0,257430.0,278740.0,80154.0,1253866.0,2478363.0,1.34,20669.5,21690.7,7446.2,5591.3,3317.9,3296.0,2610.234,4972.9416,3561123.33,162.5549285,4040.36,1.567599375,21.20502181,0.77,1.33,0.98,1.45,2.06,2.87,2.9,4.13,5.12,0.56,0.22,0.69,1.3,2.11,2.14,3.37,4.36,114.253,0.9804,128.8486,1.2438,1.2859,252.841,274.992,275.471,343.694,109.55,272.069,291.299,126.53,269.626,543.521,221.46,127.793,359.238,289.668,271.311,279.163,115.525,108.528,116.556,116.209,27.86,32.14,24.97,58.4,446762.86,908744.28,5809.5079,29.1728
6/1/2022,18871.331,15342.3,114.544,1446858.0,666113.0,102.8224,101.7908,101.274,102.5474,106.8113,101.3421,96.1351,104.0416,97.5284,99.6154,100.0451,110.1711,88.2767,79.5043,11256.0,1.891446816,164046.0,158094.0,3.6,22.3,2256.0,1525.0,2105.0,750.0,1355.0,213500,152353.0,21137.0,564.2,7760.0,12768.0,7909.0,4859.0,131216.0,28669.0,5983.5,15486.3,9059.0,22124.0,40.6,3.9,40.9,1551.0,123.0,206.0,864.0,358.0,1737.0,178.0,203.0,933.0,423.0,261448.0,284763.0,81613.0,1262761.0,2514765.0,1.34,20593.1,21642.8,7334.8,5506.3,3228.4,3207.0,2667.8607,5023.4634,3579643.52,162.6290154,3898.95,1.641981937,19.89992472,1.21,1.87,1.49,2.11,2.65,3.19,3.14,4.24,5.27,0.66,0.3,0.92,1.46,2.0,1.95,3.05,4.08,114.6669,0.9702,133.9619,1.232,1.2804,259.697,284.299,280.752,359.623,114.84,266.501,295.072,127.274,279.429,546.84,225.757,128.624,362.434,293.531,275.645,282.953,116.638,109.107,119.047,116.966,27.93,32.33,24.94,50.0,447246.66,902950.77,5776.4844,28.2445
7/1/2022,19050.186,15515.9,114.646,1452657.0,659550.0,103.0505,101.6992,101.1291,102.1821,106.8792,100.8637,96.4127,104.6205,98.634,99.2865,100.0951,110.3025,87.1861,79.5023,11610.0,2.012829404,164026.0,158258.0,3.5,22.2,2084.0,1858.0,1817.0,697.0,1120.0,218200,153049.0,21203.0,569.7,7789.0,12800.0,7932.0,4868.0,131846.0,28706.0,5999.1,15501.2,9072.0,22282.0,40.7,3.9,41.0,1381.0,171.0,163.0,713.0,334.0,1703.0,160.0,222.0,935.0,386.0,255320.0,284460.0,84024.0,1270557.0,2532783.0,1.37,20531.7,21641.7,7337.7,5536.9,3258.7,3239.1,2699.2152,5071.4005,3592119.63,161.6731911,3911.73,1.647679586,19.80648214,1.68,2.5,2.23,2.76,3.02,2.96,2.9,4.06,5.21,0.82,0.58,1.11,1.37,1.31,1.25,2.41,3.56,117.5436,0.9701,136.709,1.1987,1.2936,254.779,276.63,274.419,328.14,101.62,241.022,294.94,127.344,272.826,549.967,223.995,128.987,364.066,292.896,274.695,282.669,116.631,108.835,118.202,117.291,28.06,32.43,25.06,51.5,447688.07,897860.85,5769.4585,24.5288
8/1/2022,19115.806,15585.4,115.268,1468234.0,663566.0,103.1703,102.03,101.6304,102.5251,107.0083,101.2604,97.212,104.5051,98.5341,98.503,100.3375,108.0771,88.6925,79.6451,10148.0,1.714478797,164654.0,158735.0,3.6,22.4,2190.0,1845.0,2039.0,808.0,1231.0,216500,153286.0,21237.0,566.7,7799.0,12826.0,7959.0,4867.0,132049.0,28738.0,6021.2,15527.6,9088.0,22269.0,40.6,3.8,40.9,1531.0,180.0,184.0,804.0,363.0,1557.0,147.0,203.0,836.0,371.0,251163.0,282368.0,80526.0,1274539.0,2552630.0,1.38,20435.2,21606.8,7320.3,5582.0,3305.9,3287.2,2724.0642,5124.9443,3607201.96,161.3448059,4158.56,1.560287441,20.95535909,2.33,2.76,2.63,3.05,3.28,3.03,2.9,4.07,5.15,0.43,0.3,0.72,0.95,0.7,0.57,1.74,2.82,117.414,0.9574,135.2835,1.1983,1.2917,251.769,271.778,270.752,343.49,93.67,244.922,295.162,127.493,266.144,553.036,222.115,129.441,366.448,292.754,274.075,282.757,116.956,109.369,117.229,118.004,28.15,32.53,25.15,58.2,448726.84,894209.68,5737.0869,22.3008
9/1/2022,19158.931,15638.0,115.348,1465161.0,661854.0,103.5326,102.1557,101.7063,102.3897,106.3242,101.2669,97.9141,105.1321,99.0743,97.9807,100.5667,105.6986,90.2854,79.7703,10812.0,1.866712707,164602.0,158810.0,3.5,20.2,2168.0,1627.0,1981.0,863.0,1118.0,197750,153513.0,21289.0,569.4,7827.0,12848.0,7973.0,4875.0,132224.0,28700.0,6027.5,15501.5,9093.0,22280.0,40.6,3.8,41.0,1488.0,152.0,212.0,747.0,377.0,1600.0,154.0,213.0,860.0,373.0,256353.0,282430.0,82902.0,1277332.0,2558913.0,1.39,20281.5,21521.0,7260.3,5411.1,3131.4,3111.1,2747.7115,5167.468,3623772.74,161.1496749,3850.52,1.696350032,19.32091956,2.56,3.21,3.13,3.63,3.89,3.7,3.52,4.59,5.69,0.65,0.55,1.05,1.31,1.12,0.94,2.01,3.11,121.3802,0.9733,143.2843,1.132,1.3339,253.844,274.465,270.45,331.551,84.26,233.27,296.421,127.712,265.777,556.558,221.998,128.669,369.186,293.888,274.876,283.909,117.371,109.774,117.005,118.632,28.29,32.78,25.24,58.6,452094.91,890597.65,5665.0767,27.0915
10/1/2022,19196.543,15614.3,115.556,1466963.0,668671.0,103.4442,102.2745,102.0213,102.6779,107.4288,101.3428,98.1314,104.8078,99.4677,97.1229,100.6531,104.755,90.0359,79.7758,10488.0,1.758551308,164648.0,158684.0,3.6,20.8,2204.0,1803.0,1984.0,769.0,1214.0,202400,153913.0,21346.0,573.6,7846.0,12883.0,8002.0,4881.0,132567.0,28731.0,6043.0,15501.7,9119.0,22309.0,40.7,3.9,41.0,1435.0,99.0,234.0,789.0,313.0,1594.0,121.0,221.0,912.0,340.0,259239.0,287071.0,85554.0,1283660.0,2571649.0,1.39,20092.3,21424.4,7189.9,5340.3,3055.7,3035.9,2771.3432,5210.7361,3643959.46,160.9778702,3726.05,1.767345761,18.64100229,3.08,3.85,3.72,4.18,4.43,4.18,3.98,5.1,6.26,0.77,0.64,1.1,1.35,1.1,0.9,2.02,3.18,123.1599,0.9949,147.0515,1.1332,1.3689,255.827,276.896,269.421,299.433,87.55,226.866,297.979,127.76,268.176,554.071,223.553,128.115,370.701,295.351,276.032,285.654,117.919,109.469,118.105,119.159,28.46,32.95,25.39,59.9,455441.43,889337.93,5573.4501,29.9215
11/1/2022,19205.667,15618.5,115.247,1451828.0,659458.0,103.1058,101.9095,101.541,102.3305,104.7324,101.6101,96.9059,104.4992,98.3455,97.1547,99.9369,108.643,89.1782,79.1402,10619.0,1.786808009,164450.0,158507.0,3.6,21.5,2253.0,1663.0,2039.0,795.0,1244.0,210750,154210.0,21384.0,579.7,7864.0,12896.0,8012.0,4884.0,132826.0,28727.0,6049.3,15500.8,9132.0,22374.0,40.5,3.8,40.9,1424.0,86.0,243.0,740.0,355.0,1401.0,135.0,199.0,790.0,277.0,252477.0,279095.0,76708.0,1280862.0,2580941.0,1.41,19923.0,21358.1,7150.2,5419.4,3126.2,3107.0,2789.375,5255.0126,3658211.78,161.114248,3917.49,1.694608691,19.73931551,3.78,4.46,4.15,4.48,4.73,4.06,3.89,4.9,6.07,0.68,0.4,0.73,0.98,0.31,0.14,1.15,2.32,119.6758,0.966,142.445,1.1727,1.3457,256.367,277.35,267.658,289.627,84.37,240.346,298.708,128.386,267.192,551.402,223.531,127.141,372.126,295.968,276.162,286.54,118.224,108.821,118.375,119.654,28.57,33.0,25.57,56.7,459789.97,887778.13,5533.8328,23.0367
12/1/2022,19259.807,15662.6,115.146,1465472.0,651763.0,101.8266,101.1156,101.1565,102.2734,103.9818,101.7363,95.5058,102.6551,96.7264,93.0146,98.1109,117.651,86.5891,77.6234,10876.0,1.886229622,165025.0,159259.0,3.5,19.4,2229.0,1645.0,1894.0,821.0,1073.0,208000,154336.0,21407.0,581.5,7892.0,12889.0,8025.0,4864.0,132929.0,28747.0,6062.1,15515.6,9141.0,22373.0,40.3,3.6,40.6,1308.0,199.0,118.0,686.0,305.0,1410.0,141.0,180.0,769.0,320.0,248920.0,293358.0,88042.0,1291737.0,2593136.0,1.43,19671.3,21219.0,7101.2,5406.0,3107.3,3090.0,2797.9494,5350.9755,3665827.89,160.7783992,3912.38,1.710467381,19.99553039,4.1,4.51,4.25,4.55,4.68,3.76,3.62,4.43,5.59,0.41,0.16,0.46,0.59,-0.33,-0.47,0.34,1.5,116.5498,0.9316,134.9148,1.218,1.3585,253.862,273.355,261.398,295.34,76.44,244.226,298.808,128.69,262.087,551.943,221.579,126.283,374.364,295.89,275.265,286.62,118.384,108.584,117.443,120.241,28.73,33.21,25.67,59.8,462762.71,885344.18,5522.3171,21.7702
1/1/2023,19295.401,15762.0,116.635,1483458.0,680253.0,102.7476,101.3946,101.2646,101.9991,105.8688,100.8945,96.5753,104.3314,98.1092,96.8104,99.8961,100.0029,87.3772,78.96,10393.0,1.808421785,165964.0,160217.0,3.5,20.3,1941.0,1796.0,2008.0,921.0,1087.0,203500,154780.0,21453.0,589.0,7922.0,12897.0,8029.0,4868.0,133327.0,28811.0,6074.8,15538.9,9144.0,22492.0,40.9,3.9,41.0,1361.0,128.0,131.0,795.0,307.0,1410.0,136.0,177.0,794.0,303.0,252488.0,288874.0,82799.0,1295691.0,2591740.0,1.4,19527.5,21205.2,7057.7,5329.0,3029.9,3014.2,2811.7779,5373.295,3673137.94,159.9450442,3960.66,1.700475666,20.41109291,4.33,4.61,4.54,4.67,4.69,3.64,3.53,4.4,5.5,0.28,0.21,0.34,0.36,-0.69,-0.8,0.07,1.17,114.7033,0.9241,130.4475,1.2237,1.3422,257.553,277.97,264.776,283.517,78.12,251.897,300.456,129.414,263.801,550.887,222.601,126.335,376.731,297.536,276.624,288.385,119.018,108.888,118.316,120.861,28.92,33.35,25.84,64.9,466213.74,883925.8,5509.3315,20.2269
2/1/2023,19362.608,15806.5,116.562,1471736.0,672152.0,102.8003,101.1548,101.0195,101.9996,105.1866,101.0774,95.6848,104.7327,98.4834,97.0986,99.8461,102.1864,87.9421,78.8427,9846.0,1.651459242,166358.0,160395.0,3.6,19.3,2272.0,1841.0,1870.0,814.0,1056.0,215000,155086.0,21481.0,589.7,7947.0,12900.0,8033.0,4867.0,133605.0,28851.0,6090.9,15600.6,9156.0,22548.0,40.6,3.7,40.7,1399.0,98.0,183.0,772.0,346.0,1618.0,149.0,192.0,892.0,385.0,248128.0,280693.0,78093.0,1295662.0,2588252.0,1.41,19384.6,21184.5,7026.9,5321.6,3021.8,3006.2,2806.6495,5410.3767,3679664.47,159.2032393,4079.68,1.661402887,21.24548104,4.57,4.74,4.65,4.81,4.93,3.94,3.75,4.56,5.59,0.17,0.08,0.24,0.36,-0.63,-0.82,-0.01,1.02,115.553,0.9258,133.0463,1.2084,1.3454,255.526,274.886,262.814,268.62,76.83,255.57,301.476,130.244,264.042,548.946,222.944,126.273,378.526,298.524,277.009,289.537,119.369,108.922,118.551,121.31,28.98,33.6,25.81,66.9,468611.8,881878.16,5489.3717,20.2141
3/1/2023,19448.229,15882.7,116.578,1459513.0,665071.0,102.8143,100.9177,100.8202,101.918,104.0444,101.2793,94.9627,105.0498,97.5683,97.0946,99.2197,107.4916,88.4235,78.2685,9572.0,1.639321802,166651.0,160812.0,3.5,19.5,2275.0,1746.0,1853.0,792.0,1061.0,228750,155171.0,21456.0,590.3,7931.0,12890.0,8029.0,4861.0,133715.0,28831.0,6097.7,15575.3,9152.0,22585.0,40.4,3.6,40.6,1377.0,184.0,131.0,825.0,237.0,1480.0,169.0,202.0,789.0,320.0,241550.0,289270.0,85117.0,1302209.0,2585438.0,1.43,18925.0,20876.1,6920.8,5571.5,3258.4,3043.1,2797.7127,5421.7732,3687092.24,158.5982553,3968.56,1.718759826,20.92068253,4.65,4.91,4.69,4.77,4.68,3.82,3.66,4.6,5.71,0.26,0.04,0.12,0.03,-0.83,-0.99,-0.05,1.06,116.1593,0.9255,133.6643,1.2138,1.3683,253.123,271.086,260.856,256.441,73.28,242.279,301.643,130.443,262.546,547.054,222.339,126.514,379.52,298.694,276.424,289.798,119.538,108.793,118.255,121.688,29.11,33.74,25.93,62.0,473622.87,883817.87,5358.3733,22.0446
4/1/2023,19474.528,15925.7,116.938,1456995.0,670494.0,103.2241,101.5265,101.775,102.9887,107.2646,101.778,95.7177,105.2157,98.7919,96.837,99.8849,107.4861,88.3687,78.7116,9992.0,1.737436968,166725.0,160974.0,3.4,20.9,1869.0,1915.0,1851.0,772.0,1079.0,216600,155387.0,21482.0,593.4,7955.0,12889.0,8027.0,4862.0,133905.0,28809.0,6091.6,15559.5,9182.0,22634.0,40.6,3.6,40.7,1354.0,125.0,175.0,751.0,303.0,1474.0,130.0,181.0,817.0,346.0,240516.0,290168.0,84951.0,1311484.0,2585390.0,1.42,18615.3,20729.8,6844.7,5593.1,3269.5,2939.8,2771.123,5425.3577,3687455.89,157.8540957,4121.47,1.659036953,21.93153273,4.83,5.03,4.92,4.79,4.68,3.54,3.46,4.47,5.53,0.2,0.09,-0.04,-0.15,-1.29,-1.37,-0.36,0.7,114.0521,0.8985,133.4745,1.2446,1.3484,253.733,271.815,259.003,258.774,79.45,244.57,302.858,130.436,265.333,547.039,223.316,127.438,380.933,300.025,277.475,291.066,119.951,108.833,118.585,122.199,29.24,33.89,26.01,63.7,477413.3,885270.58,5244.9345,17.493
5/1/2023,19532.638,15975.5,116.888,1472101.0,673902.0,102.9809,101.1843,101.3571,102.3006,108.2442,100.6455,95.6734,105.0954,98.9386,96.3445,99.7784,103.2993,88.6954,78.5451,9310.0,1.528986697,166886.0,160796.0,3.6,21.2,2079.0,1869.0,2050.0,907.0,1142.0,226250,155614.0,21481.0,597.0,7965.0,12874.0,8019.0,4855.0,134133.0,28834.0,6098.6,15558.8,9179.0,22695.0,40.5,3.6,40.7,1584.0,96.0,260.0,885.0,343.0,1575.0,169.0,201.0,847.0,358.0,239849.0,289707.0,90502.0,1315948.0,2580863.0,1.42,18549.1,20801.1,6857.9,5569.6,3235.6,2928.4,2766.4873,5450.6748,3685188.94,157.0270337,4146.17,1.653171016,22.29001649,5.06,5.15,5.14,5.03,4.91,3.59,3.57,4.67,5.77,0.09,0.09,-0.02,-0.14,-1.46,-1.48,-0.38,0.72,114.874,0.8977,137.0532,1.2484,1.3517,251.158,267.785,255.955,245.472,71.58,251.809,303.316,130.833,265.1,547.452,223.278,127.718,381.878,300.444,277.376,291.525,120.15,108.994,118.447,122.513,29.34,33.99,26.12,59.0,483082.33,889095.91,5203.0931,17.3964
6/1/2023,19553.713,16006.6,117.256,1472700.0,677117.0,102.3809,100.325,100.218,100.7068,104.9185,99.5197,95.5606,104.8219,98.7602,95.8474,99.1514,100.747,88.5609,77.969,9191.0,1.542631756,166937.0,160979.0,3.6,20.7,2082.0,1833.0,2016.0,895.0,1121.0,251750,155871.0,21524.0,596.6,8006.0,12877.0,8031.0,4846.0,134347.0,28811.0,6096.6,15547.6,9183.0,22782.0,40.5,3.6,40.7,1421.0,95.0,169.0,817.0,340.0,1464.0,136.0,200.0,794.0,334.0,241159.0,303971.0,100227.0,1333562.0,2577918.0,1.42,18435.0,20782.7,6834.2,5608.5,3265.6,2974.3,2755.9522,5442.4265,3702654.86,157.1838777,4345.37,1.581222193,23.52751318,5.08,5.22,5.16,5.19,5.24,3.95,3.75,4.65,5.75,0.14,0.08,0.11,0.16,-1.13,-1.33,-0.43,0.67,114.7334,0.9004,141.3581,1.2627,1.3286,252.115,269.07,254.576,242.373,70.25,251.261,304.099,130.955,266.075,547.487,223.546,127.529,383.259,301.272,277.791,292.341,120.469,108.586,118.637,123.013,29.55,34.11,26.35,64.2,492904.98,902738.96,5167.3646,14.0327
7/1/2023,19596.868,16071.5,117.816,1482383.0,678424.0,103.0722,101.0357,101.2042,101.9324,107.886,100.2765,95.9899,105.4874,98.9219,95.835,99.4088,107.0203,88.8714,78.0895,8606.0,1.453716216,167103.0,161183.0,3.5,20.6,1994.0,1745.0,2156.0,960.0,1196.0,234800,156019.0,21519.0,596.0,8014.0,12863.0,8028.0,4835.0,134500.0,28811.0,6108.8,15545.1,9192.0,22820.0,40.5,3.6,40.7,1460.0,111.0,177.0,788.0,384.0,1522.0,122.0,199.0,853.0,348.0,243537.0,293278.0,89802.0,1339736.0,2573912.0,1.41,18342.1,20772.1,6819.1,5517.8,3178.7,2906.8,2754.8911,5452.6956,3702977.09,156.6721284,4508.08,1.528613382,24.54982392,5.12,5.35,5.25,5.27,5.37,4.14,3.9,4.66,5.74,0.23,0.13,0.15,0.25,-0.98,-1.22,-0.46,0.62,113.0386,0.8723,140.936,1.2893,1.3211,252.45,269.287,253.536,248.409,76.07,256.294,304.615,131.265,265.585,547.356,223.086,127.161,384.826,301.77,277.832,292.885,120.607,107.864,118.456,123.42,29.68,34.3,26.43,71.5,498240.85,906519.21,5143.1293,13.8333
8/1/2023,19622.827,16107.2,117.892,1482238.0,684755.0,103.0951,101.19,101.3228,102.1533,106.0569,101.0514,95.8045,105.3429,98.3065,96.0679,99.4716,107.5814,89.7451,78.0575,9287.0,1.477880331,167759.0,161475.0,3.7,20.4,2198.0,1931.0,2290.0,921.0,1369.0,245000,156176.0,21535.0,595.4,8039.0,12856.0,8023.0,4833.0,134641.0,28783.0,6111.8,15536.7,9190.0,22869.0,40.6,3.6,40.7,1317.0,127.0,160.0,741.0,289.0,1561.0,155.0,213.0,828.0,365.0,250102.0,289128.0,83833.0,1340742.0,2580885.0,1.4,18226.1,20746.9,6777.0,5559.0,3228.0,2971.2,2757.8377,5484.5174,3674318.62,154.7883165,4457.36,1.550516695,24.32872528,5.33,5.44,5.3,5.28,5.37,4.31,4.17,4.95,6.02,0.11,-0.03,-0.05,0.04,-1.02,-1.16,-0.38,0.69,115.0546,0.8783,144.7804,1.2706,1.3478,256.62,275.14,258.685,254.08,81.39,246.357,306.138,131.268,270.492,547.848,224.61,126.888,386.23,303.381,279.493,294.452,120.97,107.471,119.712,123.64,29.77,34.49,26.48,69.4,504406.44,910966.86,5092.9041,15.7822
9/1/2023,19628.768,16126.7,118.043,1491541.0,689403.0,103.3081,101.0927,101.0848,102.1499,106.7003,100.8744,94.8687,105.9501,98.6334,96.9976,99.6109,106.7719,89.7276,78.0859,9279.0,1.466803667,167767.0,161442.0,3.8,21.4,2066.0,2056.0,2282.0,1040.0,1242.0,219000,156334.0,21558.0,594.4,8049.0,12869.0,8026.0,4843.0,134776.0,28801.0,6121.9,15531.8,9182.0,22938.0,40.5,3.6,40.7,1371.0,86.0,195.0,790.0,300.0,1537.0,131.0,201.0,859.0,346.0,254083.0,298229.0,95592.0,1352106.0,2587291.0,1.38,18124.7,20720.4,6741.1,5567.2,3239.6,3017.4,2760.7145,5498.2786,3678139.8,154.329055,4409.1,1.572049051,24.14467551,5.33,5.49,5.32,5.31,5.44,4.49,4.38,5.13,6.16,0.16,-0.01,-0.02,0.11,-0.84,-0.95,-0.2,0.83,117.0418,0.8996,147.845,1.2381,1.3531,259.748,279.486,260.313,260.762,89.43,251.022,307.374,130.56,272.18,548.636,225.137,125.791,388.233,304.74,280.318,295.705,121.419,107.342,120.2,124.188,29.9,34.54,26.61,67.8,508808.61,913938.95,5064.8338,15.0424
10/1/2023,19689.563,16186.9,118.361,1490802.0,686148.0,102.5781,100.5655,100.3987,101.4192,102.1855,101.1652,94.0965,104.9638,97.2021,96.2269,98.8688,105.0064,89.9963,77.4241,8550.0,1.319648094,167690.0,161211.0,3.9,21.5,2285.0,1835.0,2362.0,1031.0,1331.0,210250,156520.0,21550.0,592.7,8076.0,12836.0,7989.0,4847.0,134970.0,28830.0,6127.3,15534.1,9174.0,23007.0,40.6,3.5,40.8,1368.0,81.0,211.0,724.0,352.0,1528.0,150.0,174.0,865.0,339.0,244490.0,285976.0,84067.0,1353877.0,2583446.0,1.4,18022.5,20687.3,6724.2,5601.2,3276.5,3104.6,2771.3412,5508.3783,3684921.28,154.0538251,4269.4,1.631219997,23.49488183,5.33,5.46,5.34,5.33,5.42,4.77,4.8,5.61,6.63,0.13,0.01,0.0,0.09,-0.56,-0.53,0.28,1.3,118.3751,0.9035,149.5933,1.2175,1.3712,255.133,272.717,257.405,255.83,85.64,245.972,307.653,131.257,270.184,549.746,224.505,125.429,389.469,304.901,280.182,295.945,121.484,107.206,120.006,124.375,29.98,34.68,26.64,63.8,513250.88,916401.9,5017.6326,19.0462
11/1/2023,19785.645,16280.3,118.783,1497859.0,685328.0,102.8868,100.9558,101.0976,102.1301,106.841,100.8125,95.028,105.1687,98.1839,95.9833,99.3261,106.0022,89.6624,77.7019,8663.0,1.385193476,168140.0,161886.0,3.7,19.4,2075.0,2061.0,2145.0,976.0,1170.0,218000,156661.0,21579.0,591.9,8085.0,12858.0,8018.0,4840.0,135082.0,28775.0,6131.4,15478.1,9171.0,23051.0,40.7,3.5,40.6,1514.0,133.0,203.0,813.0,365.0,1503.0,114.0,199.0,811.0,379.0,243817.0,298570.0,96486.0,1366160.0,2577995.0,1.4,17957.4,20696.7,6717.8,5731.3,3403.5,3250.1,2763.0715,5521.7525,3689780.02,153.4965189,4460.06,1.568890427,24.60878013,5.33,5.41,5.27,5.24,5.28,4.49,4.5,5.28,6.29,0.08,-0.06,-0.09,-0.05,-0.84,-0.83,-0.05,0.96,116.7327,0.8902,149.679,1.2437,1.3707,254.583,271.756,255.625,249.933,77.69,247.491,308.087,130.192,269.416,552.23,223.388,125.09,391.438,305.342,280.103,296.285,121.493,106.659,119.256,124.737,30.22,34.94,26.83,61.3,517477.03,918934.92,5013.4268,13.8563
12/1/2023,19847.006,16327.6,119.267,1508602.0,686277.0,102.6309,100.6803,100.8413,101.9747,107.7707,100.3649,94.522,104.9382,98.0376,96.0914,99.2357,102.2363,90.9881,77.5511,8585.0,1.359461599,167439.0,161124.0,3.8,22.2,2204.0,1794.0,2345.0,1072.0,1273.0,207400,156930.0,21601.0,593.9,8099.0,12865.0,8023.0,4842.0,135329.0,28854.0,6138.0,15543.7,9176.0,23107.0,40.4,3.4,40.3,1521.0,126.0,197.0,814.0,384.0,1519.0,127.0,202.0,856.0,334.0,246429.0,304324.0,102456.0,1384271.0,2591108.0,1.4,17915.0,20701.3,6705.2,5827.2,3492.0,3358.5,2761.0691,5534.2828,3689387.06,152.795591,4685.05,1.500595926,25.79811237,5.33,5.32,5.24,5.12,4.96,4.0,4.02,4.74,5.64,-0.01,-0.09,-0.21,-0.37,-1.33,-1.31,-0.59,0.31,114.6051,0.8648,143.9815,1.2657,1.3416,254.629,271.78,254.249,240.443,71.9,243.786,308.735,130.269,269.182,554.294,223.166,124.715,392.93,305.992,280.37,296.867,121.66,106.196,119.051,125.144,30.43,34.95,27.14,69.7,521938.91,921959.34,5081.0816,12.696
1/1/2024,19932.436,16326.0,118.833,1492936.0,680456.0,101.483,99.9017,100.0648,101.2513,103.9426,100.4788,93.4242,103.325,96.792,93.9718,97.9454,108.6225,88.6128,76.4637,8468.0,1.377134493,167339.0,161190.0,3.7,20.8,2143.0,1852.0,2149.0,877.0,1272.0,210000,157049.0,21611.0,590.1,8113.0,12866.0,8013.0,4853.0,135438.0,28819.0,6128.6,15520.8,9165.0,23153.0,40.0,3.5,40.2,1381.0,135.0,137.0,763.0,346.0,1545.0,148.0,220.0,826.0,351.0,242889.0,280614.0,76647.0,1380645.0,2585336.0,1.41,17943.3,20773.1,6705.5,5843.3,3507.0,3346.9,2759.4039,5555.0496,3693217.19,151.5887434,4815.61,1.463518556,26.20635868,5.33,5.26,5.22,5.02,4.79,3.98,4.06,4.87,5.68,-0.07,-0.11,-0.31,-0.54,-1.35,-1.27,-0.46,0.35,114.8162,0.8591,146.2943,1.2701,1.3423,255.156,272.039,254.728,245.039,74.15,245.198,309.794,129.554,268.569,556.567,222.9,124.351,395.5,307.041,280.975,297.87,122.23,106.401,118.84,126.033,30.55,35.21,27.2,79.0,525706.15,922805.11,5127.6989,13.3453
2/1/2024,19963.623,16335.1,119.356,1494481.0,685280.0,102.7267,100.9719,100.9228,101.9449,107.5568,100.3848,94.8807,104.7861,97.7226,96.0272,99.317,103.9055,86.8946,77.4538,8445.0,1.306870938,167475.0,161013.0,3.9,20.9,2339.0,1942.0,2183.0,970.0,1213.0,210750,157271.0,21622.0,591.1,8136.0,12853.0,8004.0,4849.0,135649.0,28856.0,6121.7,15530.2,9155.0,23224.0,40.4,3.6,40.6,1552.0,116.0,233.0,880.0,323.0,1577.0,224.0,234.0,796.0,323.0,244786.0,282623.0,80900.0,1378596.0,2594839.0,1.4,17983.9,20861.0,6707.2,5896.4,3567.7,3397.5,2766.6752,5572.5864,3693625.03,150.9141994,5011.96,1.409649984,26.94624684,5.33,5.22,5.24,5.09,4.92,4.19,4.21,5.03,5.77,-0.11,-0.09,-0.24,-0.41,-1.14,-1.12,-0.3,0.44,116.0261,0.8771,149.615,1.263,1.35,257.948,275.76,257.419,244.03,77.25,251.021,311.022,130.223,271.433,556.727,223.604,124.315,397.331,308.415,282.034,299.146,122.598,106.666,119.398,126.359,30.64,35.16,27.35,76.9,529015.93,921985.58,5126.8386,13.8808
3/1/2024,19992.037,16349.4,119.756,1491307.0,687641.0,102.5186,100.6469,100.5767,101.4155,108.1002,99.5664,94.8887,104.7256,97.9847,96.184,99.5071,96.2975,88.6464,77.5207,8093.0,1.245651839,167922.0,161425.0,3.9,21.6,2206.0,1977.0,2234.0,980.0,1254.0,215000,157517.0,21645.0,594.3,8170.0,12838.0,7994.0,4844.0,135872.0,28891.0,6130.2,15545.3,9152.0,23301.0,40.6,3.5,40.6,1312.0,97.0,157.0,739.0,319.0,1476.0,139.0,196.0,798.0,343.0,249211.0,287423.0,84316.0,1381402.0,2590962.0,1.4,17980.4,20900.8,6696.7,5882.5,3543.1,3382.6,2751.9377,5585.3773,3691763.45,150.0851072,5170.57,1.369767579,27.47427957,5.33,5.29,5.24,5.11,4.99,4.2,4.21,5.01,5.75,-0.04,-0.09,-0.22,-0.34,-1.13,-1.12,-0.32,0.42,115.7831,0.8886,149.8186,1.2713,1.3536,257.703,275.095,256.217,240.69,81.28,253.748,312.107,130.962,273.045,559.182,223.654,123.96,399.455,309.629,282.839,300.166,123.038,106.76,119.507,126.97,30.79,35.34,27.45,79.4,533250.65,922906.63,5224.1375,13.7658
4/1/2024,20018.113,16366.3,119.974,1490484.0,687602.0,102.3568,100.5038,100.5804,101.6516,106.0545,100.4174,94.2039,104.5404,97.6496,95.2094,98.8066,105.6641,89.3854,76.8939,7619.0,1.173598275,167988.0,161495.0,3.9,20.0,2273.0,1990.0,2131.0,879.0,1253.0,210250,157635.0,21650.0,588.2,8173.0,12847.0,7997.0,4850.0,135985.0,28916.0,6137.5,15545.7,9152.0,23290.0,40.3,3.6,40.6,1385.0,102.0,181.0,818.0,284.0,1459.0,152.0,170.0,836.0,301.0,251053.0,286972.0,80888.0,1380072.0,2599646.0,1.4,17970.2,20928.9,6686.2,5774.7,3429.5,3293.5,2749.8089,5595.8231,3692535.32,149.5528774,5112.49,1.392832958,26.93949144,5.33,5.33,5.24,5.15,5.14,4.56,4.54,5.28,6.0,0.0,-0.09,-0.18,-0.19,-0.77,-0.79,-0.05,0.67,117.5396,0.9099,153.89,1.2517,1.3674,258.438,276.007,257.451,246.386,85.35,263.313,313.016,132.098,274.517,561.416,224.088,123.425,400.824,310.611,283.593,301.012,123.341,106.529,119.933,127.335,30.82,35.4,27.51,77.2,537931.83,924804.89,5171.7067,16.4023
5/1/2024,20111.997,16449.0,120.53,1503122.0,692774.0,102.9797,100.8627,100.7697,101.8428,105.0077,100.9421,94.445,105.4946,98.4046,96.2668,99.4751,106.8266,89.429,77.3315,7901.0,1.19080633,167799.0,161164.0,4.0,21.2,2309.0,1922.0,2312.0,964.0,1348.0,222000,157828.0,21661.0,583.8,8188.0,12849.0,7997.0,4852.0,136167.0,28935.0,6132.1,15558.5,9159.0,23323.0,40.7,3.7,40.9,1316.0,99.0,146.0,747.0,324.0,1407.0,120.0,183.0,781.0,323.0,247918.0,286829.0,79432.0,1380206.0,2611183.0,1.41,17994.8,20989.4,6702.9,5724.6,3376.1,3255.7,2759.1703,5599.9479,3694008.74,148.9057325,5235.23,1.367508282,27.41864479,5.33,5.33,5.25,5.17,5.16,4.5,4.48,5.25,5.95,0.0,-0.08,-0.16,-0.17,-0.83,-0.85,-0.08,0.62,117.1117,0.9088,155.8691,1.2636,1.3667,256.903,273.63,254.438,245.758,80.02,276.464,313.14,131.816,272.166,564.235,223.471,122.823,401.647,310.686,283.169,301.011,123.348,105.603,119.933,127.522,30.92,35.46,27.63,69.1,542427.1,927303.15,5177.6124,12.8609
6/1/2024,20158.9,16456.4,120.87,1506650.0,692449.0,103.2534,101.2874,101.1256,102.3966,104.9007,101.6735,94.0833,105.5782,97.3927,97.258,99.4364,110.8253,88.2696,77.2175,7412.0,1.082201781,168005.0,161155.0,4.1,20.7,2130.0,2108.0,2599.0,1066.0,1533.0,235600,157915.0,21665.0,583.7,8203.0,12839.0,7983.0,4856.0,136250.0,28926.0,6135.8,15537.4,9167.0,23344.0,40.7,3.6,40.8,1327.0,119.0,176.0,741.0,291.0,1461.0,118.0,208.0,809.0,326.0,245312.0,281128.0,74383.0,1372271.0,2618815.0,1.41,18026.4,21052.9,6723.4,5731.4,3379.7,3262.9,2766.0203,5597.3064,3696576.04,148.4324284,5415.14,1.329158482,28.22750124,5.33,5.28,5.24,5.15,5.11,4.32,4.31,5.13,5.82,-0.05,-0.09,-0.18,-0.22,-1.01,-1.02,-0.2,0.49,117.3398,0.8938,157.86,1.2716,1.3705,256.452,272.82,254.13,246.975,79.77,278.534,313.131,131.798,269.234,565.299,222.779,122.243,402.381,310.561,282.793,300.952,123.539,105.548,119.689,127.901,31.03,35.56,27.74,68.2,544655.88,926980.66,5232.7124,12.6826
7/1/2024,20164.512,16473.6,121.317,1519102.0,698835.0,102.5192,100.5344,100.2938,101.3583,98.9409,101.9605,93.9218,104.8684,96.8522,96.2537,98.7696,109.6187,89.4963,76.6156,7504.0,1.057348175,168315.0,161219.0,4.2,20.6,2348.0,2162.0,2620.0,1078.0,1543.0,236500,158003.0,21677.0,583.9,8214.0,12840.0,7983.0,4857.0,136326.0,28919.0,6143.6,15522.8,9164.0,23392.0,40.5,3.7,40.6,1265.0,172.0,179.0,643.0,271.0,1436.0,140.0,194.0,787.0,315.0,246265.0,293234.0,87240.0,1373533.0,2628273.0,1.4,18023.0,21084.2,6724.0,5653.3,3302.2,3189.1,2760.9174,5606.2699,3706881.91,148.5676576,5538.0,1.308242571,28.70513069,5.33,5.31,5.2,5.01,4.9,4.16,4.25,5.12,5.84,-0.02,-0.13,-0.32,-0.43,-1.17,-1.08,-0.21,0.51,116.804,0.8917,157.5182,1.287,1.3714,257.278,273.87,255.514,252.027,81.8,276.008,313.566,131.448,268.635,564.919,222.451,121.889,403.608,310.988,282.823,301.425,123.736,105.314,119.695,128.242,31.18,35.71,27.9,66.4,548691.61,930374.96,5270.2779,14.4084
8/1/2024,20189.814,16494.5,121.482,1518385.0,697157.0,103.0196,100.9893,101.0078,102.2969,103.7589,101.8556,93.9,105.4253,97.8668,96.2919,99.3407,107.2787,90.1259,76.9731,7649.0,1.081742328,168496.0,161425.0,4.2,21.0,2465.0,2029.0,2698.0,1153.0,1545.0,230800,158074.0,21659.0,583.5,8237.0,12800.0,7943.0,4857.0,136415.0,28912.0,6147.4,15509.5,9170.0,23430.0,40.5,3.6,40.7,1391.0,121.0,209.0,767.0,294.0,1476.0,142.0,209.0,813.0,312.0,245308.0,289926.0,83538.0,1373875.0,2634861.0,1.41,18077.4,21171.1,6739.6,5669.6,3321.1,3215.4,2767.0467,5609.548,3714230.29,148.4919958,5478.21,1.331186757,28.24319469,5.33,5.12,5.05,4.74,4.43,3.71,3.87,4.87,5.6,-0.21,-0.28,-0.59,-0.9,-1.62,-1.46,-0.46,0.27,114.6008,0.8579,146.2641,1.2945,1.3655,257.656,274.215,255.271,244.054,76.68,269.226,314.131,131.581,268.788,564.364,222.155,121.557,404.953,311.562,282.845,302.04,123.889,105.164,119.487,128.569,31.25,35.91,27.89,67.9,551667.22,933066.9,5316.5838,19.675
9/1/2024,20216.213,16500.8,122.1,1530455.0,703079.0,102.5954,100.4211,100.1396,102.0981,103.7631,101.6025,90.822,105.1818,97.7993,96.8761,99.0448,104.7585,89.0258,76.6579,7103.0,1.02927112,168703.0,161802.0,4.1,22.6,2139.0,1987.0,2747.0,1133.0,1614.0,225000,158314.0,21691.0,585.1,8267.0,12800.0,7944.0,4856.0,136623.0,28943.0,6154.5,15523.2,9175.0,23462.0,40.6,3.6,40.7,1357.0,166.0,179.0,723.0,289.0,1434.0,123.0,204.0,769.0,338.0,245191.0,292469.0,83534.0,1377419.0,2636447.0,1.41,18142.5,21257.5,6751.6,5587.8,3236.8,3141.1,2778.4346,5609.5935,3715802.98,148.0322924,5621.26,1.305756956,28.79453477,5.13,4.86,4.72,4.42,4.03,3.5,3.72,4.68,5.42,-0.27,-0.41,-0.71,-1.1,-1.63,-1.41,-0.45,0.29,113.2979,0.8472,142.954,1.3219,1.3546,257.525,273.809,253.247,239.318,70.24,281.02,314.851,132.886,269.122,566.497,222.114,122.119,406.464,312.23,283.433,302.694,124.164,105.385,119.226,129.027,31.45,36.18,28.01,70.1,553347.06,934283.59,5356.9074,17.6597
10/1/2024,20263.282,16531.5,122.25,1526325.0,707613.0,102.2138,99.6149,99.0627,101.5073,100.8056,101.6464,87.9955,105.3317,97.086,97.0562,98.4255,105.005,92.3362,76.0924,7615.0,1.092226047,168428.0,161456.0,4.1,22.9,2109.0,2082.0,2839.0,1231.0,1608.0,236250,158358.0,21641.0,584.7,8268.0,12750.0,7898.0,4852.0,136717.0,28933.0,6160.6,15516.6,9178.0,23507.0,40.5,3.6,40.5,1352.0,109.0,251.0,664.0,328.0,1428.0,137.0,200.0,761.0,330.0,244250.0,293266.0,83598.0,1383277.0,2640024.0,1.41,18199.7,21308.1,6752.4,5566.6,3211.6,3142.7,2784.8665,5614.1081,3716753.73,147.3347074,5792.32,1.27543754,29.49158799,4.83,4.62,4.51,4.3,4.2,3.91,4.1,4.95,5.63,-0.21,-0.32,-0.53,-0.63,-0.92,-0.73,0.12,0.8,115.6222,0.8613,149.8909,1.3043,1.3757,257.362,273.413,253.975,244.736,71.99,288.937,315.564,131.706,269.319,567.835,222.085,122.33,407.912,312.944,283.806,303.377,124.494,105.427,119.223,129.521,31.53,36.27,28.07,70.5,554919.46,937096.1,5393.6275,19.9478
11/1/2024,20316.65,16590.1,122.639,1535297.0,712145.0,101.9503,99.3545,98.8365,100.837,102.2327,100.4149,89.4378,105.0645,97.1939,97.8628,98.5367,100.4345,89.4179,76.0917,8031.0,1.127791041,168304.0,161183.0,4.2,23.6,2208.0,2063.0,2890.0,1236.0,1654.0,219400,158619.0,21669.0,585.8,8274.0,12770.0,7925.0,4845.0,136950.0,28952.0,6165.7,15503.1,9194.0,23524.0,40.5,3.6,40.7,1295.0,124.0,172.0,711.0,288.0,1508.0,134.0,221.0,814.0,339.0,246465.0,288340.0,82164.0,1384359.0,2646273.0,1.4,18311.5,21407.9,6765.0,5615.9,3256.8,3221.4,2787.555,5618.1266,3720500.05,146.9269946,5929.92,1.253893586,30.05415393,4.64,4.53,4.42,4.31,4.33,4.23,4.36,5.14,5.78,-0.11,-0.23,-0.34,-0.32,-0.42,-0.29,0.49,1.13,118.2611,0.8809,153.7126,1.2738,1.3973,259.459,276.252,254.14,244.73,69.95,282.345,316.449,131.814,270.229,569.16,222.652,122.563,409.02,313.801,284.507,304.24,124.637,105.364,119.235,129.744,31.59,36.26,28.22,71.8,556011.41,938335.2,5381.0274,15.9822
12/1/2024,20338.298,16606.6,123.512,1547485.0,717662.0,103.0447,100.4234,99.9346,101.6683,100.6563,101.8896,91.4378,106.1895,97.8221,98.6748,98.9399,111.6507,91.4047,76.3162,7508.0,1.090328202,168547.0,161661.0,4.1,23.7,2156.0,1997.0,2758.0,1207.0,1551.0,222250,158942.0,21673.0,585.0,8289.0,12760.0,7910.0,4850.0,137269.0,29033.0,6178.7,15537.5,9206.0,23560.0,40.5,3.6,40.9,1514.0,148.0,204.0,883.0,279.0,1480.0,144.0,221.0,804.0,311.0,246246.0,290559.0,83501.0,1385403.0,2639314.0,1.39,18341.3,21424.5,6745.7,5603.5,3240.4,3224.5,2765.6233,5621.0118,3652966.85,143.7123543,6010.91,1.244940822,30.30559634,4.48,4.46,4.27,4.19,4.23,4.25,4.39,5.2,5.8,-0.02,-0.21,-0.29,-0.25,-0.23,-0.09,0.72,1.32,119.8771,0.8916,153.8143,1.2647,1.4247,261.404,278.828,254.562,251.864,70.12,284.614,317.603,131.986,273.452,569.902,223.7,122.394,410.191,314.982,285.695,305.411,124.979,104.852,119.756,130.198,31.72,36.43,28.33,74.0,559364.75,943484.76,5368.1367,15.6997
1/1/2025,20388.396,16635.4,122.767,1531801.0,711461.0,102.8805,100.6125,100.1338,101.5923,98.5588,102.3536,92.5094,105.5851,96.9982,96.6971,98.5298,118.1227,89.5525,75.9293,7762.0,1.133304132,170744.0,163895.0,4.0,22.0,2290.0,1935.0,2604.0,1161.0,1443.0,213500,159053.0,21662.0,581.6,8286.0,12755.0,7903.0,4852.0,137391.0,29087.0,6174.4,15573.2,9220.0,23592.0,40.5,3.5,40.7,1358.0,94.0,179.0,698.0,387.0,1460.0,133.0,220.0,796.0,311.0,246197.0,291195.0,87026.0,1386036.0,2648899.0,1.4,18422.6,21492.4,6735.6,5613.5,3255.6,3249.1,2665.5488,5623.8552,3655427.04,142.9548519,5979.52,1.258797,29.79873093,4.33,4.33,4.21,4.15,4.18,4.43,4.63,5.46,6.08,0.0,-0.12,-0.18,-0.15,0.1,0.3,1.13,1.75,121.4927,0.9096,156.4819,1.2354,1.4389,262.884,280.56,257.209,266.351,75.74,286.942,319.086,130.16,276.799,571.234,224.629,122.852,412.259,316.507,287.136,306.906,125.417,105.175,120.459,130.571,31.91,36.56,28.58,71.7,559708.93,944674.17,5367.218,16.8122
2/1/2025,20413.875,16600.6,122.62,1542684.0,711757.0,103.8705,101.7437,101.4848,102.7888,102.7106,102.761,94.4471,106.3981,98.3426,97.2915,99.657,117.1882,87.9208,76.7201,7480.0,1.060692002,170359.0,163307.0,4.1,21.3,2337.0,2152.0,2486.0,1031.0,1455.0,226000,159155.0,21686.0,585.8,8298.0,12763.0,7909.0,4854.0,137469.0,29109.0,6181.5,15569.4,9235.0,23587.0,40.6,3.7,41.0,1490.0,135.0,127.0,820.0,408.0,1454.0,117.0,239.0,803.0,295.0,248532.0,293985.0,84840.0,1386126.0,2653551.0,1.39,18481.5,21564.6,6743.7,5613.3,3261.2,3256.0,2673.2699,5636.8291,3653056.88,142.1124309,6038.69,1.253709,29.78125822,4.33,4.34,4.22,4.19,4.19,4.28,4.45,5.32,5.92,0.01,-0.11,-0.14,-0.14,-0.05,0.12,0.99,1.59,120.2729,0.9034,151.5716,1.2542,1.4299,263.342,281.008,258.232,266.893,71.53,301.002,319.775,130.935,275.729,572.797,224.844,122.79,413.522,317.217,287.653,307.553,125.921,105.602,120.62,131.198,31.98,36.66,28.64,64.7,556936.5,941205.75,5389.3933,17.0705
3/1/2025,20547.128,16695.4,123.575,1563633.0,722572.0,103.5408,101.5515,101.2219,101.8943,102.4664,101.6935,95.9005,105.8977,98.7539,97.325,100.1799,102.0314,88.4859,77.0472,7200.0,1.016518424,170591.0,163508.0,4.2,22.8,2362.0,2146.0,2501.0,1006.0,1495.0,223200,159275.0,21691.0,585.3,8303.0,12764.0,7907.0,4857.0,137584.0,29101.0,6176.7,15585.8,9238.0,23593.0,40.8,3.7,41.1,1355.0,148.0,223.0,696.0,288.0,1481.0,119.0,209.0,834.0,319.0,247455.0,316215.0,107940.0,1407831.0,2655706.0,1.38,18504.8,21636.8,6769.6,5774.8,3408.3,3403.8,2678.0455,5639.6397,3728304.91,144.0762719,5683.98,1.339647,27.77083987,4.33,4.29,4.2,4.1,4.06,4.04,4.28,5.29,5.93,-0.04,-0.13,-0.23,-0.27,-0.29,-0.05,0.96,1.6,117.7286,0.8836,149.0576,1.2913,1.4356,259.966,275.889,258.055,256.365,68.24,320.136,319.615,131.415,270.791,573.966,223.84,122.772,414.261,316.815,287.08,307.329,125.941,105.55,119.757,131.519,32.19,36.8,28.88,57.0,554966.69,938997.88,5432.5721,21.6579
4/1/2025,20698.762,16739.9,123.748,1555663.0,721789.0,103.6224,101.3671,101.1112,101.6979,101.093,101.8106,96.2481,106.3098,98.966,96.9367,99.7414,108.3207,88.1164,76.6375,7395.0,1.031956461,171135.0,163969.0,4.2,23.2,2187.0,2269.0,2662.0,987.0,1675.0,226000,159433.0,21693.0,586.0,8303.0,12764.0,7910.0,4854.0,137740.0,29099.0,6178.0,15590.5,9243.0,23618.0,40.7,3.6,40.9,1398.0,183.0,232.0,746.0,237.0,1422.0,136.0,194.0,762.0,330.0,243147.0,295229.0,87169.0,1407699.0,2656059.0,1.38,18618.7,21770.5,6796.5,5732.4,3355.0,3350.3,2671.6721,5645.9948,3738065.5,143.1578232,5369.5,1.425587642,25.93403246,4.33,4.32,4.21,4.05,3.95,3.91,4.28,5.45,6.18,-0.01,-0.12,-0.28,-0.38,-0.42,-0.05,1.12,1.85,113.9881,0.8337,144.1286,1.3144,1.3981,259.518,274.896,258.794,246.839,63.54,310.074,320.321,131.156,270.671,576.785,223.805,122.969,415.719,317.665,287.535,307.933,126.15,106.066,119.658,131.767,32.22,36.96,28.78,52.2,554202.33,940017.85,5500.0706,32.5116
5/1/2025,20581.743,16703.7,123.575,1550522.0,716101.0,103.657,101.4038,101.1856,101.5808,102.5239,101.282,97.1282,106.3416,99.3357,96.7366,99.8909,106.3146,88.7944,76.6804,7712.0,1.065634932,170510.0,163273.0,4.2,21.8,2451.0,2208.0,2495.0,1039.0,1457.0,234000,159452.0,21680.0,582.9,8305.0,12753.0,7902.0,4851.0,137772.0,29088.0,6179.6,15575.7,9250.0,23568.0,40.7,3.6,41.0,1282.0,104.0,183.0,699.0,296.0,1394.0,123.0,217.0,742.0,312.0,243662.0,344069.0,130657.0,1455660.0,2655931.0,1.39,18649.5,21827.4,6808.7,5648.1,3263.0,3258.9,2680.2957,5658.7011,3747181.0,144.0602894,5810.92,1.324204084,27.76858743,4.33,4.29,4.25,4.13,4.09,4.02,4.42,5.54,6.29,-0.04,-0.08,-0.2,-0.24,-0.31,0.09,1.21,1.96,113.3019,0.8299,144.8762,1.3358,1.3867,260.199,275.55,259.016,242.549,62.17,324.255,320.58,130.599,268.815,578.236,223.528,122.836,416.489,317.82,287.493,308.135,126.38,106.088,119.78,132.071,32.31,37.08,28.87,52.2,551875.11,938072.4,5526.317,20.362
6/1/2025,20575.971,16664.7,123.894,1556845.0,723033.0,104.2115,101.7271,101.5445,101.9628,101.0181,102.1649,97.3516,107.1823,99.4164,97.727,100.1459,109.986,88.421,76.804,7357.0,1.048752673,170380.0,163366.0,4.1,23.0,2241.0,2131.0,2710.0,1063.0,1647.0,241250,159439.0,21659.0,581.5,8303.0,12736.0,7887.0,4849.0,137780.0,29075.0,6167.5,15570.7,9244.0,23582.0,40.6,3.7,41.0,1382.0,173.0,191.0,707.0,311.0,1393.0,103.0,218.0,775.0,297.0,245926.0,311761.0,98835.0,1469146.0,2660978.0,1.38,18745.4,21942.4,6825.0,5748.2,3356.0,3349.8,2687.3672,5667.66,3742429.93,143.5057837,6029.95,1.28276322,28.47018432,4.33,4.31,4.23,4.14,4.06,3.96,4.38,5.46,6.15,-0.02,-0.1,-0.19,-0.27,-0.37,0.05,1.13,1.82,111.3893,0.8132,144.4835,1.3577,1.3668,261.384,276.914,259.17,248.145,68.17,343.45,321.5,131.161,269.016,580.978,224.24,122.95,417.673,318.711,288.495,308.968,126.743,106.59,120.208,132.386,32.4,37.23,28.94,60.7,549283.48,935869.43,5555.202,18.3246
7/1/2025,20625.729,16718.9,124.37,1565742.0,727414.0,103.8194,101.4573,101.4961,101.7345,100.6594,101.9714,97.797,106.639,99.1416,97.7907,100.0394,108.63,89.4647,76.6507,7208.0,0.996130459,170342.0,163106.0,4.2,24.1,2299.0,2034.0,2993.0,1167.0,1826.0,221250,159518.0,21651.0,577.4,8302.0,12734.0,7892.0,4842.0,137867.0,29080.0,6159.2,15577.9,9253.0,23584.0,40.7,3.7,41.1,1429.0,98.0,247.0,844.0,240.0,1362.0,125.0,221.0,742.0,274.0,246076.0,303198.0,90377.0,1469421.0,2666690.0,1.37,18798.9,22028.8,6838.4,5740.0,3340.3,3333.0,2675.1734,5672.8137,3749312.19,143.1898699,6296.5,1.234443,29.4327004,4.33,4.28,4.25,4.13,4.08,3.95,4.39,5.45,6.1,-0.05,-0.08,-0.2,-0.25,-0.38,0.06,1.12,1.77,111.0712,0.7989,147.2014,1.3489,1.3691,262.512,278.279,260.972,253.749,68.39,371.304,322.132,131.253,269.099,584.77,224.168,123.397,419.057,319.413,289.002,309.447,126.949,106.471,120.036,132.778,32.47,37.28,29.01,61.7,547387.45,933474.65,5585.9854,16.4718
8/1/2025,20646.475,16726.7,124.805,,732010.0,103.9203,101.5916,101.7216,102.1138,101.2996,102.2814,97.7058,106.6984,99.3446,97.6434,100.2786,106.1261,91.4839,76.7622,7227.0,0.978737812,170778.0,163394.0,4.3,24.5,2476.0,2049.0,2977.0,1047.0,1930.0,230000,159540.0,21626.0,571.9,8295.0,12722.0,7873.0,4849.0,137914.0,29082.0,6147.5,15588.4,9250.0,23568.0,40.6,3.8,40.9,1307.0,107.0,220.0,667.0,313.0,1330.0,121.0,202.0,699.0,308.0,,312059.0,94952.0,1479022.0,,,18836.4,22108.4,6837.0,5686.1,3281.9,3275.5,2685.1929,5676.9643,3755633.42,142.9089692,6408.95,1.21866,,4.33,4.22,4.12,3.94,3.89,3.79,4.26,5.35,6.0,-0.11,-0.21,-0.39,-0.44,-0.54,-0.07,1.02,1.67,111.5216,0.8058,147.4786,1.3456,1.3797,262.65,278.273,261.972,250.836,64.86,376.617,323.364,131.912,271.635,583.832,225.207,123.914,420.395,320.597,290.022,310.784,127.285,106.392,120.329,133.209,32.56,37.47,29.03,58.2,543851.23,931775.84,5624.5838,15.7545
9/1/2025,,,,,,,,,,,,,,,,,,,,,,,,,,,,,,,238000,,,,,,,,,,,,,,,,,,,,,,,,,,,,,,,,,18912.8,22212.5,6847.9,5478.0,3068.1,3061.6,2695.8584,5683.0882,,,6584.02,1.191977,,4.22,4.1,3.92,3.75,3.66,3.66,4.12,5.21,5.83,-0.12,-0.31,-0.48,-0.57,-0.57,-0.11,0.98,1.6,111.0755,0.7961,147.8629,1.3506,1.3834,,,,,63.96,,324.368,132.871,273.892,585.097,226.412,124.316,421.205,321.625,291.09,311.775,,,,,,,,55.1,,,5643.8607,15.6325
